well_id,prod_date,inj_volume,pump_pressure,layer_split
X-26,2025-09-01,73.74,15.96,P2:35:P3:65
X-26,2025-09-02,74.2,16.34,P2:35:P3:65
X-26,2025-09-03,72.79,16.0,P2:35:P3:65
X-26,2025-09-04,76.42,16.49,P2:35:P3:65
X-26,2025-09-05,79.29,16.49,P2:35:P3:65
X-26,2025-09-06,76.28,17.04,P2:35:P3:65
X-26,2025-09-07,73.42,16.59,P2:35:P3:65
X-26,2025-09-08,70.41,16.57,P2:35:P3:65
X-26,2025-09-09,72.81,16.5,P2:35:P3:65
X-26,2025-09-10,70.89,16.53,P2:35:P3:65
X-26,2025-09-11,74.09,17.11,P2:35:P3:65
X-26,2025-09-12,78.36,16.36,P2:35:P3:65
X-26,2025-09-13,78.14,16.69,P2:35:P3:65
X-26,2025-09-14,78.99,16.1,P2:35:P3:65
X-26,2025-09-15,68.36,15.99,P2:35:P3:65
X-26,2025-09-16,70.05,16.68,P2:35:P3:65
X-26,2025-09-17,76.91,16.13,P2:35:P3:65
X-26,2025-09-18,74.54,16.41,P2:35:P3:65
X-26,2025-09-19,78.85,16.65,P2:35:P3:65
X-26,2025-09-20,72.33,16.25,P2:35:P3:65
X-26,2025-09-21,78.7,16.79,P2:35:P3:65
X-26,2025-09-22,74.93,16.57,P2:35:P3:65
X-26,2025-09-23,69.71,16.75,P2:35:P3:65
X-26,2025-09-24,78.03,17.03,P2:35:P3:65
X-26,2025-09-25,76.04,16.46,P2:35:P3:65
X-26,2025-09-26,72.24,16.4,P2:35:P3:65
X-26,2025-09-27,78.45,16.64,P2:35:P3:65
X-26,2025-09-28,74.52,16.84,P2:35:P3:65
X-26,2025-09-29,74.75,15.72,P2:35:P3:65
X-26,2025-09-30,77.35,15.98,P2:35:P3:65
X-26,2025-10-01,78.22,16.53,P2:35:P3:65
X-26,2025-10-02,78.71,16.11,P2:35:P3:65
X-26,2025-10-03,78.39,16.55,P2:35:P3:65
X-26,2025-10-04,73.44,16.17,P2:35:P3:65
X-26,2025-10-05,76.68,16.53,P2:35:P3:65
X-26,2025-10-06,71.64,16.76,P2:35:P3:65
X-26,2025-10-07,77.28,16.75,P2:35:P3:65
X-26,2025-10-08,72.9,16.2,P2:35:P3:65
X-26,2025-10-09,73.38,16.55,P2:35:P3:65
X-26,2025-10-10,76.78,16.28,P2:35:P3:65
X-26,2025-10-11,79.29,16.5,P2:35:P3:65
X-26,2025-10-12,82.49,16.51,P2:35:P3:65
X-26,2025-10-13,70.71,16.89,P2:35:P3:65
X-26,2025-10-14,73.2,16.61,P2:35:P3:65
X-26,2025-10-15,73.59,16.05,P2:35:P3:65
X-26,2025-10-16,81.17,16.31,P2:35:P3:65
X-26,2025-10-17,76.67,16.61,P2:35:P3:65
X-26,2025-10-18,72.11,16.57,P2:35:P3:65
X-26,2025-10-19,71.03,16.74,P2:35:P3:65
X-26,2025-10-20,69.7,16.96,P2:35:P3:65
X-26,2025-10-21,76.41,16.65,P2:35:P3:65
X-26,2025-10-22,75.76,16.26,P2:35:P3:65
X-26,2025-10-23,78.25,16.28,P2:35:P3:65
X-26,2025-10-24,76.06,17.32,P2:35:P3:65
X-26,2025-10-25,72.75,16.5,P2:35:P3:65
X-26,2025-10-26,74.69,16.59,P2:35:P3:65
X-26,2025-10-27,77.14,16.65,P2:35:P3:65
X-26,2025-10-28,75.77,17.0,P2:35:P3:65
X-26,2025-10-29,78.69,16.35,P2:35:P3:65
X-26,2025-10-30,77.02,16.43,P2:35:P3:65
X-26,2025-10-31,77.82,16.6,P2:35:P3:65
X-26,2025-11-01,81.13,16.75,P2:35:P3:65
X-26,2025-11-02,75.9,16.33,P2:35:P3:65
X-26,2025-11-03,78.27,16.4,P2:35:P3:65
X-26,2025-11-04,76.48,16.58,P2:35:P3:65
X-26,2025-11-05,72.76,16.65,P2:35:P3:65
X-26,2025-11-06,76.22,16.94,P2:35:P3:65
X-26,2025-11-07,78.42,16.26,P2:35:P3:65
X-26,2025-11-08,75.7,16.13,P2:35:P3:65
X-26,2025-11-09,71.82,16.24,P2:35:P3:65
X-26,2025-11-10,70.95,16.34,P2:35:P3:65
X-26,2025-11-11,77.03,16.76,P2:35:P3:65
X-26,2025-11-12,81.21,16.36,P2:35:P3:65
X-26,2025-11-13,73.72,16.37,P2:35:P3:65
X-26,2025-11-14,73.83,17.29,P2:35:P3:65
X-26,2025-11-15,77.21,16.25,P2:35:P3:65
X-26,2025-11-16,74.06,17.19,P2:35:P3:65
X-26,2025-11-17,70.43,16.15,P2:35:P3:65
X-26,2025-11-18,74.42,16.39,P2:35:P3:65
X-26,2025-11-19,74.69,16.57,P2:35:P3:65
X-26,2025-11-20,82.48,16.64,P2:35:P3:65
X-26,2025-11-21,71.51,16.34,P2:35:P3:65
X-26,2025-11-22,78.37,16.18,P2:35:P3:65
X-26,2025-11-23,72.0,16.95,P2:35:P3:65
X-26,2025-11-24,70.82,15.55,P2:35:P3:65
X-26,2025-11-25,74.5,16.59,P2:35:P3:65
X-26,2025-11-26,74.27,16.57,P2:35:P3:65
X-26,2025-11-27,68.56,16.73,P2:35:P3:65
X-26,2025-11-28,80.72,16.51,P2:35:P3:65
X-26,2025-11-29,74.48,16.85,P2:35:P3:65
X-26,2025-11-30,70.43,16.06,P2:35:P3:65
X-26,2025-12-01,74.39,16.74,P2:35:P3:65
X-26,2025-12-02,75.03,16.26,P2:35:P3:65
X-26,2025-12-03,74.22,16.68,P2:35:P3:65
X-26,2025-12-04,74.82,16.33,P2:35:P3:65
X-26,2025-12-05,78.11,16.56,P2:35:P3:65
X-26,2025-12-06,66.08,16.01,P2:35:P3:65
X-26,2025-12-07,72.94,16.64,P2:35:P3:65
X-26,2025-12-08,78.68,16.23,P2:35:P3:65
X-26,2025-12-09,72.52,16.9,P2:35:P3:65
X-26,2025-12-10,76.82,16.68,P2:35:P3:65
X-26,2025-12-11,69.61,16.74,P2:35:P3:65
X-26,2025-12-12,74.2,16.63,P2:35:P3:65
X-26,2025-12-13,76.41,16.6,P2:35:P3:65
X-26,2025-12-14,74.99,16.16,P2:35:P3:65
X-26,2025-12-15,76.38,16.55,P2:35:P3:65
X-26,2025-12-16,76.15,16.22,P2:35:P3:65
X-26,2025-12-17,78.66,16.85,P2:35:P3:65
X-26,2025-12-18,78.31,16.39,P2:35:P3:65
X-26,2025-12-19,71.09,16.11,P2:35:P3:65
X-26,2025-12-20,74.76,16.39,P2:35:P3:65
X-26,2025-12-21,75.43,16.58,P2:35:P3:65
X-26,2025-12-22,74.04,16.31,P2:35:P3:65
X-26,2025-12-23,75.28,16.47,P2:35:P3:65
X-26,2025-12-24,72.57,16.77,P2:35:P3:65
X-26,2025-12-25,71.82,16.32,P2:35:P3:65
X-26,2025-12-26,74.7,16.72,P2:35:P3:65
X-26,2025-12-27,75.74,16.15,P2:35:P3:65
X-26,2025-12-28,75.21,15.95,P2:35:P3:65
X-26,2025-12-29,71.77,16.13,P2:35:P3:65
X-26,2025-12-30,74.32,16.65,P2:35:P3:65
X-26,2025-12-31,76.89,16.42,P2:35:P3:65
X-26,2026-01-01,72.41,16.47,P2:35:P3:65
X-26,2026-01-02,74.72,16.36,P2:35:P3:65
X-26,2026-01-03,77.06,16.73,P2:35:P3:65
X-26,2026-01-04,75.57,16.89,P2:35:P3:65
X-26,2026-01-05,65.76,16.52,P2:35:P3:65
X-26,2026-01-06,78.24,16.46,P2:35:P3:65
X-26,2026-01-07,73.42,16.9,P2:35:P3:65
X-26,2026-01-08,75.29,16.33,P2:35:P3:65
X-26,2026-01-09,72.97,16.41,P2:35:P3:65
X-26,2026-01-10,73.26,16.75,P2:35:P3:65
X-26,2026-01-11,72.26,16.77,P2:35:P3:65
X-26,2026-01-12,75.84,16.38,P2:35:P3:65
X-26,2026-01-13,70.59,16.79,P2:35:P3:65
X-26,2026-01-14,72.69,16.29,P2:35:P3:65
X-26,2026-01-15,70.91,16.64,P2:35:P3:65
X-26,2026-01-16,73.66,15.77,P2:35:P3:65
X-26,2026-01-17,73.18,16.7,P2:35:P3:65
X-26,2026-01-18,75.57,15.77,P2:35:P3:65
X-26,2026-01-19,75.45,16.51,P2:35:P3:65
X-26,2026-01-20,73.52,16.46,P2:35:P3:65
X-26,2026-01-21,70.46,16.93,P2:35:P3:65
X-26,2026-01-22,68.7,16.45,P2:35:P3:65
X-26,2026-01-23,0.0,0.0,P2:35:P3:65
X-26,2026-01-24,75.95,16.43,P2:35:P3:65
X-26,2026-01-25,76.52,16.41,P2:35:P3:65
X-26,2026-01-26,76.38,16.67,P2:35:P3:65
X-26,2026-01-27,74.16,16.57,P2:35:P3:65
X-26,2026-01-28,71.64,16.43,P2:35:P3:65
X-26,2026-01-29,69.76,16.38,P2:35:P3:65
X-26,2026-01-30,75.29,16.8,P2:35:P3:65
X-26,2026-01-31,73.77,16.51,P2:35:P3:65
X-26,2026-02-01,71.96,16.13,P2:35:P3:65
X-26,2026-02-02,75.33,16.91,P2:35:P3:65
X-26,2026-02-03,73.57,16.95,P2:35:P3:65
X-26,2026-02-04,73.23,16.66,P2:35:P3:65
X-26,2026-02-05,75.0,16.47,P2:35:P3:65
X-26,2026-02-06,72.92,16.49,P2:35:P3:65
X-26,2026-02-07,68.59,16.31,P2:35:P3:65
X-26,2026-02-08,77.71,16.84,P2:35:P3:65
X-26,2026-02-09,74.96,16.57,P2:35:P3:65
X-26,2026-02-10,78.85,16.63,P2:35:P3:65
X-26,2026-02-11,73.6,16.88,P2:35:P3:65
X-26,2026-02-12,70.8,16.09,P2:35:P3:65
X-26,2026-02-13,71.58,16.78,P2:35:P3:65
X-26,2026-02-14,76.5,16.1,P2:35:P3:65
X-26,2026-02-15,73.61,17.07,P2:35:P3:65
X-26,2026-02-16,73.67,16.09,P2:35:P3:65
X-26,2026-02-17,74.02,16.56,P2:35:P3:65
X-26,2026-02-18,70.36,16.11,P2:35:P3:65
X-26,2026-02-19,74.47,16.84,P2:35:P3:65
X-26,2026-02-20,83.94,16.44,P2:35:P3:65
X-26,2026-02-21,82.13,16.27,P2:35:P3:65
X-26,2026-02-22,75.32,15.72,P2:35:P3:65
X-26,2026-02-23,73.11,16.35,P2:35:P3:65
X-26,2026-02-24,73.47,15.84,P2:35:P3:65
X-26,2026-02-25,76.85,16.27,P2:35:P3:65
X-26,2026-02-26,79.67,16.25,P2:35:P3:65
X-26,2026-02-27,77.58,16.2,P2:35:P3:65
X-26,2026-02-28,74.1,16.25,P2:35:P3:65
X-26,2026-03-01,69.56,16.67,P2:35:P3:65
X-26,2026-03-02,73.64,16.49,P2:35:P3:65
X-26,2026-03-03,76.43,16.53,P2:35:P3:65
X-26,2026-03-04,75.11,17.01,P2:35:P3:65
X-26,2026-03-05,75.29,16.34,P2:35:P3:65
X-26,2026-03-06,77.76,17.19,P2:35:P3:65
X-26,2026-03-07,78.0,15.99,P2:35:P3:65
X-26,2026-03-08,70.57,16.57,P2:35:P3:65
X-26,2026-03-09,76.37,16.7,P2:35:P3:65
X-26,2026-03-10,72.57,16.75,P2:35:P3:65
X-26,2026-03-11,68.82,16.13,P2:35:P3:65
X-26,2026-03-12,71.02,16.5,P2:35:P3:65
X-26,2026-03-13,72.71,16.62,P2:35:P3:65
X-26,2026-03-14,77.6,17.09,P2:35:P3:65
X-26,2026-03-15,75.4,15.85,P2:35:P3:65
X-26,2026-03-16,77.8,16.35,P2:35:P3:65
X-26,2026-03-17,78.02,16.46,P2:35:P3:65
X-26,2026-03-18,75.58,16.68,P2:35:P3:65
X-26,2026-03-19,72.73,16.18,P2:35:P3:65
X-26,2026-03-20,74.84,16.62,P2:35:P3:65
X-26,2026-03-21,73.58,17.02,P2:35:P3:65
X-26,2026-03-22,74.83,16.61,P2:35:P3:65
X-26,2026-03-23,72.56,16.7,P2:35:P3:65
X-26,2026-03-24,77.72,16.56,P2:35:P3:65
X-26,2026-03-25,70.89,16.4,P2:35:P3:65
X-26,2026-03-26,70.35,16.93,P2:35:P3:65
X-26,2026-03-27,72.23,16.01,P2:35:P3:65
X-26,2026-03-28,68.97,17.0,P2:35:P3:65
X-26,2026-03-29,75.59,16.58,P2:35:P3:65
X-26,2026-03-30,77.84,15.82,P2:35:P3:65
X-26,2026-03-31,77.65,16.58,P2:35:P3:65
X-26,2026-04-01,72.93,16.34,P2:35:P3:65
X-26,2026-04-02,72.05,16.05,P2:35:P3:65
X-26,2026-04-03,71.02,16.42,P2:35:P3:65
X-26,2026-04-04,76.0,16.94,P2:35:P3:65
X-26,2026-04-05,71.96,16.47,P2:35:P3:65
X-26,2026-04-06,75.78,16.29,P2:35:P3:65
X-26,2026-04-07,77.64,16.41,P2:35:P3:65
X-26,2026-04-08,77.23,16.55,P2:35:P3:65
X-26,2026-04-09,72.01,15.91,P2:35:P3:65
X-26,2026-04-10,78.19,16.75,P2:35:P3:65
X-26,2026-04-11,76.39,16.53,P2:35:P3:65
X-26,2026-04-12,84.58,16.26,P2:35:P3:65
X-26,2026-04-13,73.42,16.6,P2:35:P3:65
X-26,2026-04-14,79.73,17.11,P2:35:P3:65
X-26,2026-04-15,75.66,16.34,P2:35:P3:65
X-26,2026-04-16,71.44,15.87,P2:35:P3:65
X-26,2026-04-17,76.4,16.73,P2:35:P3:65
X-26,2026-04-18,79.51,16.17,P2:35:P3:65
X-26,2026-04-19,74.58,16.74,P2:35:P3:65
X-26,2026-04-20,77.19,16.73,P2:35:P3:65
X-26,2026-04-21,76.56,16.45,P2:35:P3:65
X-26,2026-04-22,72.24,16.59,P2:35:P3:65
X-26,2026-04-23,78.52,16.28,P2:35:P3:65
X-26,2026-04-24,74.28,16.34,P2:35:P3:65
X-26,2026-04-25,74.96,16.8,P2:35:P3:65
X-26,2026-04-26,75.81,16.51,P2:35:P3:65
X-26,2026-04-27,76.82,16.42,P2:35:P3:65
X-26,2026-04-28,72.43,16.57,P2:35:P3:65
X-26,2026-04-29,75.48,16.05,P2:35:P3:65
X-26,2026-04-30,71.19,16.54,P2:35:P3:65
X-26,2026-05-01,73.94,16.8,P2:35:P3:65
X-26,2026-05-02,0.0,0.0,P2:35:P3:65
X-26,2026-05-03,71.86,16.05,P2:35:P3:65
X-26,2026-05-04,70.64,16.87,P2:35:P3:65
X-26,2026-05-05,71.58,16.88,P2:35:P3:65
X-26,2026-05-06,69.92,17.22,P2:35:P3:65
X-26,2026-05-07,71.1,16.12,P2:35:P3:65
X-26,2026-05-08,73.39,16.46,P2:35:P3:65
X-26,2026-05-09,73.55,17.14,P2:35:P3:65
X-26,2026-05-10,71.61,16.39,P2:35:P3:65
X-26,2026-05-11,70.71,16.2,P2:35:P3:65
X-26,2026-05-12,78.58,16.21,P2:35:P3:65
X-26,2026-05-13,76.3,16.69,P2:35:P3:65
X-26,2026-05-14,79.33,16.26,P2:35:P3:65
X-26,2026-05-15,72.31,16.87,P2:35:P3:65
X-26,2026-05-16,73.74,16.67,P2:35:P3:65
X-26,2026-05-17,68.82,16.74,P2:35:P3:65
X-26,2026-05-18,79.43,16.35,P2:35:P3:65
X-26,2026-05-19,77.74,16.69,P2:35:P3:65
X-26,2026-05-20,73.32,16.34,P2:35:P3:65
X-26,2026-05-21,71.48,16.43,P2:35:P3:65
X-26,2026-05-22,71.42,16.64,P2:35:P3:65
X-26,2026-05-23,74.28,16.51,P2:35:P3:65
X-26,2026-05-24,74.29,16.42,P2:35:P3:65
X-26,2026-05-25,74.83,16.4,P2:35:P3:65
X-26,2026-05-26,78.25,16.44,P2:35:P3:65
X-26,2026-05-27,73.39,16.44,P2:35:P3:65
X-26,2026-05-28,74.86,16.81,P2:35:P3:65
X-26,2026-05-29,68.98,17.2,P2:35:P3:65
X-26,2026-05-30,71.99,16.51,P2:35:P3:65
X-26,2026-05-31,75.08,16.01,P2:35:P3:65
X-26,2026-06-01,76.94,16.44,P2:35:P3:65
X-26,2026-06-02,74.19,16.55,P2:35:P3:65
X-26,2026-06-03,76.97,16.83,P2:35:P3:65
X-26,2026-06-04,77.85,15.78,P2:35:P3:65
X-26,2026-06-05,71.06,16.49,P2:35:P3:65
X-26,2026-06-06,75.24,16.87,P2:35:P3:65
X-26,2026-06-07,69.99,16.59,P2:35:P3:65
X-26,2026-06-08,79.27,16.51,P2:35:P3:65
X-26,2026-06-09,79.64,17.11,P2:35:P3:65
X-26,2026-06-10,72.62,16.43,P2:35:P3:65
X-26,2026-06-11,77.8,16.76,P2:35:P3:65
X-26,2026-06-12,73.07,16.64,P2:35:P3:65
X-26,2026-06-13,74.38,16.52,P2:35:P3:65
X-26,2026-06-14,72.09,16.11,P2:35:P3:65
X-26,2026-06-15,74.1,16.23,P2:35:P3:65
X-26,2026-06-16,72.31,16.46,P2:35:P3:65
X-26,2026-06-17,76.66,16.94,P2:35:P3:65
X-26,2026-06-18,74.12,16.16,P2:35:P3:65
X-26,2026-06-19,70.82,16.94,P2:35:P3:65
X-26,2026-06-20,77.06,16.29,P2:35:P3:65
X-26,2026-06-21,75.17,16.54,P2:35:P3:65
X-26,2026-06-22,74.17,16.65,P2:35:P3:65
X-26,2026-06-23,78.83,16.37,P2:35:P3:65
X-26,2026-06-24,79.27,16.48,P2:35:P3:65
X-26,2026-06-25,74.66,16.14,P2:35:P3:65
X-26,2026-06-26,70.1,16.33,P2:35:P3:65
X-26,2026-06-27,79.81,16.48,P2:35:P3:65
X-26,2026-06-28,75.86,17.13,P2:35:P3:65
X-26,2026-06-29,77.76,16.65,P2:35:P3:65
X-26,2026-06-30,73.45,17.07,P2:35:P3:65
X-26,2026-07-01,74.12,16.55,P2:35:P3:65
X-26,2026-07-02,73.08,16.6,P2:35:P3:65
X-26,2026-07-03,75.99,16.67,P2:35:P3:65
X-26,2026-07-04,76.23,16.86,P2:35:P3:65
X-26,2026-07-05,71.34,16.17,P2:35:P3:65
X-26,2026-07-06,76.07,16.32,P2:35:P3:65
X-26,2026-07-07,72.08,16.04,P2:35:P3:65
X-26,2026-07-08,74.87,16.39,P2:35:P3:65
X-26,2026-07-09,73.12,16.07,P2:35:P3:65
X-26,2026-07-10,75.84,16.71,P2:35:P3:65
X-26,2026-07-11,69.59,16.96,P2:35:P3:65
X-26,2026-07-12,72.21,16.3,P2:35:P3:65
X-26,2026-07-13,70.82,16.63,P2:35:P3:65
X-26,2026-07-14,76.43,16.68,P2:35:P3:65
X-26,2026-07-15,73.29,16.36,P2:35:P3:65
X-26,2026-07-16,74.38,16.68,P2:35:P3:65
X-26,2026-07-17,76.72,16.12,P2:35:P3:65
X-26,2026-07-18,70.84,16.69,P2:35:P3:65
X-26,2026-07-19,72.08,16.2,P2:35:P3:65
X-26,2026-07-20,71.42,16.65,P2:35:P3:65
X-26,2026-07-21,72.44,16.74,P2:35:P3:65
X-26,2026-07-22,70.69,16.62,P2:35:P3:65
X-26,2026-07-23,75.48,16.38,P2:35:P3:65
X-26,2026-07-24,68.72,16.36,P2:35:P3:65
X-26,2026-07-25,0.0,0.0,P2:35:P3:65
X-26,2026-07-26,72.74,16.49,P2:35:P3:65
X-26,2026-07-27,75.99,16.25,P2:35:P3:65
X-26,2026-07-28,74.64,16.43,P2:35:P3:65
X-26,2026-07-29,71.7,16.73,P2:35:P3:65
X-26,2026-07-30,73.85,16.6,P2:35:P3:65
X-26,2026-07-31,78.98,16.09,P2:35:P3:65
X-26,2026-08-01,74.3,16.82,P2:35:P3:65
X-26,2026-08-02,70.18,16.42,P2:35:P3:65
X-26,2026-08-03,71.43,16.14,P2:35:P3:65
X-26,2026-08-04,74.05,15.98,P2:35:P3:65
X-26,2026-08-05,71.44,16.22,P2:35:P3:65
X-26,2026-08-06,75.92,16.81,P2:35:P3:65
X-26,2026-08-07,70.78,17.03,P2:35:P3:65
X-26,2026-08-08,71.22,16.59,P2:35:P3:65
X-26,2026-08-09,74.34,16.4,P2:35:P3:65
X-26,2026-08-10,78.79,16.16,P2:35:P3:65
X-26,2026-08-11,70.31,16.67,P2:35:P3:65
X-26,2026-08-12,75.87,15.93,P2:35:P3:65
X-26,2026-08-13,74.36,16.51,P2:35:P3:65
X-26,2026-08-14,74.02,16.86,P2:35:P3:65
X-26,2026-08-15,68.45,16.64,P2:35:P3:65
X-26,2026-08-16,70.83,16.65,P2:35:P3:65
X-26,2026-08-17,75.78,16.31,P2:35:P3:65
X-26,2026-08-18,70.43,16.69,P2:35:P3:65
X-26,2026-08-19,76.6,16.97,P2:35:P3:65
X-26,2026-08-20,76.4,16.55,P2:35:P3:65
X-26,2026-08-21,72.1,16.81,P2:35:P3:65
X-26,2026-08-22,75.51,17.35,P2:35:P3:65
X-26,2026-08-23,72.94,16.47,P2:35:P3:65
X-26,2026-08-24,76.73,16.64,P2:35:P3:65
X-26,2026-08-25,74.94,16.64,P2:35:P3:65
X-26,2026-08-26,74.89,16.6,P2:35:P3:65
X-26,2026-08-27,77.1,16.77,P2:35:P3:65
X-26,2026-08-28,73.97,16.85,P2:35:P3:65
X-26,2026-08-29,71.09,16.62,P2:35:P3:65
X-26,2026-08-30,72.05,16.44,P2:35:P3:65
X-26,2026-08-31,80.66,16.14,P2:35:P3:65
Z-35,2025-09-01,154.84,14.37,P3:32:P2:37:P1:31
Z-35,2025-09-02,164.94,14.81,P3:32:P2:37:P1:31
Z-35,2025-09-03,148.27,14.48,P3:32:P2:37:P1:31
Z-35,2025-09-04,158.88,14.67,P3:32:P2:37:P1:31
Z-35,2025-09-05,162.52,14.92,P3:32:P2:37:P1:31
Z-35,2025-09-06,151.43,14.55,P3:32:P2:37:P1:31
Z-35,2025-09-07,165.08,14.93,P3:32:P2:37:P1:31
Z-35,2025-09-08,152.06,14.69,P3:32:P2:37:P1:31
Z-35,2025-09-09,145.82,14.64,P3:32:P2:37:P1:31
Z-35,2025-09-10,158.24,14.81,P3:32:P2:37:P1:31
Z-35,2025-09-11,157.8,14.75,P3:32:P2:37:P1:31
Z-35,2025-09-12,150.68,14.66,P3:32:P2:37:P1:31
Z-35,2025-09-13,147.96,14.5,P3:32:P2:37:P1:31
Z-35,2025-09-14,159.3,14.79,P3:32:P2:37:P1:31
Z-35,2025-09-15,154.83,14.24,P3:32:P2:37:P1:31
Z-35,2025-09-16,153.86,14.47,P3:32:P2:37:P1:31
Z-35,2025-09-17,0.0,0.0,P3:32:P2:37:P1:31
Z-35,2025-09-18,154.28,14.91,P3:32:P2:37:P1:31
Z-35,2025-09-19,150.27,14.53,P3:32:P2:37:P1:31
Z-35,2025-09-20,150.64,14.2,P3:32:P2:37:P1:31
Z-35,2025-09-21,159.16,14.75,P3:32:P2:37:P1:31
Z-35,2025-09-22,157.5,14.64,P3:32:P2:37:P1:31
Z-35,2025-09-23,158.6,14.78,P3:32:P2:37:P1:31
Z-35,2025-09-24,146.96,14.59,P3:32:P2:37:P1:31
Z-35,2025-09-25,152.78,15.38,P3:32:P2:37:P1:31
Z-35,2025-09-26,150.35,14.95,P3:32:P2:37:P1:31
Z-35,2025-09-27,150.99,14.73,P3:32:P2:37:P1:31
Z-35,2025-09-28,159.09,14.04,P3:32:P2:37:P1:31
Z-35,2025-09-29,156.52,14.55,P3:32:P2:37:P1:31
Z-35,2025-09-30,147.81,15.11,P3:32:P2:37:P1:31
Z-35,2025-10-01,150.6,14.6,P3:32:P2:37:P1:31
Z-35,2025-10-02,158.77,14.89,P3:32:P2:37:P1:31
Z-35,2025-10-03,156.58,14.42,P3:32:P2:37:P1:31
Z-35,2025-10-04,157.84,14.51,P3:32:P2:37:P1:31
Z-35,2025-10-05,155.22,15.03,P3:32:P2:37:P1:31
Z-35,2025-10-06,154.84,14.9,P3:32:P2:37:P1:31
Z-35,2025-10-07,147.6,15.0,P3:32:P2:37:P1:31
Z-35,2025-10-08,162.35,14.47,P3:32:P2:37:P1:31
Z-35,2025-10-09,144.46,14.52,P3:32:P2:37:P1:31
Z-35,2025-10-10,0.0,0.0,P3:32:P2:37:P1:31
Z-35,2025-10-11,155.48,14.32,P3:32:P2:37:P1:31
Z-35,2025-10-12,162.72,15.1,P3:32:P2:37:P1:31
Z-35,2025-10-13,149.89,14.35,P3:32:P2:37:P1:31
Z-35,2025-10-14,164.82,14.63,P3:32:P2:37:P1:31
Z-35,2025-10-15,152.34,14.37,P3:32:P2:37:P1:31
Z-35,2025-10-16,155.04,14.38,P3:32:P2:37:P1:31
Z-35,2025-10-17,157.62,14.35,P3:32:P2:37:P1:31
Z-35,2025-10-18,156.92,14.68,P3:32:P2:37:P1:31
Z-35,2025-10-19,157.0,13.89,P3:32:P2:37:P1:31
Z-35,2025-10-20,157.14,14.59,P3:32:P2:37:P1:31
Z-35,2025-10-21,154.37,14.27,P3:32:P2:37:P1:31
Z-35,2025-10-22,145.25,14.94,P3:32:P2:37:P1:31
Z-35,2025-10-23,148.67,15.26,P3:32:P2:37:P1:31
Z-35,2025-10-24,148.51,15.33,P3:32:P2:37:P1:31
Z-35,2025-10-25,162.19,14.45,P3:32:P2:37:P1:31
Z-35,2025-10-26,152.71,14.48,P3:32:P2:37:P1:31
Z-35,2025-10-27,169.47,14.48,P3:32:P2:37:P1:31
Z-35,2025-10-28,163.15,14.46,P3:32:P2:37:P1:31
Z-35,2025-10-29,149.06,14.04,P3:32:P2:37:P1:31
Z-35,2025-10-30,149.88,14.46,P3:32:P2:37:P1:31
Z-35,2025-10-31,157.27,14.38,P3:32:P2:37:P1:31
Z-35,2025-11-01,159.03,14.71,P3:32:P2:37:P1:31
Z-35,2025-11-02,160.87,15.2,P3:32:P2:37:P1:31
Z-35,2025-11-03,164.71,15.34,P3:32:P2:37:P1:31
Z-35,2025-11-04,156.63,14.75,P3:32:P2:37:P1:31
Z-35,2025-11-05,153.46,14.64,P3:32:P2:37:P1:31
Z-35,2025-11-06,159.99,14.69,P3:32:P2:37:P1:31
Z-35,2025-11-07,150.79,14.56,P3:32:P2:37:P1:31
Z-35,2025-11-08,156.61,14.66,P3:32:P2:37:P1:31
Z-35,2025-11-09,158.63,15.02,P3:32:P2:37:P1:31
Z-35,2025-11-10,149.64,14.33,P3:32:P2:37:P1:31
Z-35,2025-11-11,167.8,14.49,P3:32:P2:37:P1:31
Z-35,2025-11-12,138.95,14.39,P3:32:P2:37:P1:31
Z-35,2025-11-13,165.61,14.93,P3:32:P2:37:P1:31
Z-35,2025-11-14,151.28,14.39,P3:32:P2:37:P1:31
Z-35,2025-11-15,0.0,0.0,P3:32:P2:37:P1:31
Z-35,2025-11-16,159.16,14.48,P3:32:P2:37:P1:31
Z-35,2025-11-17,141.62,15.09,P3:32:P2:37:P1:31
Z-35,2025-11-18,153.11,14.23,P3:32:P2:37:P1:31
Z-35,2025-11-19,151.44,14.76,P3:32:P2:37:P1:31
Z-35,2025-11-20,152.91,14.84,P3:32:P2:37:P1:31
Z-35,2025-11-21,148.48,14.99,P3:32:P2:37:P1:31
Z-35,2025-11-22,154.95,14.77,P3:32:P2:37:P1:31
Z-35,2025-11-23,154.19,14.47,P3:32:P2:37:P1:31
Z-35,2025-11-24,162.91,14.74,P3:32:P2:37:P1:31
Z-35,2025-11-25,141.72,14.74,P3:32:P2:37:P1:31
Z-35,2025-11-26,152.41,14.54,P3:32:P2:37:P1:31
Z-35,2025-11-27,146.62,14.99,P3:32:P2:37:P1:31
Z-35,2025-11-28,151.55,14.27,P3:32:P2:37:P1:31
Z-35,2025-11-29,159.04,14.83,P3:32:P2:37:P1:31
Z-35,2025-11-30,146.77,14.76,P3:32:P2:37:P1:31
Z-35,2025-12-01,154.74,15.24,P3:32:P2:37:P1:31
Z-35,2025-12-02,152.59,14.74,P3:32:P2:37:P1:31
Z-35,2025-12-03,154.32,14.7,P3:32:P2:37:P1:31
Z-35,2025-12-04,154.99,14.65,P3:32:P2:37:P1:31
Z-35,2025-12-05,160.58,14.62,P3:32:P2:37:P1:31
Z-35,2025-12-06,147.57,14.68,P3:32:P2:37:P1:31
Z-35,2025-12-07,163.36,14.38,P3:32:P2:37:P1:31
Z-35,2025-12-08,139.21,14.62,P3:32:P2:37:P1:31
Z-35,2025-12-09,149.44,14.71,P3:32:P2:37:P1:31
Z-35,2025-12-10,151.55,15.04,P3:32:P2:37:P1:31
Z-35,2025-12-11,162.35,14.45,P3:32:P2:37:P1:31
Z-35,2025-12-12,153.97,14.31,P3:32:P2:37:P1:31
Z-35,2025-12-13,153.26,14.86,P3:32:P2:37:P1:31
Z-35,2025-12-14,157.08,14.48,P3:32:P2:37:P1:31
Z-35,2025-12-15,156.21,15.11,P3:32:P2:37:P1:31
Z-35,2025-12-16,160.68,14.66,P3:32:P2:37:P1:31
Z-35,2025-12-17,155.43,14.77,P3:32:P2:37:P1:31
Z-35,2025-12-18,155.51,14.89,P3:32:P2:37:P1:31
Z-35,2025-12-19,157.26,14.66,P3:32:P2:37:P1:31
Z-35,2025-12-20,165.66,14.73,P3:32:P2:37:P1:31
Z-35,2025-12-21,151.33,14.53,P3:32:P2:37:P1:31
Z-35,2025-12-22,153.09,14.4,P3:32:P2:37:P1:31
Z-35,2025-12-23,153.34,14.64,P3:32:P2:37:P1:31
Z-35,2025-12-24,0.0,0.0,P3:32:P2:37:P1:31
Z-35,2025-12-25,159.48,14.73,P3:32:P2:37:P1:31
Z-35,2025-12-26,165.4,14.81,P3:32:P2:37:P1:31
Z-35,2025-12-27,150.64,14.61,P3:32:P2:37:P1:31
Z-35,2025-12-28,164.42,14.48,P3:32:P2:37:P1:31
Z-35,2025-12-29,149.45,14.57,P3:32:P2:37:P1:31
Z-35,2025-12-30,150.38,14.71,P3:32:P2:37:P1:31
Z-35,2025-12-31,158.19,14.32,P3:32:P2:37:P1:31
Z-35,2026-01-01,156.94,14.11,P3:32:P2:37:P1:31
Z-35,2026-01-02,153.16,14.49,P3:32:P2:37:P1:31
Z-35,2026-01-03,143.46,15.22,P3:32:P2:37:P1:31
Z-35,2026-01-04,145.88,14.47,P3:32:P2:37:P1:31
Z-35,2026-01-05,157.62,14.43,P3:32:P2:37:P1:31
Z-35,2026-01-06,163.15,14.53,P3:32:P2:37:P1:31
Z-35,2026-01-07,152.13,14.08,P3:32:P2:37:P1:31
Z-35,2026-01-08,150.3,15.02,P3:32:P2:37:P1:31
Z-35,2026-01-09,161.31,14.46,P3:32:P2:37:P1:31
Z-35,2026-01-10,160.05,14.67,P3:32:P2:37:P1:31
Z-35,2026-01-11,160.12,14.81,P3:32:P2:37:P1:31
Z-35,2026-01-12,162.18,14.73,P3:32:P2:37:P1:31
Z-35,2026-01-13,159.44,14.95,P3:32:P2:37:P1:31
Z-35,2026-01-14,0.0,0.0,P3:32:P2:37:P1:31
Z-35,2026-01-15,151.97,14.54,P3:32:P2:37:P1:31
Z-35,2026-01-16,147.63,14.06,P3:32:P2:37:P1:31
Z-35,2026-01-17,157.33,14.7,P3:32:P2:37:P1:31
Z-35,2026-01-18,146.39,14.38,P3:32:P2:37:P1:31
Z-35,2026-01-19,147.78,14.63,P3:32:P2:37:P1:31
Z-35,2026-01-20,150.92,15.1,P3:32:P2:37:P1:31
Z-35,2026-01-21,149.11,14.71,P3:32:P2:37:P1:31
Z-35,2026-01-22,0.0,0.0,P3:32:P2:37:P1:31
Z-35,2026-01-23,151.94,14.98,P3:32:P2:37:P1:31
Z-35,2026-01-24,163.09,14.85,P3:32:P2:37:P1:31
Z-35,2026-01-25,158.96,14.58,P3:32:P2:37:P1:31
Z-35,2026-01-26,146.04,14.39,P3:32:P2:37:P1:31
Z-35,2026-01-27,147.6,14.44,P3:32:P2:37:P1:31
Z-35,2026-01-28,153.91,14.96,P3:32:P2:37:P1:31
Z-35,2026-01-29,154.13,14.31,P3:32:P2:37:P1:31
Z-35,2026-01-30,164.04,14.69,P3:32:P2:37:P1:31
Z-35,2026-01-31,150.77,14.9,P3:32:P2:37:P1:31
Z-35,2026-02-01,152.27,15.01,P3:32:P2:37:P1:31
Z-35,2026-02-02,154.22,14.79,P3:32:P2:37:P1:31
Z-35,2026-02-03,156.62,14.79,P3:32:P2:37:P1:31
Z-35,2026-02-04,150.94,14.87,P3:32:P2:37:P1:31
Z-35,2026-02-05,161.0,14.58,P3:32:P2:37:P1:31
Z-35,2026-02-06,156.57,14.84,P3:32:P2:37:P1:31
Z-35,2026-02-07,156.76,14.75,P3:32:P2:37:P1:31
Z-35,2026-02-08,150.87,14.81,P3:32:P2:37:P1:31
Z-35,2026-02-09,159.27,15.02,P3:32:P2:37:P1:31
Z-35,2026-02-10,159.44,15.03,P3:32:P2:37:P1:31
Z-35,2026-02-11,160.27,14.39,P3:32:P2:37:P1:31
Z-35,2026-02-12,152.72,14.6,P3:32:P2:37:P1:31
Z-35,2026-02-13,156.96,14.73,P3:32:P2:37:P1:31
Z-35,2026-02-14,154.49,14.54,P3:32:P2:37:P1:31
Z-35,2026-02-15,141.33,14.57,P3:32:P2:37:P1:31
Z-35,2026-02-16,154.71,14.4,P3:32:P2:37:P1:31
Z-35,2026-02-17,151.83,14.6,P3:32:P2:37:P1:31
Z-35,2026-02-18,146.73,14.75,P3:32:P2:37:P1:31
Z-35,2026-02-19,149.42,15.1,P3:32:P2:37:P1:31
Z-35,2026-02-20,155.76,14.76,P3:32:P2:37:P1:31
Z-35,2026-02-21,152.89,14.99,P3:32:P2:37:P1:31
Z-35,2026-02-22,143.92,14.5,P3:32:P2:37:P1:31
Z-35,2026-02-23,153.48,14.72,P3:32:P2:37:P1:31
Z-35,2026-02-24,148.61,14.86,P3:32:P2:37:P1:31
Z-35,2026-02-25,150.85,14.61,P3:32:P2:37:P1:31
Z-35,2026-02-26,157.1,15.2,P3:32:P2:37:P1:31
Z-35,2026-02-27,158.19,14.64,P3:32:P2:37:P1:31
Z-35,2026-02-28,155.05,14.06,P3:32:P2:37:P1:31
Z-35,2026-03-01,152.2,14.78,P3:32:P2:37:P1:31
Z-35,2026-03-02,156.68,14.37,P3:32:P2:37:P1:31
Z-35,2026-03-03,158.39,15.07,P3:32:P2:37:P1:31
Z-35,2026-03-04,155.78,15.06,P3:32:P2:37:P1:31
Z-35,2026-03-05,158.07,14.79,P3:32:P2:37:P1:31
Z-35,2026-03-06,156.42,14.42,P3:32:P2:37:P1:31
Z-35,2026-03-07,154.1,14.69,P3:32:P2:37:P1:31
Z-35,2026-03-08,150.27,14.59,P3:32:P2:37:P1:31
Z-35,2026-03-09,152.16,14.46,P3:32:P2:37:P1:31
Z-35,2026-03-10,154.77,14.6,P3:32:P2:37:P1:31
Z-35,2026-03-11,148.34,14.79,P3:32:P2:37:P1:31
Z-35,2026-03-12,163.48,14.54,P3:32:P2:37:P1:31
Z-35,2026-03-13,149.02,15.23,P3:32:P2:37:P1:31
Z-35,2026-03-14,143.37,14.98,P3:32:P2:37:P1:31
Z-35,2026-03-15,146.45,14.86,P3:32:P2:37:P1:31
Z-35,2026-03-16,161.1,15.01,P3:32:P2:37:P1:31
Z-35,2026-03-17,152.45,14.88,P3:32:P2:37:P1:31
Z-35,2026-03-18,148.18,14.34,P3:32:P2:37:P1:31
Z-35,2026-03-19,157.09,14.71,P3:32:P2:37:P1:31
Z-35,2026-03-20,148.97,14.07,P3:32:P2:37:P1:31
Z-35,2026-03-21,157.05,14.44,P3:32:P2:37:P1:31
Z-35,2026-03-22,153.0,15.27,P3:32:P2:37:P1:31
Z-35,2026-03-23,142.92,14.05,P3:32:P2:37:P1:31
Z-35,2026-03-24,157.54,14.9,P3:32:P2:37:P1:31
Z-35,2026-03-25,152.84,14.57,P3:32:P2:37:P1:31
Z-35,2026-03-26,152.05,14.94,P3:32:P2:37:P1:31
Z-35,2026-03-27,153.23,14.72,P3:32:P2:37:P1:31
Z-35,2026-03-28,149.47,14.07,P3:32:P2:37:P1:31
Z-35,2026-03-29,157.93,14.67,P3:32:P2:37:P1:31
Z-35,2026-03-30,162.28,14.41,P3:32:P2:37:P1:31
Z-35,2026-03-31,151.08,14.43,P3:32:P2:37:P1:31
Z-35,2026-04-01,154.04,14.71,P3:32:P2:37:P1:31
Z-35,2026-04-02,161.08,14.44,P3:32:P2:37:P1:31
Z-35,2026-04-03,157.21,14.9,P3:32:P2:37:P1:31
Z-35,2026-04-04,153.9,14.65,P3:32:P2:37:P1:31
Z-35,2026-04-05,170.36,14.21,P3:32:P2:37:P1:31
Z-35,2026-04-06,152.54,14.83,P3:32:P2:37:P1:31
Z-35,2026-04-07,154.34,14.78,P3:32:P2:37:P1:31
Z-35,2026-04-08,149.95,14.48,P3:32:P2:37:P1:31
Z-35,2026-04-09,156.79,14.62,P3:32:P2:37:P1:31
Z-35,2026-04-10,142.86,14.47,P3:32:P2:37:P1:31
Z-35,2026-04-11,152.62,14.39,P3:32:P2:37:P1:31
Z-35,2026-04-12,153.02,14.44,P3:32:P2:37:P1:31
Z-35,2026-04-13,159.97,14.12,P3:32:P2:37:P1:31
Z-35,2026-04-14,160.98,14.5,P3:32:P2:37:P1:31
Z-35,2026-04-15,163.85,14.79,P3:32:P2:37:P1:31
Z-35,2026-04-16,154.32,14.28,P3:32:P2:37:P1:31
Z-35,2026-04-17,162.71,15.02,P3:32:P2:37:P1:31
Z-35,2026-04-18,162.86,14.75,P3:32:P2:37:P1:31
Z-35,2026-04-19,154.45,14.38,P3:32:P2:37:P1:31
Z-35,2026-04-20,156.2,14.61,P3:32:P2:37:P1:31
Z-35,2026-04-21,155.53,13.74,P3:32:P2:37:P1:31
Z-35,2026-04-22,148.29,14.76,P3:32:P2:37:P1:31
Z-35,2026-04-23,155.73,14.68,P3:32:P2:37:P1:31
Z-35,2026-04-24,161.11,15.15,P3:32:P2:37:P1:31
Z-35,2026-04-25,156.1,14.87,P3:32:P2:37:P1:31
Z-35,2026-04-26,154.71,14.12,P3:32:P2:37:P1:31
Z-35,2026-04-27,154.92,14.81,P3:32:P2:37:P1:31
Z-35,2026-04-28,162.79,14.61,P3:32:P2:37:P1:31
Z-35,2026-04-29,167.01,14.96,P3:32:P2:37:P1:31
Z-35,2026-04-30,157.51,14.32,P3:32:P2:37:P1:31
Z-35,2026-05-01,156.59,14.97,P3:32:P2:37:P1:31
Z-35,2026-05-02,159.28,14.56,P3:32:P2:37:P1:31
Z-35,2026-05-03,154.82,14.9,P3:32:P2:37:P1:31
Z-35,2026-05-04,155.59,14.8,P3:32:P2:37:P1:31
Z-35,2026-05-05,152.82,14.33,P3:32:P2:37:P1:31
Z-35,2026-05-06,160.59,14.47,P3:32:P2:37:P1:31
Z-35,2026-05-07,163.39,14.3,P3:32:P2:37:P1:31
Z-35,2026-05-08,153.96,14.85,P3:32:P2:37:P1:31
Z-35,2026-05-09,150.33,14.49,P3:32:P2:37:P1:31
Z-35,2026-05-10,153.49,14.26,P3:32:P2:37:P1:31
Z-35,2026-05-11,144.19,14.48,P3:32:P2:37:P1:31
Z-35,2026-05-12,162.5,14.65,P3:32:P2:37:P1:31
Z-35,2026-05-13,164.29,15.17,P3:32:P2:37:P1:31
Z-35,2026-05-14,148.97,14.6,P3:32:P2:37:P1:31
Z-35,2026-05-15,163.75,14.14,P3:32:P2:37:P1:31
Z-35,2026-05-16,154.16,14.34,P3:32:P2:37:P1:31
Z-35,2026-05-17,158.09,14.45,P3:32:P2:37:P1:31
Z-35,2026-05-18,153.07,14.8,P3:32:P2:37:P1:31
Z-35,2026-05-19,157.85,14.24,P3:32:P2:37:P1:31
Z-35,2026-05-20,157.73,14.55,P3:32:P2:37:P1:31
Z-35,2026-05-21,158.29,14.2,P3:32:P2:37:P1:31
Z-35,2026-05-22,153.9,14.46,P3:32:P2:37:P1:31
Z-35,2026-05-23,162.73,14.48,P3:32:P2:37:P1:31
Z-35,2026-05-24,165.7,14.42,P3:32:P2:37:P1:31
Z-35,2026-05-25,0.0,0.0,P3:32:P2:37:P1:31
Z-35,2026-05-26,159.32,14.05,P3:32:P2:37:P1:31
Z-35,2026-05-27,159.45,14.68,P3:32:P2:37:P1:31
Z-35,2026-05-28,146.58,14.89,P3:32:P2:37:P1:31
Z-35,2026-05-29,151.25,14.71,P3:32:P2:37:P1:31
Z-35,2026-05-30,158.04,14.62,P3:32:P2:37:P1:31
Z-35,2026-05-31,159.43,14.83,P3:32:P2:37:P1:31
Z-35,2026-06-01,154.59,14.67,P3:32:P2:37:P1:31
Z-35,2026-06-02,146.73,14.7,P3:32:P2:37:P1:31
Z-35,2026-06-03,171.98,14.28,P3:32:P2:37:P1:31
Z-35,2026-06-04,159.0,14.25,P3:32:P2:37:P1:31
Z-35,2026-06-05,157.96,14.44,P3:32:P2:37:P1:31
Z-35,2026-06-06,158.72,14.34,P3:32:P2:37:P1:31
Z-35,2026-06-07,151.64,14.73,P3:32:P2:37:P1:31
Z-35,2026-06-08,146.61,14.24,P3:32:P2:37:P1:31
Z-35,2026-06-09,168.16,15.09,P3:32:P2:37:P1:31
Z-35,2026-06-10,152.89,14.77,P3:32:P2:37:P1:31
Z-35,2026-06-11,160.08,15.75,P3:32:P2:37:P1:31
Z-35,2026-06-12,151.28,14.39,P3:32:P2:37:P1:31
Z-35,2026-06-13,159.96,14.71,P3:32:P2:37:P1:31
Z-35,2026-06-14,141.97,14.16,P3:32:P2:37:P1:31
Z-35,2026-06-15,159.69,14.98,P3:32:P2:37:P1:31
Z-35,2026-06-16,160.91,14.38,P3:32:P2:37:P1:31
Z-35,2026-06-17,159.35,14.72,P3:32:P2:37:P1:31
Z-35,2026-06-18,165.92,14.77,P3:32:P2:37:P1:31
Z-35,2026-06-19,162.23,14.16,P3:32:P2:37:P1:31
Z-35,2026-06-20,145.04,14.98,P3:32:P2:37:P1:31
Z-35,2026-06-21,156.3,14.39,P3:32:P2:37:P1:31
Z-35,2026-06-22,163.47,14.96,P3:32:P2:37:P1:31
Z-35,2026-06-23,168.96,14.22,P3:32:P2:37:P1:31
Z-35,2026-06-24,148.59,14.4,P3:32:P2:37:P1:31
Z-35,2026-06-25,156.37,14.47,P3:32:P2:37:P1:31
Z-35,2026-06-26,151.7,15.13,P3:32:P2:37:P1:31
Z-35,2026-06-27,151.63,14.77,P3:32:P2:37:P1:31
Z-35,2026-06-28,143.06,14.41,P3:32:P2:37:P1:31
Z-35,2026-06-29,161.81,14.49,P3:32:P2:37:P1:31
Z-35,2026-06-30,167.75,14.34,P3:32:P2:37:P1:31
Z-35,2026-07-01,149.26,14.58,P3:32:P2:37:P1:31
Z-35,2026-07-02,145.86,14.39,P3:32:P2:37:P1:31
Z-35,2026-07-03,167.66,14.75,P3:32:P2:37:P1:31
Z-35,2026-07-04,154.28,14.46,P3:32:P2:37:P1:31
Z-35,2026-07-05,148.12,14.76,P3:32:P2:37:P1:31
Z-35,2026-07-06,154.27,14.4,P3:32:P2:37:P1:31
Z-35,2026-07-07,160.5,14.95,P3:32:P2:37:P1:31
Z-35,2026-07-08,148.41,14.35,P3:32:P2:37:P1:31
Z-35,2026-07-09,149.41,14.37,P3:32:P2:37:P1:31
Z-35,2026-07-10,146.89,14.44,P3:32:P2:37:P1:31
Z-35,2026-07-11,156.58,15.09,P3:32:P2:37:P1:31
Z-35,2026-07-12,154.51,14.82,P3:32:P2:37:P1:31
Z-35,2026-07-13,159.67,14.69,P3:32:P2:37:P1:31
Z-35,2026-07-14,163.7,14.54,P3:32:P2:37:P1:31
Z-35,2026-07-15,158.28,14.32,P3:32:P2:37:P1:31
Z-35,2026-07-16,149.43,14.38,P3:32:P2:37:P1:31
Z-35,2026-07-17,154.27,14.72,P3:32:P2:37:P1:31
Z-35,2026-07-18,152.61,15.16,P3:32:P2:37:P1:31
Z-35,2026-07-19,162.23,14.69,P3:32:P2:37:P1:31
Z-35,2026-07-20,143.66,15.36,P3:32:P2:37:P1:31
Z-35,2026-07-21,145.95,15.22,P3:32:P2:37:P1:31
Z-35,2026-07-22,152.91,15.06,P3:32:P2:37:P1:31
Z-35,2026-07-23,162.0,14.51,P3:32:P2:37:P1:31
Z-35,2026-07-24,157.53,14.14,P3:32:P2:37:P1:31
Z-35,2026-07-25,150.38,14.72,P3:32:P2:37:P1:31
Z-35,2026-07-26,155.68,14.48,P3:32:P2:37:P1:31
Z-35,2026-07-27,153.09,14.06,P3:32:P2:37:P1:31
Z-35,2026-07-28,159.3,14.57,P3:32:P2:37:P1:31
Z-35,2026-07-29,164.99,14.51,P3:32:P2:37:P1:31
Z-35,2026-07-30,155.17,14.27,P3:32:P2:37:P1:31
Z-35,2026-07-31,159.86,14.95,P3:32:P2:37:P1:31
Z-35,2026-08-01,167.18,14.31,P3:32:P2:37:P1:31
Z-35,2026-08-02,155.16,14.3,P3:32:P2:37:P1:31
Z-35,2026-08-03,157.45,14.48,P3:32:P2:37:P1:31
Z-35,2026-08-04,151.38,14.73,P3:32:P2:37:P1:31
Z-35,2026-08-05,151.59,14.84,P3:32:P2:37:P1:31
Z-35,2026-08-06,154.74,14.99,P3:32:P2:37:P1:31
Z-35,2026-08-07,152.03,14.64,P3:32:P2:37:P1:31
Z-35,2026-08-08,152.79,15.51,P3:32:P2:37:P1:31
Z-35,2026-08-09,151.1,14.75,P3:32:P2:37:P1:31
Z-35,2026-08-10,150.55,14.64,P3:32:P2:37:P1:31
Z-35,2026-08-11,168.11,14.35,P3:32:P2:37:P1:31
Z-35,2026-08-12,159.55,14.81,P3:32:P2:37:P1:31
Z-35,2026-08-13,163.15,15.22,P3:32:P2:37:P1:31
Z-35,2026-08-14,165.37,14.35,P3:32:P2:37:P1:31
Z-35,2026-08-15,148.97,14.41,P3:32:P2:37:P1:31
Z-35,2026-08-16,152.3,14.78,P3:32:P2:37:P1:31
Z-35,2026-08-17,153.57,14.68,P3:32:P2:37:P1:31
Z-35,2026-08-18,155.95,15.03,P3:32:P2:37:P1:31
Z-35,2026-08-19,152.62,15.05,P3:32:P2:37:P1:31
Z-35,2026-08-20,152.96,14.79,P3:32:P2:37:P1:31
Z-35,2026-08-21,0.0,0.0,P3:32:P2:37:P1:31
Z-35,2026-08-22,159.97,14.57,P3:32:P2:37:P1:31
Z-35,2026-08-23,163.6,14.84,P3:32:P2:37:P1:31
Z-35,2026-08-24,161.86,14.53,P3:32:P2:37:P1:31
Z-35,2026-08-25,156.35,14.96,P3:32:P2:37:P1:31
Z-35,2026-08-26,160.37,14.96,P3:32:P2:37:P1:31
Z-35,2026-08-27,161.39,14.91,P3:32:P2:37:P1:31
Z-35,2026-08-28,160.28,14.43,P3:32:P2:37:P1:31
Z-35,2026-08-29,151.22,14.05,P3:32:P2:37:P1:31
Z-35,2026-08-30,155.91,14.39,P3:32:P2:37:P1:31
Z-35,2026-08-31,149.77,14.71,P3:32:P2:37:P1:31
N-28,2025-09-01,92.92,12.08,P2:31:P3:45:P1:24
N-28,2025-09-02,101.6,11.24,P2:31:P3:45:P1:24
N-28,2025-09-03,92.11,11.66,P2:31:P3:45:P1:24
N-28,2025-09-04,94.36,11.84,P2:31:P3:45:P1:24
N-28,2025-09-05,97.61,11.71,P2:31:P3:45:P1:24
N-28,2025-09-06,98.26,11.78,P2:31:P3:45:P1:24
N-28,2025-09-07,95.9,11.85,P2:31:P3:45:P1:24
N-28,2025-09-08,96.93,12.13,P2:31:P3:45:P1:24
N-28,2025-09-09,92.15,12.26,P2:31:P3:45:P1:24
N-28,2025-09-10,96.92,11.84,P2:31:P3:45:P1:24
N-28,2025-09-11,98.7,11.61,P2:31:P3:45:P1:24
N-28,2025-09-12,0.0,0.0,P2:31:P3:45:P1:24
N-28,2025-09-13,93.62,12.16,P2:31:P3:45:P1:24
N-28,2025-09-14,98.5,12.22,P2:31:P3:45:P1:24
N-28,2025-09-15,97.25,11.55,P2:31:P3:45:P1:24
N-28,2025-09-16,103.42,12.27,P2:31:P3:45:P1:24
N-28,2025-09-17,100.53,11.49,P2:31:P3:45:P1:24
N-28,2025-09-18,95.22,12.08,P2:31:P3:45:P1:24
N-28,2025-09-19,93.36,11.16,P2:31:P3:45:P1:24
N-28,2025-09-20,89.8,11.73,P2:31:P3:45:P1:24
N-28,2025-09-21,95.49,12.11,P2:31:P3:45:P1:24
N-28,2025-09-22,97.42,11.68,P2:31:P3:45:P1:24
N-28,2025-09-23,89.87,12.12,P2:31:P3:45:P1:24
N-28,2025-09-24,99.02,12.44,P2:31:P3:45:P1:24
N-28,2025-09-25,107.21,11.44,P2:31:P3:45:P1:24
N-28,2025-09-26,91.36,11.45,P2:31:P3:45:P1:24
N-28,2025-09-27,90.45,12.22,P2:31:P3:45:P1:24
N-28,2025-09-28,89.39,11.34,P2:31:P3:45:P1:24
N-28,2025-09-29,91.39,12.12,P2:31:P3:45:P1:24
N-28,2025-09-30,96.67,12.02,P2:31:P3:45:P1:24
N-28,2025-10-01,98.2,11.78,P2:31:P3:45:P1:24
N-28,2025-10-02,0.0,0.0,P2:31:P3:45:P1:24
N-28,2025-10-03,100.1,11.22,P2:31:P3:45:P1:24
N-28,2025-10-04,93.46,11.54,P2:31:P3:45:P1:24
N-28,2025-10-05,98.44,11.92,P2:31:P3:45:P1:24
N-28,2025-10-06,91.79,12.29,P2:31:P3:45:P1:24
N-28,2025-10-07,0.0,0.0,P2:31:P3:45:P1:24
N-28,2025-10-08,92.56,11.61,P2:31:P3:45:P1:24
N-28,2025-10-09,90.5,11.89,P2:31:P3:45:P1:24
N-28,2025-10-10,97.06,11.32,P2:31:P3:45:P1:24
N-28,2025-10-11,101.04,11.83,P2:31:P3:45:P1:24
N-28,2025-10-12,93.02,12.3,P2:31:P3:45:P1:24
N-28,2025-10-13,99.09,12.11,P2:31:P3:45:P1:24
N-28,2025-10-14,93.71,11.54,P2:31:P3:45:P1:24
N-28,2025-10-15,100.7,11.82,P2:31:P3:45:P1:24
N-28,2025-10-16,98.23,10.83,P2:31:P3:45:P1:24
N-28,2025-10-17,95.03,11.76,P2:31:P3:45:P1:24
N-28,2025-10-18,94.52,12.09,P2:31:P3:45:P1:24
N-28,2025-10-19,95.0,11.58,P2:31:P3:45:P1:24
N-28,2025-10-20,98.39,11.89,P2:31:P3:45:P1:24
N-28,2025-10-21,90.22,11.8,P2:31:P3:45:P1:24
N-28,2025-10-22,97.84,11.97,P2:31:P3:45:P1:24
N-28,2025-10-23,89.35,11.23,P2:31:P3:45:P1:24
N-28,2025-10-24,89.0,11.69,P2:31:P3:45:P1:24
N-28,2025-10-25,94.09,11.62,P2:31:P3:45:P1:24
N-28,2025-10-26,94.21,11.72,P2:31:P3:45:P1:24
N-28,2025-10-27,98.63,11.58,P2:31:P3:45:P1:24
N-28,2025-10-28,90.84,11.72,P2:31:P3:45:P1:24
N-28,2025-10-29,91.84,11.77,P2:31:P3:45:P1:24
N-28,2025-10-30,100.53,11.9,P2:31:P3:45:P1:24
N-28,2025-10-31,88.57,11.87,P2:31:P3:45:P1:24
N-28,2025-11-01,98.92,11.94,P2:31:P3:45:P1:24
N-28,2025-11-02,95.64,12.1,P2:31:P3:45:P1:24
N-28,2025-11-03,94.44,12.18,P2:31:P3:45:P1:24
N-28,2025-11-04,96.36,11.86,P2:31:P3:45:P1:24
N-28,2025-11-05,93.65,11.76,P2:31:P3:45:P1:24
N-28,2025-11-06,98.64,11.96,P2:31:P3:45:P1:24
N-28,2025-11-07,102.23,11.7,P2:31:P3:45:P1:24
N-28,2025-11-08,93.6,11.89,P2:31:P3:45:P1:24
N-28,2025-11-09,101.08,11.65,P2:31:P3:45:P1:24
N-28,2025-11-10,91.1,11.77,P2:31:P3:45:P1:24
N-28,2025-11-11,96.78,11.26,P2:31:P3:45:P1:24
N-28,2025-11-12,101.67,11.59,P2:31:P3:45:P1:24
N-28,2025-11-13,96.43,11.94,P2:31:P3:45:P1:24
N-28,2025-11-14,90.06,11.73,P2:31:P3:45:P1:24
N-28,2025-11-15,92.31,12.18,P2:31:P3:45:P1:24
N-28,2025-11-16,97.74,11.53,P2:31:P3:45:P1:24
N-28,2025-11-17,96.94,11.92,P2:31:P3:45:P1:24
N-28,2025-11-18,105.05,11.36,P2:31:P3:45:P1:24
N-28,2025-11-19,94.15,11.72,P2:31:P3:45:P1:24
N-28,2025-11-20,91.57,12.27,P2:31:P3:45:P1:24
N-28,2025-11-21,97.02,12.16,P2:31:P3:45:P1:24
N-28,2025-11-22,96.61,11.65,P2:31:P3:45:P1:24
N-28,2025-11-23,88.67,11.75,P2:31:P3:45:P1:24
N-28,2025-11-24,92.97,11.79,P2:31:P3:45:P1:24
N-28,2025-11-25,96.42,11.97,P2:31:P3:45:P1:24
N-28,2025-11-26,100.19,11.74,P2:31:P3:45:P1:24
N-28,2025-11-27,92.26,11.92,P2:31:P3:45:P1:24
N-28,2025-11-28,91.55,11.58,P2:31:P3:45:P1:24
N-28,2025-11-29,95.68,11.84,P2:31:P3:45:P1:24
N-28,2025-11-30,91.21,11.33,P2:31:P3:45:P1:24
N-28,2025-12-01,94.48,12.23,P2:31:P3:45:P1:24
N-28,2025-12-02,102.94,12.29,P2:31:P3:45:P1:24
N-28,2025-12-03,93.23,11.88,P2:31:P3:45:P1:24
N-28,2025-12-04,96.91,11.71,P2:31:P3:45:P1:24
N-28,2025-12-05,95.86,11.63,P2:31:P3:45:P1:24
N-28,2025-12-06,97.99,11.68,P2:31:P3:45:P1:24
N-28,2025-12-07,92.07,11.43,P2:31:P3:45:P1:24
N-28,2025-12-08,91.76,11.88,P2:31:P3:45:P1:24
N-28,2025-12-09,93.41,11.46,P2:31:P3:45:P1:24
N-28,2025-12-10,90.98,11.96,P2:31:P3:45:P1:24
N-28,2025-12-11,92.95,11.53,P2:31:P3:45:P1:24
N-28,2025-12-12,96.6,11.58,P2:31:P3:45:P1:24
N-28,2025-12-13,96.61,11.6,P2:31:P3:45:P1:24
N-28,2025-12-14,91.63,11.89,P2:31:P3:45:P1:24
N-28,2025-12-15,99.25,11.76,P2:31:P3:45:P1:24
N-28,2025-12-16,90.03,11.34,P2:31:P3:45:P1:24
N-28,2025-12-17,95.18,11.91,P2:31:P3:45:P1:24
N-28,2025-12-18,103.14,11.71,P2:31:P3:45:P1:24
N-28,2025-12-19,93.57,11.91,P2:31:P3:45:P1:24
N-28,2025-12-20,94.55,12.24,P2:31:P3:45:P1:24
N-28,2025-12-21,94.17,12.05,P2:31:P3:45:P1:24
N-28,2025-12-22,95.16,11.84,P2:31:P3:45:P1:24
N-28,2025-12-23,90.96,12.19,P2:31:P3:45:P1:24
N-28,2025-12-24,98.4,11.83,P2:31:P3:45:P1:24
N-28,2025-12-25,90.35,11.67,P2:31:P3:45:P1:24
N-28,2025-12-26,98.53,11.91,P2:31:P3:45:P1:24
N-28,2025-12-27,100.98,12.25,P2:31:P3:45:P1:24
N-28,2025-12-28,88.98,11.51,P2:31:P3:45:P1:24
N-28,2025-12-29,88.73,11.37,P2:31:P3:45:P1:24
N-28,2025-12-30,98.96,11.51,P2:31:P3:45:P1:24
N-28,2025-12-31,96.3,11.66,P2:31:P3:45:P1:24
N-28,2026-01-01,96.57,12.22,P2:31:P3:45:P1:24
N-28,2026-01-02,88.51,12.03,P2:31:P3:45:P1:24
N-28,2026-01-03,92.16,11.66,P2:31:P3:45:P1:24
N-28,2026-01-04,86.79,11.89,P2:31:P3:45:P1:24
N-28,2026-01-05,98.51,11.82,P2:31:P3:45:P1:24
N-28,2026-01-06,91.51,12.08,P2:31:P3:45:P1:24
N-28,2026-01-07,96.24,12.01,P2:31:P3:45:P1:24
N-28,2026-01-08,94.35,12.07,P2:31:P3:45:P1:24
N-28,2026-01-09,98.4,11.59,P2:31:P3:45:P1:24
N-28,2026-01-10,98.38,11.47,P2:31:P3:45:P1:24
N-28,2026-01-11,97.63,12.05,P2:31:P3:45:P1:24
N-28,2026-01-12,90.59,11.34,P2:31:P3:45:P1:24
N-28,2026-01-13,95.15,11.56,P2:31:P3:45:P1:24
N-28,2026-01-14,100.07,11.46,P2:31:P3:45:P1:24
N-28,2026-01-15,86.63,12.01,P2:31:P3:45:P1:24
N-28,2026-01-16,91.79,12.01,P2:31:P3:45:P1:24
N-28,2026-01-17,88.25,11.81,P2:31:P3:45:P1:24
N-28,2026-01-18,88.97,11.63,P2:31:P3:45:P1:24
N-28,2026-01-19,95.91,11.74,P2:31:P3:45:P1:24
N-28,2026-01-20,95.97,11.74,P2:31:P3:45:P1:24
N-28,2026-01-21,96.95,11.51,P2:31:P3:45:P1:24
N-28,2026-01-22,93.93,11.87,P2:31:P3:45:P1:24
N-28,2026-01-23,96.46,12.32,P2:31:P3:45:P1:24
N-28,2026-01-24,103.95,11.37,P2:31:P3:45:P1:24
N-28,2026-01-25,95.71,12.06,P2:31:P3:45:P1:24
N-28,2026-01-26,97.05,11.78,P2:31:P3:45:P1:24
N-28,2026-01-27,96.14,11.57,P2:31:P3:45:P1:24
N-28,2026-01-28,94.96,11.66,P2:31:P3:45:P1:24
N-28,2026-01-29,89.34,11.94,P2:31:P3:45:P1:24
N-28,2026-01-30,86.13,11.66,P2:31:P3:45:P1:24
N-28,2026-01-31,90.72,11.75,P2:31:P3:45:P1:24
N-28,2026-02-01,102.83,11.15,P2:31:P3:45:P1:24
N-28,2026-02-02,102.53,11.59,P2:31:P3:45:P1:24
N-28,2026-02-03,91.85,11.76,P2:31:P3:45:P1:24
N-28,2026-02-04,87.42,11.68,P2:31:P3:45:P1:24
N-28,2026-02-05,97.3,11.84,P2:31:P3:45:P1:24
N-28,2026-02-06,96.06,11.54,P2:31:P3:45:P1:24
N-28,2026-02-07,93.9,11.61,P2:31:P3:45:P1:24
N-28,2026-02-08,99.03,11.38,P2:31:P3:45:P1:24
N-28,2026-02-09,98.92,11.57,P2:31:P3:45:P1:24
N-28,2026-02-10,97.32,11.86,P2:31:P3:45:P1:24
N-28,2026-02-11,90.42,11.85,P2:31:P3:45:P1:24
N-28,2026-02-12,91.32,11.44,P2:31:P3:45:P1:24
N-28,2026-02-13,92.85,11.83,P2:31:P3:45:P1:24
N-28,2026-02-14,96.38,11.79,P2:31:P3:45:P1:24
N-28,2026-02-15,93.94,11.75,P2:31:P3:45:P1:24
N-28,2026-02-16,94.85,11.42,P2:31:P3:45:P1:24
N-28,2026-02-17,90.74,11.54,P2:31:P3:45:P1:24
N-28,2026-02-18,95.84,11.28,P2:31:P3:45:P1:24
N-28,2026-02-19,92.97,12.06,P2:31:P3:45:P1:24
N-28,2026-02-20,96.27,12.04,P2:31:P3:45:P1:24
N-28,2026-02-21,100.53,11.82,P2:31:P3:45:P1:24
N-28,2026-02-22,98.93,11.75,P2:31:P3:45:P1:24
N-28,2026-02-23,96.24,12.23,P2:31:P3:45:P1:24
N-28,2026-02-24,93.28,12.09,P2:31:P3:45:P1:24
N-28,2026-02-25,100.95,12.06,P2:31:P3:45:P1:24
N-28,2026-02-26,96.82,11.36,P2:31:P3:45:P1:24
N-28,2026-02-27,100.29,11.65,P2:31:P3:45:P1:24
N-28,2026-02-28,95.78,11.5,P2:31:P3:45:P1:24
N-28,2026-03-01,101.54,11.4,P2:31:P3:45:P1:24
N-28,2026-03-02,94.67,11.27,P2:31:P3:45:P1:24
N-28,2026-03-03,99.42,11.95,P2:31:P3:45:P1:24
N-28,2026-03-04,99.93,12.37,P2:31:P3:45:P1:24
N-28,2026-03-05,90.31,11.89,P2:31:P3:45:P1:24
N-28,2026-03-06,90.84,12.08,P2:31:P3:45:P1:24
N-28,2026-03-07,93.07,11.08,P2:31:P3:45:P1:24
N-28,2026-03-08,104.21,11.41,P2:31:P3:45:P1:24
N-28,2026-03-09,100.14,11.62,P2:31:P3:45:P1:24
N-28,2026-03-10,96.33,12.03,P2:31:P3:45:P1:24
N-28,2026-03-11,99.8,11.35,P2:31:P3:45:P1:24
N-28,2026-03-12,102.68,11.78,P2:31:P3:45:P1:24
N-28,2026-03-13,91.67,11.68,P2:31:P3:45:P1:24
N-28,2026-03-14,101.83,11.91,P2:31:P3:45:P1:24
N-28,2026-03-15,89.86,11.85,P2:31:P3:45:P1:24
N-28,2026-03-16,93.24,11.32,P2:31:P3:45:P1:24
N-28,2026-03-17,94.23,11.21,P2:31:P3:45:P1:24
N-28,2026-03-18,95.58,11.53,P2:31:P3:45:P1:24
N-28,2026-03-19,95.4,11.76,P2:31:P3:45:P1:24
N-28,2026-03-20,95.42,11.85,P2:31:P3:45:P1:24
N-28,2026-03-21,93.94,12.08,P2:31:P3:45:P1:24
N-28,2026-03-22,100.81,11.75,P2:31:P3:45:P1:24
N-28,2026-03-23,101.36,12.5,P2:31:P3:45:P1:24
N-28,2026-03-24,87.64,12.38,P2:31:P3:45:P1:24
N-28,2026-03-25,94.44,11.76,P2:31:P3:45:P1:24
N-28,2026-03-26,90.74,11.26,P2:31:P3:45:P1:24
N-28,2026-03-27,93.94,12.43,P2:31:P3:45:P1:24
N-28,2026-03-28,98.6,11.95,P2:31:P3:45:P1:24
N-28,2026-03-29,87.96,11.75,P2:31:P3:45:P1:24
N-28,2026-03-30,98.46,11.81,P2:31:P3:45:P1:24
N-28,2026-03-31,98.23,12.04,P2:31:P3:45:P1:24
N-28,2026-04-01,90.28,11.98,P2:31:P3:45:P1:24
N-28,2026-04-02,98.05,12.21,P2:31:P3:45:P1:24
N-28,2026-04-03,95.98,11.61,P2:31:P3:45:P1:24
N-28,2026-04-04,95.38,11.97,P2:31:P3:45:P1:24
N-28,2026-04-05,96.88,12.13,P2:31:P3:45:P1:24
N-28,2026-04-06,93.96,11.6,P2:31:P3:45:P1:24
N-28,2026-04-07,89.15,11.62,P2:31:P3:45:P1:24
N-28,2026-04-08,92.42,11.48,P2:31:P3:45:P1:24
N-28,2026-04-09,94.69,11.88,P2:31:P3:45:P1:24
N-28,2026-04-10,93.02,11.68,P2:31:P3:45:P1:24
N-28,2026-04-11,95.95,12.01,P2:31:P3:45:P1:24
N-28,2026-04-12,94.09,12.5,P2:31:P3:45:P1:24
N-28,2026-04-13,91.63,12.02,P2:31:P3:45:P1:24
N-28,2026-04-14,94.32,11.96,P2:31:P3:45:P1:24
N-28,2026-04-15,94.58,12.14,P2:31:P3:45:P1:24
N-28,2026-04-16,101.87,11.98,P2:31:P3:45:P1:24
N-28,2026-04-17,88.97,11.73,P2:31:P3:45:P1:24
N-28,2026-04-18,94.75,11.69,P2:31:P3:45:P1:24
N-28,2026-04-19,91.78,12.24,P2:31:P3:45:P1:24
N-28,2026-04-20,98.7,11.55,P2:31:P3:45:P1:24
N-28,2026-04-21,92.77,11.64,P2:31:P3:45:P1:24
N-28,2026-04-22,99.38,12.05,P2:31:P3:45:P1:24
N-28,2026-04-23,98.99,12.36,P2:31:P3:45:P1:24
N-28,2026-04-24,87.6,11.36,P2:31:P3:45:P1:24
N-28,2026-04-25,94.42,11.73,P2:31:P3:45:P1:24
N-28,2026-04-26,97.64,11.61,P2:31:P3:45:P1:24
N-28,2026-04-27,95.2,11.82,P2:31:P3:45:P1:24
N-28,2026-04-28,102.64,12.07,P2:31:P3:45:P1:24
N-28,2026-04-29,89.19,11.71,P2:31:P3:45:P1:24
N-28,2026-04-30,93.52,11.83,P2:31:P3:45:P1:24
N-28,2026-05-01,93.84,11.9,P2:31:P3:45:P1:24
N-28,2026-05-02,100.31,11.92,P2:31:P3:45:P1:24
N-28,2026-05-03,96.15,11.81,P2:31:P3:45:P1:24
N-28,2026-05-04,92.97,11.85,P2:31:P3:45:P1:24
N-28,2026-05-05,104.52,11.59,P2:31:P3:45:P1:24
N-28,2026-05-06,91.24,11.63,P2:31:P3:45:P1:24
N-28,2026-05-07,94.97,11.78,P2:31:P3:45:P1:24
N-28,2026-05-08,93.27,11.86,P2:31:P3:45:P1:24
N-28,2026-05-09,101.1,11.5,P2:31:P3:45:P1:24
N-28,2026-05-10,92.74,11.74,P2:31:P3:45:P1:24
N-28,2026-05-11,93.46,12.04,P2:31:P3:45:P1:24
N-28,2026-05-12,95.9,11.89,P2:31:P3:45:P1:24
N-28,2026-05-13,94.85,11.74,P2:31:P3:45:P1:24
N-28,2026-05-14,98.34,12.1,P2:31:P3:45:P1:24
N-28,2026-05-15,94.6,11.8,P2:31:P3:45:P1:24
N-28,2026-05-16,94.01,11.99,P2:31:P3:45:P1:24
N-28,2026-05-17,0.0,0.0,P2:31:P3:45:P1:24
N-28,2026-05-18,101.05,11.49,P2:31:P3:45:P1:24
N-28,2026-05-19,93.52,11.67,P2:31:P3:45:P1:24
N-28,2026-05-20,96.94,11.99,P2:31:P3:45:P1:24
N-28,2026-05-21,91.07,11.84,P2:31:P3:45:P1:24
N-28,2026-05-22,100.12,11.8,P2:31:P3:45:P1:24
N-28,2026-05-23,94.84,11.66,P2:31:P3:45:P1:24
N-28,2026-05-24,89.92,11.66,P2:31:P3:45:P1:24
N-28,2026-05-25,98.45,11.18,P2:31:P3:45:P1:24
N-28,2026-05-26,96.47,11.39,P2:31:P3:45:P1:24
N-28,2026-05-27,96.58,11.44,P2:31:P3:45:P1:24
N-28,2026-05-28,94.86,12.0,P2:31:P3:45:P1:24
N-28,2026-05-29,97.73,12.27,P2:31:P3:45:P1:24
N-28,2026-05-30,102.08,11.5,P2:31:P3:45:P1:24
N-28,2026-05-31,97.96,11.64,P2:31:P3:45:P1:24
N-28,2026-06-01,98.02,11.27,P2:31:P3:45:P1:24
N-28,2026-06-02,91.11,11.63,P2:31:P3:45:P1:24
N-28,2026-06-03,92.65,11.57,P2:31:P3:45:P1:24
N-28,2026-06-04,91.95,11.47,P2:31:P3:45:P1:24
N-28,2026-06-05,93.28,11.29,P2:31:P3:45:P1:24
N-28,2026-06-06,96.21,12.06,P2:31:P3:45:P1:24
N-28,2026-06-07,96.01,12.02,P2:31:P3:45:P1:24
N-28,2026-06-08,95.87,11.57,P2:31:P3:45:P1:24
N-28,2026-06-09,0.0,0.0,P2:31:P3:45:P1:24
N-28,2026-06-10,100.13,11.81,P2:31:P3:45:P1:24
N-28,2026-06-11,89.54,12.01,P2:31:P3:45:P1:24
N-28,2026-06-12,98.04,11.72,P2:31:P3:45:P1:24
N-28,2026-06-13,102.25,12.02,P2:31:P3:45:P1:24
N-28,2026-06-14,94.68,11.96,P2:31:P3:45:P1:24
N-28,2026-06-15,96.81,12.12,P2:31:P3:45:P1:24
N-28,2026-06-16,94.05,12.22,P2:31:P3:45:P1:24
N-28,2026-06-17,94.64,12.12,P2:31:P3:45:P1:24
N-28,2026-06-18,93.65,11.46,P2:31:P3:45:P1:24
N-28,2026-06-19,102.36,11.64,P2:31:P3:45:P1:24
N-28,2026-06-20,101.07,11.64,P2:31:P3:45:P1:24
N-28,2026-06-21,96.22,11.91,P2:31:P3:45:P1:24
N-28,2026-06-22,90.1,12.1,P2:31:P3:45:P1:24
N-28,2026-06-23,92.05,11.86,P2:31:P3:45:P1:24
N-28,2026-06-24,92.16,11.71,P2:31:P3:45:P1:24
N-28,2026-06-25,96.87,11.49,P2:31:P3:45:P1:24
N-28,2026-06-26,100.51,12.07,P2:31:P3:45:P1:24
N-28,2026-06-27,100.1,12.13,P2:31:P3:45:P1:24
N-28,2026-06-28,95.47,12.04,P2:31:P3:45:P1:24
N-28,2026-06-29,95.04,11.65,P2:31:P3:45:P1:24
N-28,2026-06-30,88.74,11.81,P2:31:P3:45:P1:24
N-28,2026-07-01,94.42,11.7,P2:31:P3:45:P1:24
N-28,2026-07-02,93.63,12.09,P2:31:P3:45:P1:24
N-28,2026-07-03,93.64,11.87,P2:31:P3:45:P1:24
N-28,2026-07-04,97.57,11.74,P2:31:P3:45:P1:24
N-28,2026-07-05,92.98,11.77,P2:31:P3:45:P1:24
N-28,2026-07-06,94.98,11.71,P2:31:P3:45:P1:24
N-28,2026-07-07,96.34,11.86,P2:31:P3:45:P1:24
N-28,2026-07-08,98.38,11.87,P2:31:P3:45:P1:24
N-28,2026-07-09,95.33,12.18,P2:31:P3:45:P1:24
N-28,2026-07-10,100.21,11.45,P2:31:P3:45:P1:24
N-28,2026-07-11,93.6,11.84,P2:31:P3:45:P1:24
N-28,2026-07-12,92.92,12.14,P2:31:P3:45:P1:24
N-28,2026-07-13,91.61,12.06,P2:31:P3:45:P1:24
N-28,2026-07-14,99.09,11.59,P2:31:P3:45:P1:24
N-28,2026-07-15,94.52,11.88,P2:31:P3:45:P1:24
N-28,2026-07-16,86.88,11.67,P2:31:P3:45:P1:24
N-28,2026-07-17,98.56,11.67,P2:31:P3:45:P1:24
N-28,2026-07-18,91.08,12.0,P2:31:P3:45:P1:24
N-28,2026-07-19,107.29,12.12,P2:31:P3:45:P1:24
N-28,2026-07-20,100.16,12.03,P2:31:P3:45:P1:24
N-28,2026-07-21,96.71,11.59,P2:31:P3:45:P1:24
N-28,2026-07-22,91.93,11.47,P2:31:P3:45:P1:24
N-28,2026-07-23,94.68,12.38,P2:31:P3:45:P1:24
N-28,2026-07-24,96.87,12.06,P2:31:P3:45:P1:24
N-28,2026-07-25,105.58,11.99,P2:31:P3:45:P1:24
N-28,2026-07-26,95.38,11.82,P2:31:P3:45:P1:24
N-28,2026-07-27,92.97,11.5,P2:31:P3:45:P1:24
N-28,2026-07-28,94.48,12.09,P2:31:P3:45:P1:24
N-28,2026-07-29,95.45,11.88,P2:31:P3:45:P1:24
N-28,2026-07-30,96.19,12.13,P2:31:P3:45:P1:24
N-28,2026-07-31,103.32,11.39,P2:31:P3:45:P1:24
N-28,2026-08-01,91.15,12.1,P2:31:P3:45:P1:24
N-28,2026-08-02,98.52,11.85,P2:31:P3:45:P1:24
N-28,2026-08-03,91.78,11.81,P2:31:P3:45:P1:24
N-28,2026-08-04,99.35,12.14,P2:31:P3:45:P1:24
N-28,2026-08-05,95.64,11.8,P2:31:P3:45:P1:24
N-28,2026-08-06,96.57,11.68,P2:31:P3:45:P1:24
N-28,2026-08-07,92.84,12.36,P2:31:P3:45:P1:24
N-28,2026-08-08,96.67,11.64,P2:31:P3:45:P1:24
N-28,2026-08-09,98.41,11.4,P2:31:P3:45:P1:24
N-28,2026-08-10,94.42,12.05,P2:31:P3:45:P1:24
N-28,2026-08-11,99.29,11.97,P2:31:P3:45:P1:24
N-28,2026-08-12,94.16,11.36,P2:31:P3:45:P1:24
N-28,2026-08-13,96.72,11.75,P2:31:P3:45:P1:24
N-28,2026-08-14,97.56,11.73,P2:31:P3:45:P1:24
N-28,2026-08-15,94.65,11.85,P2:31:P3:45:P1:24
N-28,2026-08-16,94.6,11.88,P2:31:P3:45:P1:24
N-28,2026-08-17,89.95,12.0,P2:31:P3:45:P1:24
N-28,2026-08-18,94.55,11.94,P2:31:P3:45:P1:24
N-28,2026-08-19,93.49,12.25,P2:31:P3:45:P1:24
N-28,2026-08-20,96.42,11.62,P2:31:P3:45:P1:24
N-28,2026-08-21,96.97,11.68,P2:31:P3:45:P1:24
N-28,2026-08-22,90.63,11.51,P2:31:P3:45:P1:24
N-28,2026-08-23,99.03,11.89,P2:31:P3:45:P1:24
N-28,2026-08-24,92.5,11.44,P2:31:P3:45:P1:24
N-28,2026-08-25,93.62,11.9,P2:31:P3:45:P1:24
N-28,2026-08-26,94.82,11.79,P2:31:P3:45:P1:24
N-28,2026-08-27,98.03,12.32,P2:31:P3:45:P1:24
N-28,2026-08-28,95.07,11.94,P2:31:P3:45:P1:24
N-28,2026-08-29,99.89,11.98,P2:31:P3:45:P1:24
N-28,2026-08-30,98.45,11.7,P2:31:P3:45:P1:24
N-28,2026-08-31,93.89,12.14,P2:31:P3:45:P1:24
N-29,2025-09-01,126.08,9.23,P2:64:P1:36
N-29,2025-09-02,125.38,8.54,P2:64:P1:36
N-29,2025-09-03,121.04,8.9,P2:64:P1:36
N-29,2025-09-04,118.31,8.49,P2:64:P1:36
N-29,2025-09-05,121.79,8.92,P2:64:P1:36
N-29,2025-09-06,116.08,9.15,P2:64:P1:36
N-29,2025-09-07,115.46,9.55,P2:64:P1:36
N-29,2025-09-08,119.08,8.92,P2:64:P1:36
N-29,2025-09-09,121.55,9.05,P2:64:P1:36
N-29,2025-09-10,112.62,8.71,P2:64:P1:36
N-29,2025-09-11,119.4,8.49,P2:64:P1:36
N-29,2025-09-12,117.69,8.91,P2:64:P1:36
N-29,2025-09-13,117.18,8.67,P2:64:P1:36
N-29,2025-09-14,115.59,8.87,P2:64:P1:36
N-29,2025-09-15,120.09,8.94,P2:64:P1:36
N-29,2025-09-16,116.91,8.83,P2:64:P1:36
N-29,2025-09-17,116.35,9.09,P2:64:P1:36
N-29,2025-09-18,114.27,8.64,P2:64:P1:36
N-29,2025-09-19,122.2,9.08,P2:64:P1:36
N-29,2025-09-20,117.67,8.89,P2:64:P1:36
N-29,2025-09-21,122.3,8.93,P2:64:P1:36
N-29,2025-09-22,127.94,8.99,P2:64:P1:36
N-29,2025-09-23,119.82,8.66,P2:64:P1:36
N-29,2025-09-24,115.12,9.08,P2:64:P1:36
N-29,2025-09-25,118.76,8.63,P2:64:P1:36
N-29,2025-09-26,109.97,9.13,P2:64:P1:36
N-29,2025-09-27,126.67,8.53,P2:64:P1:36
N-29,2025-09-28,125.41,8.83,P2:64:P1:36
N-29,2025-09-29,118.02,9.24,P2:64:P1:36
N-29,2025-09-30,116.98,8.73,P2:64:P1:36
N-29,2025-10-01,121.99,8.87,P2:64:P1:36
N-29,2025-10-02,124.91,9.33,P2:64:P1:36
N-29,2025-10-03,120.87,8.88,P2:64:P1:36
N-29,2025-10-04,121.37,8.9,P2:64:P1:36
N-29,2025-10-05,110.69,9.02,P2:64:P1:36
N-29,2025-10-06,119.84,8.96,P2:64:P1:36
N-29,2025-10-07,116.93,9.41,P2:64:P1:36
N-29,2025-10-08,0.0,0.0,P2:64:P1:36
N-29,2025-10-09,119.52,9.56,P2:64:P1:36
N-29,2025-10-10,114.57,9.04,P2:64:P1:36
N-29,2025-10-11,121.7,8.91,P2:64:P1:36
N-29,2025-10-12,118.88,8.84,P2:64:P1:36
N-29,2025-10-13,117.65,8.89,P2:64:P1:36
N-29,2025-10-14,106.32,8.59,P2:64:P1:36
N-29,2025-10-15,113.35,8.68,P2:64:P1:36
N-29,2025-10-16,117.27,9.19,P2:64:P1:36
N-29,2025-10-17,119.63,8.92,P2:64:P1:36
N-29,2025-10-18,116.22,9.26,P2:64:P1:36
N-29,2025-10-19,118.67,8.73,P2:64:P1:36
N-29,2025-10-20,120.86,8.6,P2:64:P1:36
N-29,2025-10-21,115.68,8.86,P2:64:P1:36
N-29,2025-10-22,114.44,8.84,P2:64:P1:36
N-29,2025-10-23,116.53,9.02,P2:64:P1:36
N-29,2025-10-24,121.73,8.74,P2:64:P1:36
N-29,2025-10-25,121.54,8.93,P2:64:P1:36
N-29,2025-10-26,118.99,8.86,P2:64:P1:36
N-29,2025-10-27,124.31,9.15,P2:64:P1:36
N-29,2025-10-28,120.99,8.57,P2:64:P1:36
N-29,2025-10-29,122.47,8.93,P2:64:P1:36
N-29,2025-10-30,111.39,8.96,P2:64:P1:36
N-29,2025-10-31,125.07,9.01,P2:64:P1:36
N-29,2025-11-01,123.88,9.47,P2:64:P1:36
N-29,2025-11-02,115.81,8.56,P2:64:P1:36
N-29,2025-11-03,114.42,9.08,P2:64:P1:36
N-29,2025-11-04,126.73,8.89,P2:64:P1:36
N-29,2025-11-05,126.54,8.59,P2:64:P1:36
N-29,2025-11-06,115.46,8.85,P2:64:P1:36
N-29,2025-11-07,119.78,9.14,P2:64:P1:36
N-29,2025-11-08,115.45,9.09,P2:64:P1:36
N-29,2025-11-09,117.86,8.4,P2:64:P1:36
N-29,2025-11-10,114.52,8.73,P2:64:P1:36
N-29,2025-11-11,126.36,9.17,P2:64:P1:36
N-29,2025-11-12,120.32,8.83,P2:64:P1:36
N-29,2025-11-13,117.02,8.91,P2:64:P1:36
N-29,2025-11-14,117.32,8.67,P2:64:P1:36
N-29,2025-11-15,118.17,8.49,P2:64:P1:36
N-29,2025-11-16,123.59,8.73,P2:64:P1:36
N-29,2025-11-17,124.96,9.17,P2:64:P1:36
N-29,2025-11-18,112.98,8.9,P2:64:P1:36
N-29,2025-11-19,116.07,8.91,P2:64:P1:36
N-29,2025-11-20,116.19,8.86,P2:64:P1:36
N-29,2025-11-21,117.86,8.96,P2:64:P1:36
N-29,2025-11-22,120.04,8.54,P2:64:P1:36
N-29,2025-11-23,120.66,9.07,P2:64:P1:36
N-29,2025-11-24,111.1,8.7,P2:64:P1:36
N-29,2025-11-25,121.8,8.78,P2:64:P1:36
N-29,2025-11-26,126.37,9.31,P2:64:P1:36
N-29,2025-11-27,113.67,8.85,P2:64:P1:36
N-29,2025-11-28,123.88,9.1,P2:64:P1:36
N-29,2025-11-29,119.09,8.49,P2:64:P1:36
N-29,2025-11-30,125.36,8.96,P2:64:P1:36
N-29,2025-12-01,119.3,8.99,P2:64:P1:36
N-29,2025-12-02,120.66,8.32,P2:64:P1:36
N-29,2025-12-03,110.15,9.04,P2:64:P1:36
N-29,2025-12-04,112.54,8.98,P2:64:P1:36
N-29,2025-12-05,108.81,8.8,P2:64:P1:36
N-29,2025-12-06,126.45,8.55,P2:64:P1:36
N-29,2025-12-07,117.44,9.5,P2:64:P1:36
N-29,2025-12-08,124.82,8.97,P2:64:P1:36
N-29,2025-12-09,123.99,8.61,P2:64:P1:36
N-29,2025-12-10,115.33,8.9,P2:64:P1:36
N-29,2025-12-11,116.43,8.96,P2:64:P1:36
N-29,2025-12-12,116.92,8.83,P2:64:P1:36
N-29,2025-12-13,128.5,8.81,P2:64:P1:36
N-29,2025-12-14,124.67,8.58,P2:64:P1:36
N-29,2025-12-15,119.26,8.12,P2:64:P1:36
N-29,2025-12-16,111.69,8.82,P2:64:P1:36
N-29,2025-12-17,117.61,8.7,P2:64:P1:36
N-29,2025-12-18,110.37,8.62,P2:64:P1:36
N-29,2025-12-19,114.49,9.32,P2:64:P1:36
N-29,2025-12-20,118.09,9.0,P2:64:P1:36
N-29,2025-12-21,114.82,9.25,P2:64:P1:36
N-29,2025-12-22,121.86,8.94,P2:64:P1:36
N-29,2025-12-23,120.86,9.02,P2:64:P1:36
N-29,2025-12-24,119.71,8.83,P2:64:P1:36
N-29,2025-12-25,118.17,9.1,P2:64:P1:36
N-29,2025-12-26,130.47,8.9,P2:64:P1:36
N-29,2025-12-27,110.01,9.01,P2:64:P1:36
N-29,2025-12-28,114.61,9.02,P2:64:P1:36
N-29,2025-12-29,122.04,8.8,P2:64:P1:36
N-29,2025-12-30,114.75,9.07,P2:64:P1:36
N-29,2025-12-31,113.15,8.96,P2:64:P1:36
N-29,2026-01-01,118.54,8.77,P2:64:P1:36
N-29,2026-01-02,0.0,0.0,P2:64:P1:36
N-29,2026-01-03,123.34,9.15,P2:64:P1:36
N-29,2026-01-04,129.3,9.17,P2:64:P1:36
N-29,2026-01-05,114.7,8.87,P2:64:P1:36
N-29,2026-01-06,125.16,9.0,P2:64:P1:36
N-29,2026-01-07,121.25,8.94,P2:64:P1:36
N-29,2026-01-08,116.18,8.89,P2:64:P1:36
N-29,2026-01-09,121.49,9.25,P2:64:P1:36
N-29,2026-01-10,122.18,8.79,P2:64:P1:36
N-29,2026-01-11,116.48,9.4,P2:64:P1:36
N-29,2026-01-12,125.71,9.09,P2:64:P1:36
N-29,2026-01-13,115.15,8.59,P2:64:P1:36
N-29,2026-01-14,116.24,8.52,P2:64:P1:36
N-29,2026-01-15,112.67,8.62,P2:64:P1:36
N-29,2026-01-16,114.41,9.07,P2:64:P1:36
N-29,2026-01-17,123.26,8.44,P2:64:P1:36
N-29,2026-01-18,118.78,8.78,P2:64:P1:36
N-29,2026-01-19,116.1,9.22,P2:64:P1:36
N-29,2026-01-20,120.08,9.02,P2:64:P1:36
N-29,2026-01-21,122.89,8.47,P2:64:P1:36
N-29,2026-01-22,121.45,9.58,P2:64:P1:36
N-29,2026-01-23,127.96,9.15,P2:64:P1:36
N-29,2026-01-24,120.04,8.44,P2:64:P1:36
N-29,2026-01-25,109.03,8.54,P2:64:P1:36
N-29,2026-01-26,121.28,9.27,P2:64:P1:36
N-29,2026-01-27,109.2,8.75,P2:64:P1:36
N-29,2026-01-28,123.16,9.0,P2:64:P1:36
N-29,2026-01-29,121.75,8.95,P2:64:P1:36
N-29,2026-01-30,121.79,8.81,P2:64:P1:36
N-29,2026-01-31,126.72,9.25,P2:64:P1:36
N-29,2026-02-01,116.77,8.76,P2:64:P1:36
N-29,2026-02-02,119.62,8.95,P2:64:P1:36
N-29,2026-02-03,129.84,9.4,P2:64:P1:36
N-29,2026-02-04,116.73,9.09,P2:64:P1:36
N-29,2026-02-05,117.44,9.2,P2:64:P1:36
N-29,2026-02-06,119.43,8.91,P2:64:P1:36
N-29,2026-02-07,116.96,9.4,P2:64:P1:36
N-29,2026-02-08,115.87,8.95,P2:64:P1:36
N-29,2026-02-09,123.6,8.35,P2:64:P1:36
N-29,2026-02-10,122.64,9.14,P2:64:P1:36
N-29,2026-02-11,126.14,9.1,P2:64:P1:36
N-29,2026-02-12,115.28,8.62,P2:64:P1:36
N-29,2026-02-13,116.22,9.43,P2:64:P1:36
N-29,2026-02-14,117.68,9.23,P2:64:P1:36
N-29,2026-02-15,124.64,9.3,P2:64:P1:36
N-29,2026-02-16,114.84,8.87,P2:64:P1:36
N-29,2026-02-17,119.43,8.59,P2:64:P1:36
N-29,2026-02-18,118.99,8.89,P2:64:P1:36
N-29,2026-02-19,112.33,8.66,P2:64:P1:36
N-29,2026-02-20,113.69,8.75,P2:64:P1:36
N-29,2026-02-21,114.97,9.22,P2:64:P1:36
N-29,2026-02-22,118.33,9.65,P2:64:P1:36
N-29,2026-02-23,117.38,8.85,P2:64:P1:36
N-29,2026-02-24,120.07,8.65,P2:64:P1:36
N-29,2026-02-25,122.26,8.86,P2:64:P1:36
N-29,2026-02-26,124.18,8.42,P2:64:P1:36
N-29,2026-02-27,121.42,9.08,P2:64:P1:36
N-29,2026-02-28,120.06,9.13,P2:64:P1:36
N-29,2026-03-01,114.59,9.37,P2:64:P1:36
N-29,2026-03-02,116.12,8.53,P2:64:P1:36
N-29,2026-03-03,124.36,9.39,P2:64:P1:36
N-29,2026-03-04,119.83,8.7,P2:64:P1:36
N-29,2026-03-05,123.03,8.51,P2:64:P1:36
N-29,2026-03-06,112.51,8.88,P2:64:P1:36
N-29,2026-03-07,128.37,8.81,P2:64:P1:36
N-29,2026-03-08,119.16,8.57,P2:64:P1:36
N-29,2026-03-09,123.18,8.78,P2:64:P1:36
N-29,2026-03-10,126.0,8.35,P2:64:P1:36
N-29,2026-03-11,118.91,8.75,P2:64:P1:36
N-29,2026-03-12,119.6,8.69,P2:64:P1:36
N-29,2026-03-13,118.57,8.44,P2:64:P1:36
N-29,2026-03-14,114.75,8.82,P2:64:P1:36
N-29,2026-03-15,120.6,9.08,P2:64:P1:36
N-29,2026-03-16,118.88,9.09,P2:64:P1:36
N-29,2026-03-17,119.7,8.97,P2:64:P1:36
N-29,2026-03-18,117.41,9.03,P2:64:P1:36
N-29,2026-03-19,116.36,8.33,P2:64:P1:36
N-29,2026-03-20,111.9,8.57,P2:64:P1:36
N-29,2026-03-21,114.09,8.9,P2:64:P1:36
N-29,2026-03-22,115.92,9.01,P2:64:P1:36
N-29,2026-03-23,120.12,8.76,P2:64:P1:36
N-29,2026-03-24,116.35,8.89,P2:64:P1:36
N-29,2026-03-25,112.99,8.9,P2:64:P1:36
N-29,2026-03-26,117.28,9.44,P2:64:P1:36
N-29,2026-03-27,120.22,8.91,P2:64:P1:36
N-29,2026-03-28,125.24,8.81,P2:64:P1:36
N-29,2026-03-29,128.02,8.74,P2:64:P1:36
N-29,2026-03-30,111.1,9.01,P2:64:P1:36
N-29,2026-03-31,114.98,9.17,P2:64:P1:36
N-29,2026-04-01,116.91,9.26,P2:64:P1:36
N-29,2026-04-02,120.22,8.96,P2:64:P1:36
N-29,2026-04-03,126.21,8.64,P2:64:P1:36
N-29,2026-04-04,120.16,9.37,P2:64:P1:36
N-29,2026-04-05,112.57,9.27,P2:64:P1:36
N-29,2026-04-06,109.85,9.35,P2:64:P1:36
N-29,2026-04-07,123.6,8.72,P2:64:P1:36
N-29,2026-04-08,115.01,9.3,P2:64:P1:36
N-29,2026-04-09,114.99,8.45,P2:64:P1:36
N-29,2026-04-10,113.12,9.01,P2:64:P1:36
N-29,2026-04-11,116.75,9.11,P2:64:P1:36
N-29,2026-04-12,111.83,8.81,P2:64:P1:36
N-29,2026-04-13,118.06,9.15,P2:64:P1:36
N-29,2026-04-14,121.52,9.12,P2:64:P1:36
N-29,2026-04-15,123.86,8.48,P2:64:P1:36
N-29,2026-04-16,117.45,9.08,P2:64:P1:36
N-29,2026-04-17,120.07,9.16,P2:64:P1:36
N-29,2026-04-18,121.3,8.46,P2:64:P1:36
N-29,2026-04-19,123.23,9.0,P2:64:P1:36
N-29,2026-04-20,116.54,8.16,P2:64:P1:36
N-29,2026-04-21,114.37,9.28,P2:64:P1:36
N-29,2026-04-22,116.59,8.82,P2:64:P1:36
N-29,2026-04-23,118.37,8.6,P2:64:P1:36
N-29,2026-04-24,116.88,9.3,P2:64:P1:36
N-29,2026-04-25,115.63,9.02,P2:64:P1:36
N-29,2026-04-26,120.42,8.85,P2:64:P1:36
N-29,2026-04-27,115.48,8.7,P2:64:P1:36
N-29,2026-04-28,117.05,9.22,P2:64:P1:36
N-29,2026-04-29,116.73,9.05,P2:64:P1:36
N-29,2026-04-30,121.06,8.92,P2:64:P1:36
N-29,2026-05-01,114.65,8.68,P2:64:P1:36
N-29,2026-05-02,122.18,8.94,P2:64:P1:36
N-29,2026-05-03,112.42,9.35,P2:64:P1:36
N-29,2026-05-04,113.63,9.2,P2:64:P1:36
N-29,2026-05-05,112.99,8.73,P2:64:P1:36
N-29,2026-05-06,119.22,8.92,P2:64:P1:36
N-29,2026-05-07,113.76,9.06,P2:64:P1:36
N-29,2026-05-08,110.9,9.51,P2:64:P1:36
N-29,2026-05-09,109.87,8.52,P2:64:P1:36
N-29,2026-05-10,120.33,8.8,P2:64:P1:36
N-29,2026-05-11,108.82,8.91,P2:64:P1:36
N-29,2026-05-12,120.12,8.76,P2:64:P1:36
N-29,2026-05-13,116.21,8.76,P2:64:P1:36
N-29,2026-05-14,129.98,8.86,P2:64:P1:36
N-29,2026-05-15,116.71,9.12,P2:64:P1:36
N-29,2026-05-16,117.02,9.16,P2:64:P1:36
N-29,2026-05-17,116.18,9.04,P2:64:P1:36
N-29,2026-05-18,0.0,0.0,P2:64:P1:36
N-29,2026-05-19,112.24,9.12,P2:64:P1:36
N-29,2026-05-20,119.7,8.82,P2:64:P1:36
N-29,2026-05-21,117.82,8.83,P2:64:P1:36
N-29,2026-05-22,117.43,9.06,P2:64:P1:36
N-29,2026-05-23,120.78,8.76,P2:64:P1:36
N-29,2026-05-24,118.8,8.3,P2:64:P1:36
N-29,2026-05-25,123.7,8.92,P2:64:P1:36
N-29,2026-05-26,123.11,9.18,P2:64:P1:36
N-29,2026-05-27,123.63,8.86,P2:64:P1:36
N-29,2026-05-28,120.46,8.61,P2:64:P1:36
N-29,2026-05-29,119.63,8.93,P2:64:P1:36
N-29,2026-05-30,110.59,9.33,P2:64:P1:36
N-29,2026-05-31,118.46,9.02,P2:64:P1:36
N-29,2026-06-01,122.02,8.55,P2:64:P1:36
N-29,2026-06-02,116.97,8.67,P2:64:P1:36
N-29,2026-06-03,129.59,9.35,P2:64:P1:36
N-29,2026-06-04,119.04,8.78,P2:64:P1:36
N-29,2026-06-05,0.0,0.0,P2:64:P1:36
N-29,2026-06-06,124.39,9.05,P2:64:P1:36
N-29,2026-06-07,117.13,9.22,P2:64:P1:36
N-29,2026-06-08,107.84,8.97,P2:64:P1:36
N-29,2026-06-09,112.01,8.91,P2:64:P1:36
N-29,2026-06-10,116.08,8.84,P2:64:P1:36
N-29,2026-06-11,124.02,8.68,P2:64:P1:36
N-29,2026-06-12,104.82,9.16,P2:64:P1:36
N-29,2026-06-13,116.88,9.18,P2:64:P1:36
N-29,2026-06-14,115.93,8.97,P2:64:P1:36
N-29,2026-06-15,110.41,9.25,P2:64:P1:36
N-29,2026-06-16,119.61,9.28,P2:64:P1:36
N-29,2026-06-17,114.52,8.85,P2:64:P1:36
N-29,2026-06-18,120.78,9.57,P2:64:P1:36
N-29,2026-06-19,112.17,8.99,P2:64:P1:36
N-29,2026-06-20,115.52,8.78,P2:64:P1:36
N-29,2026-06-21,115.21,8.59,P2:64:P1:36
N-29,2026-06-22,120.15,9.53,P2:64:P1:36
N-29,2026-06-23,119.53,9.47,P2:64:P1:36
N-29,2026-06-24,123.33,8.77,P2:64:P1:36
N-29,2026-06-25,124.13,8.98,P2:64:P1:36
N-29,2026-06-26,113.85,8.44,P2:64:P1:36
N-29,2026-06-27,119.12,8.69,P2:64:P1:36
N-29,2026-06-28,119.15,8.52,P2:64:P1:36
N-29,2026-06-29,112.46,8.6,P2:64:P1:36
N-29,2026-06-30,116.57,8.43,P2:64:P1:36
N-29,2026-07-01,117.63,8.41,P2:64:P1:36
N-29,2026-07-02,120.68,8.75,P2:64:P1:36
N-29,2026-07-03,117.48,9.26,P2:64:P1:36
N-29,2026-07-04,116.93,8.88,P2:64:P1:36
N-29,2026-07-05,122.58,8.97,P2:64:P1:36
N-29,2026-07-06,116.12,8.73,P2:64:P1:36
N-29,2026-07-07,118.02,8.34,P2:64:P1:36
N-29,2026-07-08,117.09,8.91,P2:64:P1:36
N-29,2026-07-09,113.4,9.35,P2:64:P1:36
N-29,2026-07-10,121.07,8.85,P2:64:P1:36
N-29,2026-07-11,122.48,8.96,P2:64:P1:36
N-29,2026-07-12,115.34,8.37,P2:64:P1:36
N-29,2026-07-13,111.52,9.04,P2:64:P1:36
N-29,2026-07-14,116.05,8.7,P2:64:P1:36
N-29,2026-07-15,117.01,9.24,P2:64:P1:36
N-29,2026-07-16,120.64,9.03,P2:64:P1:36
N-29,2026-07-17,123.95,9.15,P2:64:P1:36
N-29,2026-07-18,122.69,8.69,P2:64:P1:36
N-29,2026-07-19,108.23,9.29,P2:64:P1:36
N-29,2026-07-20,120.57,9.08,P2:64:P1:36
N-29,2026-07-21,113.09,8.76,P2:64:P1:36
N-29,2026-07-22,114.09,8.67,P2:64:P1:36
N-29,2026-07-23,116.22,8.64,P2:64:P1:36
N-29,2026-07-24,123.39,8.66,P2:64:P1:36
N-29,2026-07-25,112.39,8.77,P2:64:P1:36
N-29,2026-07-26,115.25,9.23,P2:64:P1:36
N-29,2026-07-27,112.96,8.95,P2:64:P1:36
N-29,2026-07-28,123.78,9.02,P2:64:P1:36
N-29,2026-07-29,112.12,9.0,P2:64:P1:36
N-29,2026-07-30,115.9,9.17,P2:64:P1:36
N-29,2026-07-31,118.18,9.02,P2:64:P1:36
N-29,2026-08-01,118.21,9.11,P2:64:P1:36
N-29,2026-08-02,117.61,8.54,P2:64:P1:36
N-29,2026-08-03,121.68,8.64,P2:64:P1:36
N-29,2026-08-04,118.36,8.66,P2:64:P1:36
N-29,2026-08-05,117.72,9.04,P2:64:P1:36
N-29,2026-08-06,121.5,8.67,P2:64:P1:36
N-29,2026-08-07,119.88,8.98,P2:64:P1:36
N-29,2026-08-08,117.32,9.33,P2:64:P1:36
N-29,2026-08-09,119.66,8.4,P2:64:P1:36
N-29,2026-08-10,117.12,8.78,P2:64:P1:36
N-29,2026-08-11,0.0,0.0,P2:64:P1:36
N-29,2026-08-12,114.57,8.83,P2:64:P1:36
N-29,2026-08-13,114.72,8.96,P2:64:P1:36
N-29,2026-08-14,121.21,9.19,P2:64:P1:36
N-29,2026-08-15,121.07,9.09,P2:64:P1:36
N-29,2026-08-16,117.49,8.71,P2:64:P1:36
N-29,2026-08-17,114.47,8.45,P2:64:P1:36
N-29,2026-08-18,120.06,8.8,P2:64:P1:36
N-29,2026-08-19,113.97,8.65,P2:64:P1:36
N-29,2026-08-20,119.82,9.29,P2:64:P1:36
N-29,2026-08-21,122.01,9.44,P2:64:P1:36
N-29,2026-08-22,121.55,9.39,P2:64:P1:36
N-29,2026-08-23,117.06,8.76,P2:64:P1:36
N-29,2026-08-24,117.57,8.95,P2:64:P1:36
N-29,2026-08-25,119.87,8.98,P2:64:P1:36
N-29,2026-08-26,114.94,8.9,P2:64:P1:36
N-29,2026-08-27,116.26,8.97,P2:64:P1:36
N-29,2026-08-28,116.69,8.97,P2:64:P1:36
N-29,2026-08-29,122.94,9.29,P2:64:P1:36
N-29,2026-08-30,116.27,8.92,P2:64:P1:36
N-29,2026-08-31,123.77,9.28,P2:64:P1:36
N-30,2025-09-01,132.73,10.65,P2:60:P3:40
N-30,2025-09-02,138.87,10.65,P2:60:P3:40
N-30,2025-09-03,134.18,10.37,P2:60:P3:40
N-30,2025-09-04,118.8,10.95,P2:60:P3:40
N-30,2025-09-05,133.1,11.12,P2:60:P3:40
N-30,2025-09-06,129.31,10.27,P2:60:P3:40
N-30,2025-09-07,125.71,10.59,P2:60:P3:40
N-30,2025-09-08,131.95,11.2,P2:60:P3:40
N-30,2025-09-09,132.66,10.59,P2:60:P3:40
N-30,2025-09-10,134.89,10.62,P2:60:P3:40
N-30,2025-09-11,128.55,10.71,P2:60:P3:40
N-30,2025-09-12,127.31,10.11,P2:60:P3:40
N-30,2025-09-13,119.18,10.72,P2:60:P3:40
N-30,2025-09-14,131.27,10.34,P2:60:P3:40
N-30,2025-09-15,130.94,10.59,P2:60:P3:40
N-30,2025-09-16,128.38,10.86,P2:60:P3:40
N-30,2025-09-17,141.61,10.78,P2:60:P3:40
N-30,2025-09-18,136.91,10.21,P2:60:P3:40
N-30,2025-09-19,133.24,10.42,P2:60:P3:40
N-30,2025-09-20,124.15,10.3,P2:60:P3:40
N-30,2025-09-21,125.39,10.26,P2:60:P3:40
N-30,2025-09-22,135.88,10.48,P2:60:P3:40
N-30,2025-09-23,125.01,10.59,P2:60:P3:40
N-30,2025-09-24,131.68,10.49,P2:60:P3:40
N-30,2025-09-25,126.65,10.96,P2:60:P3:40
N-30,2025-09-26,130.12,10.61,P2:60:P3:40
N-30,2025-09-27,137.77,10.34,P2:60:P3:40
N-30,2025-09-28,127.55,10.93,P2:60:P3:40
N-30,2025-09-29,134.45,10.45,P2:60:P3:40
N-30,2025-09-30,124.66,10.87,P2:60:P3:40
N-30,2025-10-01,115.19,10.09,P2:60:P3:40
N-30,2025-10-02,136.9,10.54,P2:60:P3:40
N-30,2025-10-03,130.25,11.14,P2:60:P3:40
N-30,2025-10-04,123.15,11.21,P2:60:P3:40
N-30,2025-10-05,133.48,10.42,P2:60:P3:40
N-30,2025-10-06,134.4,11.05,P2:60:P3:40
N-30,2025-10-07,132.34,10.4,P2:60:P3:40
N-30,2025-10-08,135.96,10.51,P2:60:P3:40
N-30,2025-10-09,0.0,0.0,P2:60:P3:40
N-30,2025-10-10,125.76,10.66,P2:60:P3:40
N-30,2025-10-11,139.17,10.46,P2:60:P3:40
N-30,2025-10-12,128.76,10.25,P2:60:P3:40
N-30,2025-10-13,128.81,10.41,P2:60:P3:40
N-30,2025-10-14,135.55,10.57,P2:60:P3:40
N-30,2025-10-15,140.1,10.13,P2:60:P3:40
N-30,2025-10-16,129.19,10.91,P2:60:P3:40
N-30,2025-10-17,131.33,10.69,P2:60:P3:40
N-30,2025-10-18,129.36,10.7,P2:60:P3:40
N-30,2025-10-19,136.01,9.88,P2:60:P3:40
N-30,2025-10-20,129.61,10.45,P2:60:P3:40
N-30,2025-10-21,128.7,10.32,P2:60:P3:40
N-30,2025-10-22,126.9,10.34,P2:60:P3:40
N-30,2025-10-23,128.15,10.1,P2:60:P3:40
N-30,2025-10-24,133.85,10.5,P2:60:P3:40
N-30,2025-10-25,117.26,10.04,P2:60:P3:40
N-30,2025-10-26,127.94,11.35,P2:60:P3:40
N-30,2025-10-27,122.59,10.73,P2:60:P3:40
N-30,2025-10-28,126.05,10.7,P2:60:P3:40
N-30,2025-10-29,130.78,10.64,P2:60:P3:40
N-30,2025-10-30,135.47,10.74,P2:60:P3:40
N-30,2025-10-31,129.0,10.55,P2:60:P3:40
N-30,2025-11-01,130.25,11.22,P2:60:P3:40
N-30,2025-11-02,133.0,10.52,P2:60:P3:40
N-30,2025-11-03,136.59,10.4,P2:60:P3:40
N-30,2025-11-04,133.32,10.5,P2:60:P3:40
N-30,2025-11-05,135.57,10.65,P2:60:P3:40
N-30,2025-11-06,136.15,10.32,P2:60:P3:40
N-30,2025-11-07,138.52,10.39,P2:60:P3:40
N-30,2025-11-08,145.39,10.44,P2:60:P3:40
N-30,2025-11-09,138.51,11.16,P2:60:P3:40
N-30,2025-11-10,124.41,10.65,P2:60:P3:40
N-30,2025-11-11,137.94,10.62,P2:60:P3:40
N-30,2025-11-12,130.27,10.64,P2:60:P3:40
N-30,2025-11-13,136.44,10.31,P2:60:P3:40
N-30,2025-11-14,126.33,10.57,P2:60:P3:40
N-30,2025-11-15,126.7,11.0,P2:60:P3:40
N-30,2025-11-16,132.05,10.37,P2:60:P3:40
N-30,2025-11-17,129.91,10.45,P2:60:P3:40
N-30,2025-11-18,132.3,10.84,P2:60:P3:40
N-30,2025-11-19,143.33,10.56,P2:60:P3:40
N-30,2025-11-20,131.81,10.23,P2:60:P3:40
N-30,2025-11-21,135.14,10.64,P2:60:P3:40
N-30,2025-11-22,125.01,10.62,P2:60:P3:40
N-30,2025-11-23,126.13,10.3,P2:60:P3:40
N-30,2025-11-24,125.37,10.83,P2:60:P3:40
N-30,2025-11-25,114.96,10.46,P2:60:P3:40
N-30,2025-11-26,132.84,11.11,P2:60:P3:40
N-30,2025-11-27,133.72,10.41,P2:60:P3:40
N-30,2025-11-28,124.58,10.44,P2:60:P3:40
N-30,2025-11-29,127.04,10.31,P2:60:P3:40
N-30,2025-11-30,126.29,11.24,P2:60:P3:40
N-30,2025-12-01,129.89,10.62,P2:60:P3:40
N-30,2025-12-02,126.19,10.65,P2:60:P3:40
N-30,2025-12-03,130.16,10.37,P2:60:P3:40
N-30,2025-12-04,134.27,10.29,P2:60:P3:40
N-30,2025-12-05,132.97,10.85,P2:60:P3:40
N-30,2025-12-06,136.29,10.52,P2:60:P3:40
N-30,2025-12-07,127.27,10.64,P2:60:P3:40
N-30,2025-12-08,126.61,10.7,P2:60:P3:40
N-30,2025-12-09,127.52,11.07,P2:60:P3:40
N-30,2025-12-10,128.32,10.62,P2:60:P3:40
N-30,2025-12-11,136.52,10.73,P2:60:P3:40
N-30,2025-12-12,136.74,10.63,P2:60:P3:40
N-30,2025-12-13,134.74,10.22,P2:60:P3:40
N-30,2025-12-14,135.04,10.84,P2:60:P3:40
N-30,2025-12-15,125.26,10.76,P2:60:P3:40
N-30,2025-12-16,126.52,10.63,P2:60:P3:40
N-30,2025-12-17,132.99,10.8,P2:60:P3:40
N-30,2025-12-18,139.69,10.97,P2:60:P3:40
N-30,2025-12-19,138.96,10.51,P2:60:P3:40
N-30,2025-12-20,121.32,10.39,P2:60:P3:40
N-30,2025-12-21,134.49,10.33,P2:60:P3:40
N-30,2025-12-22,133.39,10.8,P2:60:P3:40
N-30,2025-12-23,128.2,10.82,P2:60:P3:40
N-30,2025-12-24,134.55,10.77,P2:60:P3:40
N-30,2025-12-25,132.82,10.49,P2:60:P3:40
N-30,2025-12-26,131.46,10.55,P2:60:P3:40
N-30,2025-12-27,130.68,10.46,P2:60:P3:40
N-30,2025-12-28,127.19,10.89,P2:60:P3:40
N-30,2025-12-29,134.35,10.53,P2:60:P3:40
N-30,2025-12-30,135.54,10.93,P2:60:P3:40
N-30,2025-12-31,140.43,10.99,P2:60:P3:40
N-30,2026-01-01,127.73,10.25,P2:60:P3:40
N-30,2026-01-02,130.98,10.88,P2:60:P3:40
N-30,2026-01-03,124.63,11.04,P2:60:P3:40
N-30,2026-01-04,135.46,10.59,P2:60:P3:40
N-30,2026-01-05,127.55,10.67,P2:60:P3:40
N-30,2026-01-06,137.8,11.0,P2:60:P3:40
N-30,2026-01-07,136.66,10.66,P2:60:P3:40
N-30,2026-01-08,133.02,10.82,P2:60:P3:40
N-30,2026-01-09,134.0,11.01,P2:60:P3:40
N-30,2026-01-10,127.51,10.66,P2:60:P3:40
N-30,2026-01-11,143.94,10.39,P2:60:P3:40
N-30,2026-01-12,130.04,10.71,P2:60:P3:40
N-30,2026-01-13,129.66,10.49,P2:60:P3:40
N-30,2026-01-14,130.45,10.21,P2:60:P3:40
N-30,2026-01-15,127.44,10.91,P2:60:P3:40
N-30,2026-01-16,132.83,10.79,P2:60:P3:40
N-30,2026-01-17,124.14,10.28,P2:60:P3:40
N-30,2026-01-18,122.11,10.35,P2:60:P3:40
N-30,2026-01-19,125.96,10.64,P2:60:P3:40
N-30,2026-01-20,141.28,10.67,P2:60:P3:40
N-30,2026-01-21,135.67,10.97,P2:60:P3:40
N-30,2026-01-22,127.83,10.21,P2:60:P3:40
N-30,2026-01-23,130.91,10.43,P2:60:P3:40
N-30,2026-01-24,127.76,10.66,P2:60:P3:40
N-30,2026-01-25,131.71,10.5,P2:60:P3:40
N-30,2026-01-26,127.94,10.81,P2:60:P3:40
N-30,2026-01-27,134.66,10.29,P2:60:P3:40
N-30,2026-01-28,123.64,10.8,P2:60:P3:40
N-30,2026-01-29,137.32,10.76,P2:60:P3:40
N-30,2026-01-30,127.51,10.08,P2:60:P3:40
N-30,2026-01-31,125.57,10.84,P2:60:P3:40
N-30,2026-02-01,129.32,10.3,P2:60:P3:40
N-30,2026-02-02,129.66,10.73,P2:60:P3:40
N-30,2026-02-03,143.6,10.25,P2:60:P3:40
N-30,2026-02-04,125.23,10.06,P2:60:P3:40
N-30,2026-02-05,128.87,10.18,P2:60:P3:40
N-30,2026-02-06,132.3,10.56,P2:60:P3:40
N-30,2026-02-07,120.06,10.8,P2:60:P3:40
N-30,2026-02-08,137.87,10.54,P2:60:P3:40
N-30,2026-02-09,127.87,10.27,P2:60:P3:40
N-30,2026-02-10,129.88,10.25,P2:60:P3:40
N-30,2026-02-11,131.19,11.02,P2:60:P3:40
N-30,2026-02-12,125.15,10.33,P2:60:P3:40
N-30,2026-02-13,131.45,10.26,P2:60:P3:40
N-30,2026-02-14,123.35,10.71,P2:60:P3:40
N-30,2026-02-15,130.32,10.43,P2:60:P3:40
N-30,2026-02-16,126.95,10.31,P2:60:P3:40
N-30,2026-02-17,126.29,10.6,P2:60:P3:40
N-30,2026-02-18,134.19,10.97,P2:60:P3:40
N-30,2026-02-19,136.48,10.39,P2:60:P3:40
N-30,2026-02-20,136.31,10.75,P2:60:P3:40
N-30,2026-02-21,128.36,10.17,P2:60:P3:40
N-30,2026-02-22,122.6,10.59,P2:60:P3:40
N-30,2026-02-23,131.7,10.43,P2:60:P3:40
N-30,2026-02-24,135.22,10.58,P2:60:P3:40
N-30,2026-02-25,126.44,10.66,P2:60:P3:40
N-30,2026-02-26,125.44,10.26,P2:60:P3:40
N-30,2026-02-27,126.91,10.63,P2:60:P3:40
N-30,2026-02-28,130.5,10.6,P2:60:P3:40
N-30,2026-03-01,129.91,10.4,P2:60:P3:40
N-30,2026-03-02,131.98,10.95,P2:60:P3:40
N-30,2026-03-03,147.59,10.18,P2:60:P3:40
N-30,2026-03-04,126.87,10.9,P2:60:P3:40
N-30,2026-03-05,125.77,9.98,P2:60:P3:40
N-30,2026-03-06,133.61,10.84,P2:60:P3:40
N-30,2026-03-07,136.86,10.82,P2:60:P3:40
N-30,2026-03-08,138.75,10.98,P2:60:P3:40
N-30,2026-03-09,136.78,10.59,P2:60:P3:40
N-30,2026-03-10,139.55,10.77,P2:60:P3:40
N-30,2026-03-11,132.52,10.86,P2:60:P3:40
N-30,2026-03-12,117.4,10.49,P2:60:P3:40
N-30,2026-03-13,125.95,10.99,P2:60:P3:40
N-30,2026-03-14,133.67,10.37,P2:60:P3:40
N-30,2026-03-15,135.08,10.74,P2:60:P3:40
N-30,2026-03-16,128.34,10.38,P2:60:P3:40
N-30,2026-03-17,131.44,10.66,P2:60:P3:40
N-30,2026-03-18,131.94,10.62,P2:60:P3:40
N-30,2026-03-19,133.9,9.81,P2:60:P3:40
N-30,2026-03-20,125.6,10.47,P2:60:P3:40
N-30,2026-03-21,136.44,10.73,P2:60:P3:40
N-30,2026-03-22,136.38,10.54,P2:60:P3:40
N-30,2026-03-23,132.07,11.27,P2:60:P3:40
N-30,2026-03-24,131.47,10.9,P2:60:P3:40
N-30,2026-03-25,128.96,10.63,P2:60:P3:40
N-30,2026-03-26,137.12,10.57,P2:60:P3:40
N-30,2026-03-27,121.68,10.49,P2:60:P3:40
N-30,2026-03-28,134.34,11.1,P2:60:P3:40
N-30,2026-03-29,127.66,10.75,P2:60:P3:40
N-30,2026-03-30,122.92,10.93,P2:60:P3:40
N-30,2026-03-31,128.49,10.66,P2:60:P3:40
N-30,2026-04-01,133.21,11.17,P2:60:P3:40
N-30,2026-04-02,128.34,10.84,P2:60:P3:40
N-30,2026-04-03,135.96,11.0,P2:60:P3:40
N-30,2026-04-04,0.0,0.0,P2:60:P3:40
N-30,2026-04-05,127.29,9.82,P2:60:P3:40
N-30,2026-04-06,129.6,10.91,P2:60:P3:40
N-30,2026-04-07,132.0,10.5,P2:60:P3:40
N-30,2026-04-08,133.97,10.35,P2:60:P3:40
N-30,2026-04-09,132.08,10.49,P2:60:P3:40
N-30,2026-04-10,131.69,10.99,P2:60:P3:40
N-30,2026-04-11,125.39,10.82,P2:60:P3:40
N-30,2026-04-12,127.33,10.75,P2:60:P3:40
N-30,2026-04-13,134.34,10.56,P2:60:P3:40
N-30,2026-04-14,127.23,10.53,P2:60:P3:40
N-30,2026-04-15,133.67,10.69,P2:60:P3:40
N-30,2026-04-16,130.16,10.52,P2:60:P3:40
N-30,2026-04-17,135.37,10.56,P2:60:P3:40
N-30,2026-04-18,135.24,10.15,P2:60:P3:40
N-30,2026-04-19,132.69,10.3,P2:60:P3:40
N-30,2026-04-20,133.84,10.76,P2:60:P3:40
N-30,2026-04-21,125.75,10.4,P2:60:P3:40
N-30,2026-04-22,126.65,10.03,P2:60:P3:40
N-30,2026-04-23,129.78,11.46,P2:60:P3:40
N-30,2026-04-24,140.14,10.69,P2:60:P3:40
N-30,2026-04-25,135.2,10.77,P2:60:P3:40
N-30,2026-04-26,126.65,11.17,P2:60:P3:40
N-30,2026-04-27,129.25,10.25,P2:60:P3:40
N-30,2026-04-28,140.52,10.42,P2:60:P3:40
N-30,2026-04-29,130.59,10.08,P2:60:P3:40
N-30,2026-04-30,134.19,10.39,P2:60:P3:40
N-30,2026-05-01,133.83,10.07,P2:60:P3:40
N-30,2026-05-02,131.77,10.54,P2:60:P3:40
N-30,2026-05-03,129.43,10.55,P2:60:P3:40
N-30,2026-05-04,130.9,10.26,P2:60:P3:40
N-30,2026-05-05,132.61,10.32,P2:60:P3:40
N-30,2026-05-06,127.87,10.73,P2:60:P3:40
N-30,2026-05-07,133.52,10.41,P2:60:P3:40
N-30,2026-05-08,133.97,11.07,P2:60:P3:40
N-30,2026-05-09,129.22,10.56,P2:60:P3:40
N-30,2026-05-10,132.86,10.3,P2:60:P3:40
N-30,2026-05-11,122.49,10.82,P2:60:P3:40
N-30,2026-05-12,131.27,10.36,P2:60:P3:40
N-30,2026-05-13,130.67,10.33,P2:60:P3:40
N-30,2026-05-14,140.64,10.62,P2:60:P3:40
N-30,2026-05-15,132.24,10.52,P2:60:P3:40
N-30,2026-05-16,130.69,10.54,P2:60:P3:40
N-30,2026-05-17,127.58,10.82,P2:60:P3:40
N-30,2026-05-18,137.97,10.33,P2:60:P3:40
N-30,2026-05-19,138.84,10.87,P2:60:P3:40
N-30,2026-05-20,132.37,10.39,P2:60:P3:40
N-30,2026-05-21,136.28,10.75,P2:60:P3:40
N-30,2026-05-22,134.04,10.69,P2:60:P3:40
N-30,2026-05-23,130.6,10.93,P2:60:P3:40
N-30,2026-05-24,136.69,10.54,P2:60:P3:40
N-30,2026-05-25,138.87,10.8,P2:60:P3:40
N-30,2026-05-26,138.83,10.6,P2:60:P3:40
N-30,2026-05-27,135.04,10.65,P2:60:P3:40
N-30,2026-05-28,132.62,10.14,P2:60:P3:40
N-30,2026-05-29,126.93,10.85,P2:60:P3:40
N-30,2026-05-30,135.05,11.17,P2:60:P3:40
N-30,2026-05-31,130.97,10.14,P2:60:P3:40
N-30,2026-06-01,130.99,10.45,P2:60:P3:40
N-30,2026-06-02,137.64,10.99,P2:60:P3:40
N-30,2026-06-03,139.13,10.63,P2:60:P3:40
N-30,2026-06-04,120.64,10.56,P2:60:P3:40
N-30,2026-06-05,133.06,11.25,P2:60:P3:40
N-30,2026-06-06,130.3,10.79,P2:60:P3:40
N-30,2026-06-07,125.76,10.35,P2:60:P3:40
N-30,2026-06-08,131.27,11.14,P2:60:P3:40
N-30,2026-06-09,126.2,10.7,P2:60:P3:40
N-30,2026-06-10,126.02,10.26,P2:60:P3:40
N-30,2026-06-11,132.31,10.6,P2:60:P3:40
N-30,2026-06-12,130.84,10.68,P2:60:P3:40
N-30,2026-06-13,135.29,10.61,P2:60:P3:40
N-30,2026-06-14,129.15,10.34,P2:60:P3:40
N-30,2026-06-15,145.69,10.63,P2:60:P3:40
N-30,2026-06-16,130.38,10.67,P2:60:P3:40
N-30,2026-06-17,133.27,9.99,P2:60:P3:40
N-30,2026-06-18,127.9,10.61,P2:60:P3:40
N-30,2026-06-19,132.57,10.41,P2:60:P3:40
N-30,2026-06-20,127.92,10.67,P2:60:P3:40
N-30,2026-06-21,126.78,10.36,P2:60:P3:40
N-30,2026-06-22,131.9,10.86,P2:60:P3:40
N-30,2026-06-23,140.9,10.81,P2:60:P3:40
N-30,2026-06-24,126.53,10.89,P2:60:P3:40
N-30,2026-06-25,126.37,11.18,P2:60:P3:40
N-30,2026-06-26,124.18,10.1,P2:60:P3:40
N-30,2026-06-27,128.27,10.42,P2:60:P3:40
N-30,2026-06-28,123.2,11.03,P2:60:P3:40
N-30,2026-06-29,129.02,10.79,P2:60:P3:40
N-30,2026-06-30,131.56,10.9,P2:60:P3:40
N-30,2026-07-01,133.74,10.76,P2:60:P3:40
N-30,2026-07-02,128.04,10.77,P2:60:P3:40
N-30,2026-07-03,132.61,10.52,P2:60:P3:40
N-30,2026-07-04,135.74,10.15,P2:60:P3:40
N-30,2026-07-05,0.0,0.0,P2:60:P3:40
N-30,2026-07-06,128.19,10.76,P2:60:P3:40
N-30,2026-07-07,133.8,11.19,P2:60:P3:40
N-30,2026-07-08,128.93,10.43,P2:60:P3:40
N-30,2026-07-09,129.73,10.57,P2:60:P3:40
N-30,2026-07-10,137.11,10.58,P2:60:P3:40
N-30,2026-07-11,124.59,10.7,P2:60:P3:40
N-30,2026-07-12,130.55,11.49,P2:60:P3:40
N-30,2026-07-13,136.5,10.43,P2:60:P3:40
N-30,2026-07-14,130.07,10.53,P2:60:P3:40
N-30,2026-07-15,125.93,11.03,P2:60:P3:40
N-30,2026-07-16,126.64,10.91,P2:60:P3:40
N-30,2026-07-17,126.73,10.36,P2:60:P3:40
N-30,2026-07-18,137.04,10.22,P2:60:P3:40
N-30,2026-07-19,127.47,10.72,P2:60:P3:40
N-30,2026-07-20,136.06,10.83,P2:60:P3:40
N-30,2026-07-21,132.6,10.91,P2:60:P3:40
N-30,2026-07-22,140.3,10.33,P2:60:P3:40
N-30,2026-07-23,136.75,10.65,P2:60:P3:40
N-30,2026-07-24,136.64,10.19,P2:60:P3:40
N-30,2026-07-25,128.95,10.73,P2:60:P3:40
N-30,2026-07-26,140.13,10.91,P2:60:P3:40
N-30,2026-07-27,122.81,10.55,P2:60:P3:40
N-30,2026-07-28,124.41,11.51,P2:60:P3:40
N-30,2026-07-29,133.08,11.0,P2:60:P3:40
N-30,2026-07-30,128.63,10.79,P2:60:P3:40
N-30,2026-07-31,131.59,11.07,P2:60:P3:40
N-30,2026-08-01,137.79,10.54,P2:60:P3:40
N-30,2026-08-02,133.17,10.63,P2:60:P3:40
N-30,2026-08-03,119.36,10.84,P2:60:P3:40
N-30,2026-08-04,127.89,10.92,P2:60:P3:40
N-30,2026-08-05,125.82,10.75,P2:60:P3:40
N-30,2026-08-06,121.74,10.86,P2:60:P3:40
N-30,2026-08-07,131.04,10.92,P2:60:P3:40
N-30,2026-08-08,127.57,10.51,P2:60:P3:40
N-30,2026-08-09,132.02,10.62,P2:60:P3:40
N-30,2026-08-10,134.59,10.74,P2:60:P3:40
N-30,2026-08-11,124.63,10.93,P2:60:P3:40
N-30,2026-08-12,130.88,10.84,P2:60:P3:40
N-30,2026-08-13,124.82,10.75,P2:60:P3:40
N-30,2026-08-14,135.57,10.32,P2:60:P3:40
N-30,2026-08-15,128.28,10.35,P2:60:P3:40
N-30,2026-08-16,136.52,10.86,P2:60:P3:40
N-30,2026-08-17,135.7,10.93,P2:60:P3:40
N-30,2026-08-18,125.54,11.13,P2:60:P3:40
N-30,2026-08-19,131.18,10.58,P2:60:P3:40
N-30,2026-08-20,129.55,10.84,P2:60:P3:40
N-30,2026-08-21,131.4,10.47,P2:60:P3:40
N-30,2026-08-22,134.88,10.65,P2:60:P3:40
N-30,2026-08-23,136.89,10.31,P2:60:P3:40
N-30,2026-08-24,137.04,10.44,P2:60:P3:40
N-30,2026-08-25,132.28,10.6,P2:60:P3:40
N-30,2026-08-26,130.84,11.15,P2:60:P3:40
N-30,2026-08-27,134.24,10.74,P2:60:P3:40
N-30,2026-08-28,141.6,10.51,P2:60:P3:40
N-30,2026-08-29,135.96,10.4,P2:60:P3:40
N-30,2026-08-30,139.07,10.26,P2:60:P3:40
N-30,2026-08-31,122.46,10.97,P2:60:P3:40
Z-36,2025-09-01,78.93,16.85,P2:24:P3:22:P1:55
Z-36,2025-09-02,82.54,16.52,P2:24:P3:22:P1:55
Z-36,2025-09-03,78.89,16.42,P2:24:P3:22:P1:55
Z-36,2025-09-04,78.69,16.76,P2:24:P3:22:P1:55
Z-36,2025-09-05,84.19,16.57,P2:24:P3:22:P1:55
Z-36,2025-09-06,83.19,16.63,P2:24:P3:22:P1:55
Z-36,2025-09-07,80.87,16.76,P2:24:P3:22:P1:55
Z-36,2025-09-08,84.32,16.65,P2:24:P3:22:P1:55
Z-36,2025-09-09,87.28,16.42,P2:24:P3:22:P1:55
Z-36,2025-09-10,77.28,16.75,P2:24:P3:22:P1:55
Z-36,2025-09-11,87.7,16.31,P2:24:P3:22:P1:55
Z-36,2025-09-12,85.58,15.79,P2:24:P3:22:P1:55
Z-36,2025-09-13,81.27,16.31,P2:24:P3:22:P1:55
Z-36,2025-09-14,84.04,16.71,P2:24:P3:22:P1:55
Z-36,2025-09-15,76.71,16.48,P2:24:P3:22:P1:55
Z-36,2025-09-16,76.52,17.01,P2:24:P3:22:P1:55
Z-36,2025-09-17,82.7,16.25,P2:24:P3:22:P1:55
Z-36,2025-09-18,86.65,16.07,P2:24:P3:22:P1:55
Z-36,2025-09-19,80.46,16.3,P2:24:P3:22:P1:55
Z-36,2025-09-20,77.9,16.23,P2:24:P3:22:P1:55
Z-36,2025-09-21,79.8,17.04,P2:24:P3:22:P1:55
Z-36,2025-09-22,83.4,17.05,P2:24:P3:22:P1:55
Z-36,2025-09-23,77.67,16.47,P2:24:P3:22:P1:55
Z-36,2025-09-24,83.97,16.63,P2:24:P3:22:P1:55
Z-36,2025-09-25,80.41,16.83,P2:24:P3:22:P1:55
Z-36,2025-09-26,78.94,16.83,P2:24:P3:22:P1:55
Z-36,2025-09-27,76.93,16.74,P2:24:P3:22:P1:55
Z-36,2025-09-28,82.47,16.61,P2:24:P3:22:P1:55
Z-36,2025-09-29,80.91,16.77,P2:24:P3:22:P1:55
Z-36,2025-09-30,77.11,16.47,P2:24:P3:22:P1:55
Z-36,2025-10-01,85.83,16.92,P2:24:P3:22:P1:55
Z-36,2025-10-02,80.5,16.0,P2:24:P3:22:P1:55
Z-36,2025-10-03,80.58,16.66,P2:24:P3:22:P1:55
Z-36,2025-10-04,83.7,16.59,P2:24:P3:22:P1:55
Z-36,2025-10-05,79.34,17.38,P2:24:P3:22:P1:55
Z-36,2025-10-06,76.95,16.34,P2:24:P3:22:P1:55
Z-36,2025-10-07,77.82,17.12,P2:24:P3:22:P1:55
Z-36,2025-10-08,83.42,16.73,P2:24:P3:22:P1:55
Z-36,2025-10-09,75.31,17.17,P2:24:P3:22:P1:55
Z-36,2025-10-10,80.5,16.95,P2:24:P3:22:P1:55
Z-36,2025-10-11,76.83,16.52,P2:24:P3:22:P1:55
Z-36,2025-10-12,88.04,16.9,P2:24:P3:22:P1:55
Z-36,2025-10-13,86.94,16.48,P2:24:P3:22:P1:55
Z-36,2025-10-14,82.28,16.27,P2:24:P3:22:P1:55
Z-36,2025-10-15,80.46,16.24,P2:24:P3:22:P1:55
Z-36,2025-10-16,78.37,17.01,P2:24:P3:22:P1:55
Z-36,2025-10-17,0.0,0.0,P2:24:P3:22:P1:55
Z-36,2025-10-18,78.12,16.66,P2:24:P3:22:P1:55
Z-36,2025-10-19,85.4,16.3,P2:24:P3:22:P1:55
Z-36,2025-10-20,86.75,16.52,P2:24:P3:22:P1:55
Z-36,2025-10-21,85.26,16.69,P2:24:P3:22:P1:55
Z-36,2025-10-22,83.21,16.45,P2:24:P3:22:P1:55
Z-36,2025-10-23,84.4,16.15,P2:24:P3:22:P1:55
Z-36,2025-10-24,76.86,16.65,P2:24:P3:22:P1:55
Z-36,2025-10-25,83.28,16.91,P2:24:P3:22:P1:55
Z-36,2025-10-26,85.31,16.68,P2:24:P3:22:P1:55
Z-36,2025-10-27,83.2,16.94,P2:24:P3:22:P1:55
Z-36,2025-10-28,85.85,16.53,P2:24:P3:22:P1:55
Z-36,2025-10-29,83.11,16.57,P2:24:P3:22:P1:55
Z-36,2025-10-30,85.48,16.84,P2:24:P3:22:P1:55
Z-36,2025-10-31,82.16,17.01,P2:24:P3:22:P1:55
Z-36,2025-11-01,83.8,16.87,P2:24:P3:22:P1:55
Z-36,2025-11-02,84.34,16.6,P2:24:P3:22:P1:55
Z-36,2025-11-03,77.28,16.4,P2:24:P3:22:P1:55
Z-36,2025-11-04,78.34,17.31,P2:24:P3:22:P1:55
Z-36,2025-11-05,84.84,16.92,P2:24:P3:22:P1:55
Z-36,2025-11-06,80.7,16.6,P2:24:P3:22:P1:55
Z-36,2025-11-07,76.99,16.7,P2:24:P3:22:P1:55
Z-36,2025-11-08,82.4,16.7,P2:24:P3:22:P1:55
Z-36,2025-11-09,83.85,16.77,P2:24:P3:22:P1:55
Z-36,2025-11-10,77.71,16.39,P2:24:P3:22:P1:55
Z-36,2025-11-11,86.54,16.58,P2:24:P3:22:P1:55
Z-36,2025-11-12,86.61,16.42,P2:24:P3:22:P1:55
Z-36,2025-11-13,78.75,16.09,P2:24:P3:22:P1:55
Z-36,2025-11-14,80.07,16.84,P2:24:P3:22:P1:55
Z-36,2025-11-15,83.93,17.01,P2:24:P3:22:P1:55
Z-36,2025-11-16,87.88,16.61,P2:24:P3:22:P1:55
Z-36,2025-11-17,83.08,16.32,P2:24:P3:22:P1:55
Z-36,2025-11-18,81.7,15.86,P2:24:P3:22:P1:55
Z-36,2025-11-19,84.48,16.32,P2:24:P3:22:P1:55
Z-36,2025-11-20,87.15,17.18,P2:24:P3:22:P1:55
Z-36,2025-11-21,75.38,16.96,P2:24:P3:22:P1:55
Z-36,2025-11-22,82.09,16.35,P2:24:P3:22:P1:55
Z-36,2025-11-23,86.63,17.0,P2:24:P3:22:P1:55
Z-36,2025-11-24,83.47,16.78,P2:24:P3:22:P1:55
Z-36,2025-11-25,74.99,17.03,P2:24:P3:22:P1:55
Z-36,2025-11-26,76.68,16.53,P2:24:P3:22:P1:55
Z-36,2025-11-27,82.65,16.33,P2:24:P3:22:P1:55
Z-36,2025-11-28,78.28,16.35,P2:24:P3:22:P1:55
Z-36,2025-11-29,85.19,16.59,P2:24:P3:22:P1:55
Z-36,2025-11-30,85.05,16.85,P2:24:P3:22:P1:55
Z-36,2025-12-01,83.93,16.86,P2:24:P3:22:P1:55
Z-36,2025-12-02,81.48,16.85,P2:24:P3:22:P1:55
Z-36,2025-12-03,80.85,16.74,P2:24:P3:22:P1:55
Z-36,2025-12-04,78.52,16.84,P2:24:P3:22:P1:55
Z-36,2025-12-05,80.52,16.98,P2:24:P3:22:P1:55
Z-36,2025-12-06,83.05,16.65,P2:24:P3:22:P1:55
Z-36,2025-12-07,86.04,16.24,P2:24:P3:22:P1:55
Z-36,2025-12-08,76.92,16.78,P2:24:P3:22:P1:55
Z-36,2025-12-09,77.64,16.8,P2:24:P3:22:P1:55
Z-36,2025-12-10,77.42,17.35,P2:24:P3:22:P1:55
Z-36,2025-12-11,78.71,16.48,P2:24:P3:22:P1:55
Z-36,2025-12-12,83.13,16.79,P2:24:P3:22:P1:55
Z-36,2025-12-13,79.07,16.48,P2:24:P3:22:P1:55
Z-36,2025-12-14,75.21,16.91,P2:24:P3:22:P1:55
Z-36,2025-12-15,77.05,16.34,P2:24:P3:22:P1:55
Z-36,2025-12-16,78.6,16.85,P2:24:P3:22:P1:55
Z-36,2025-12-17,83.68,16.17,P2:24:P3:22:P1:55
Z-36,2025-12-18,82.27,16.05,P2:24:P3:22:P1:55
Z-36,2025-12-19,83.0,16.55,P2:24:P3:22:P1:55
Z-36,2025-12-20,78.3,16.26,P2:24:P3:22:P1:55
Z-36,2025-12-21,78.98,16.59,P2:24:P3:22:P1:55
Z-36,2025-12-22,83.85,16.64,P2:24:P3:22:P1:55
Z-36,2025-12-23,78.5,17.13,P2:24:P3:22:P1:55
Z-36,2025-12-24,83.58,16.29,P2:24:P3:22:P1:55
Z-36,2025-12-25,88.47,16.27,P2:24:P3:22:P1:55
Z-36,2025-12-26,81.15,16.97,P2:24:P3:22:P1:55
Z-36,2025-12-27,82.59,17.13,P2:24:P3:22:P1:55
Z-36,2025-12-28,86.05,17.0,P2:24:P3:22:P1:55
Z-36,2025-12-29,86.35,16.62,P2:24:P3:22:P1:55
Z-36,2025-12-30,81.12,16.93,P2:24:P3:22:P1:55
Z-36,2025-12-31,80.2,16.63,P2:24:P3:22:P1:55
Z-36,2026-01-01,84.12,16.34,P2:24:P3:22:P1:55
Z-36,2026-01-02,87.78,16.46,P2:24:P3:22:P1:55
Z-36,2026-01-03,86.66,16.75,P2:24:P3:22:P1:55
Z-36,2026-01-04,84.68,16.45,P2:24:P3:22:P1:55
Z-36,2026-01-05,81.27,16.31,P2:24:P3:22:P1:55
Z-36,2026-01-06,84.45,17.17,P2:24:P3:22:P1:55
Z-36,2026-01-07,84.25,16.93,P2:24:P3:22:P1:55
Z-36,2026-01-08,81.85,16.49,P2:24:P3:22:P1:55
Z-36,2026-01-09,85.3,16.43,P2:24:P3:22:P1:55
Z-36,2026-01-10,76.69,16.58,P2:24:P3:22:P1:55
Z-36,2026-01-11,77.74,16.94,P2:24:P3:22:P1:55
Z-36,2026-01-12,85.59,17.01,P2:24:P3:22:P1:55
Z-36,2026-01-13,80.41,17.23,P2:24:P3:22:P1:55
Z-36,2026-01-14,81.07,16.52,P2:24:P3:22:P1:55
Z-36,2026-01-15,81.6,16.39,P2:24:P3:22:P1:55
Z-36,2026-01-16,75.84,16.77,P2:24:P3:22:P1:55
Z-36,2026-01-17,78.84,16.47,P2:24:P3:22:P1:55
Z-36,2026-01-18,0.0,0.0,P2:24:P3:22:P1:55
Z-36,2026-01-19,83.42,16.48,P2:24:P3:22:P1:55
Z-36,2026-01-20,80.91,17.13,P2:24:P3:22:P1:55
Z-36,2026-01-21,84.29,16.29,P2:24:P3:22:P1:55
Z-36,2026-01-22,85.91,16.61,P2:24:P3:22:P1:55
Z-36,2026-01-23,85.41,16.84,P2:24:P3:22:P1:55
Z-36,2026-01-24,0.0,0.0,P2:24:P3:22:P1:55
Z-36,2026-01-25,79.62,16.36,P2:24:P3:22:P1:55
Z-36,2026-01-26,83.08,16.65,P2:24:P3:22:P1:55
Z-36,2026-01-27,88.77,16.9,P2:24:P3:22:P1:55
Z-36,2026-01-28,82.69,16.3,P2:24:P3:22:P1:55
Z-36,2026-01-29,79.81,16.0,P2:24:P3:22:P1:55
Z-36,2026-01-30,81.28,16.34,P2:24:P3:22:P1:55
Z-36,2026-01-31,77.82,16.92,P2:24:P3:22:P1:55
Z-36,2026-02-01,81.97,17.11,P2:24:P3:22:P1:55
Z-36,2026-02-02,85.24,16.5,P2:24:P3:22:P1:55
Z-36,2026-02-03,0.0,0.0,P2:24:P3:22:P1:55
Z-36,2026-02-04,81.02,16.74,P2:24:P3:22:P1:55
Z-36,2026-02-05,80.58,16.27,P2:24:P3:22:P1:55
Z-36,2026-02-06,76.35,17.16,P2:24:P3:22:P1:55
Z-36,2026-02-07,81.79,16.65,P2:24:P3:22:P1:55
Z-36,2026-02-08,79.0,16.72,P2:24:P3:22:P1:55
Z-36,2026-02-09,83.07,17.05,P2:24:P3:22:P1:55
Z-36,2026-02-10,79.29,16.76,P2:24:P3:22:P1:55
Z-36,2026-02-11,81.02,16.58,P2:24:P3:22:P1:55
Z-36,2026-02-12,79.57,16.69,P2:24:P3:22:P1:55
Z-36,2026-02-13,82.8,16.39,P2:24:P3:22:P1:55
Z-36,2026-02-14,82.67,16.17,P2:24:P3:22:P1:55
Z-36,2026-02-15,84.61,16.93,P2:24:P3:22:P1:55
Z-36,2026-02-16,83.9,16.52,P2:24:P3:22:P1:55
Z-36,2026-02-17,82.24,16.69,P2:24:P3:22:P1:55
Z-36,2026-02-18,78.13,17.01,P2:24:P3:22:P1:55
Z-36,2026-02-19,77.52,16.42,P2:24:P3:22:P1:55
Z-36,2026-02-20,78.72,16.13,P2:24:P3:22:P1:55
Z-36,2026-02-21,89.37,16.54,P2:24:P3:22:P1:55
Z-36,2026-02-22,79.28,16.68,P2:24:P3:22:P1:55
Z-36,2026-02-23,79.87,16.53,P2:24:P3:22:P1:55
Z-36,2026-02-24,82.27,16.83,P2:24:P3:22:P1:55
Z-36,2026-02-25,79.56,17.03,P2:24:P3:22:P1:55
Z-36,2026-02-26,80.21,16.92,P2:24:P3:22:P1:55
Z-36,2026-02-27,80.12,16.35,P2:24:P3:22:P1:55
Z-36,2026-02-28,81.78,16.76,P2:24:P3:22:P1:55
Z-36,2026-03-01,81.27,16.06,P2:24:P3:22:P1:55
Z-36,2026-03-02,79.37,16.74,P2:24:P3:22:P1:55
Z-36,2026-03-03,83.27,16.66,P2:24:P3:22:P1:55
Z-36,2026-03-04,84.04,16.62,P2:24:P3:22:P1:55
Z-36,2026-03-05,77.04,16.86,P2:24:P3:22:P1:55
Z-36,2026-03-06,0.0,0.0,P2:24:P3:22:P1:55
Z-36,2026-03-07,82.07,17.08,P2:24:P3:22:P1:55
Z-36,2026-03-08,76.88,17.11,P2:24:P3:22:P1:55
Z-36,2026-03-09,81.85,16.32,P2:24:P3:22:P1:55
Z-36,2026-03-10,90.65,16.84,P2:24:P3:22:P1:55
Z-36,2026-03-11,80.29,16.53,P2:24:P3:22:P1:55
Z-36,2026-03-12,79.56,16.47,P2:24:P3:22:P1:55
Z-36,2026-03-13,78.44,16.72,P2:24:P3:22:P1:55
Z-36,2026-03-14,80.55,16.4,P2:24:P3:22:P1:55
Z-36,2026-03-15,81.97,16.59,P2:24:P3:22:P1:55
Z-36,2026-03-16,83.53,16.51,P2:24:P3:22:P1:55
Z-36,2026-03-17,86.2,16.83,P2:24:P3:22:P1:55
Z-36,2026-03-18,79.88,16.5,P2:24:P3:22:P1:55
Z-36,2026-03-19,86.88,16.53,P2:24:P3:22:P1:55
Z-36,2026-03-20,82.5,16.86,P2:24:P3:22:P1:55
Z-36,2026-03-21,79.22,16.55,P2:24:P3:22:P1:55
Z-36,2026-03-22,82.4,16.86,P2:24:P3:22:P1:55
Z-36,2026-03-23,83.43,16.86,P2:24:P3:22:P1:55
Z-36,2026-03-24,84.46,16.89,P2:24:P3:22:P1:55
Z-36,2026-03-25,81.13,15.96,P2:24:P3:22:P1:55
Z-36,2026-03-26,80.86,16.4,P2:24:P3:22:P1:55
Z-36,2026-03-27,83.0,16.97,P2:24:P3:22:P1:55
Z-36,2026-03-28,79.4,17.1,P2:24:P3:22:P1:55
Z-36,2026-03-29,73.82,17.22,P2:24:P3:22:P1:55
Z-36,2026-03-30,90.74,16.95,P2:24:P3:22:P1:55
Z-36,2026-03-31,82.07,16.47,P2:24:P3:22:P1:55
Z-36,2026-04-01,79.86,16.4,P2:24:P3:22:P1:55
Z-36,2026-04-02,85.96,16.62,P2:24:P3:22:P1:55
Z-36,2026-04-03,78.0,16.51,P2:24:P3:22:P1:55
Z-36,2026-04-04,88.05,16.27,P2:24:P3:22:P1:55
Z-36,2026-04-05,76.83,16.64,P2:24:P3:22:P1:55
Z-36,2026-04-06,72.94,16.57,P2:24:P3:22:P1:55
Z-36,2026-04-07,78.91,16.84,P2:24:P3:22:P1:55
Z-36,2026-04-08,77.82,17.21,P2:24:P3:22:P1:55
Z-36,2026-04-09,80.65,16.57,P2:24:P3:22:P1:55
Z-36,2026-04-10,82.74,16.4,P2:24:P3:22:P1:55
Z-36,2026-04-11,87.14,17.53,P2:24:P3:22:P1:55
Z-36,2026-04-12,80.96,16.6,P2:24:P3:22:P1:55
Z-36,2026-04-13,82.82,16.98,P2:24:P3:22:P1:55
Z-36,2026-04-14,83.56,16.76,P2:24:P3:22:P1:55
Z-36,2026-04-15,79.32,16.35,P2:24:P3:22:P1:55
Z-36,2026-04-16,82.7,16.34,P2:24:P3:22:P1:55
Z-36,2026-04-17,83.54,16.51,P2:24:P3:22:P1:55
Z-36,2026-04-18,76.59,16.46,P2:24:P3:22:P1:55
Z-36,2026-04-19,86.31,16.19,P2:24:P3:22:P1:55
Z-36,2026-04-20,78.33,17.08,P2:24:P3:22:P1:55
Z-36,2026-04-21,83.14,16.77,P2:24:P3:22:P1:55
Z-36,2026-04-22,80.33,16.65,P2:24:P3:22:P1:55
Z-36,2026-04-23,79.71,16.65,P2:24:P3:22:P1:55
Z-36,2026-04-24,76.58,16.84,P2:24:P3:22:P1:55
Z-36,2026-04-25,78.34,16.64,P2:24:P3:22:P1:55
Z-36,2026-04-26,81.44,16.37,P2:24:P3:22:P1:55
Z-36,2026-04-27,76.29,16.59,P2:24:P3:22:P1:55
Z-36,2026-04-28,70.99,16.4,P2:24:P3:22:P1:55
Z-36,2026-04-29,82.66,16.53,P2:24:P3:22:P1:55
Z-36,2026-04-30,84.74,16.89,P2:24:P3:22:P1:55
Z-36,2026-05-01,69.72,16.24,P2:24:P3:22:P1:55
Z-36,2026-05-02,88.66,16.91,P2:24:P3:22:P1:55
Z-36,2026-05-03,83.46,16.52,P2:24:P3:22:P1:55
Z-36,2026-05-04,81.8,16.33,P2:24:P3:22:P1:55
Z-36,2026-05-05,80.35,17.35,P2:24:P3:22:P1:55
Z-36,2026-05-06,82.67,16.47,P2:24:P3:22:P1:55
Z-36,2026-05-07,79.25,16.61,P2:24:P3:22:P1:55
Z-36,2026-05-08,80.72,17.14,P2:24:P3:22:P1:55
Z-36,2026-05-09,81.18,16.76,P2:24:P3:22:P1:55
Z-36,2026-05-10,85.11,16.55,P2:24:P3:22:P1:55
Z-36,2026-05-11,81.07,16.58,P2:24:P3:22:P1:55
Z-36,2026-05-12,75.75,16.57,P2:24:P3:22:P1:55
Z-36,2026-05-13,83.15,16.47,P2:24:P3:22:P1:55
Z-36,2026-05-14,82.75,16.34,P2:24:P3:22:P1:55
Z-36,2026-05-15,75.64,17.15,P2:24:P3:22:P1:55
Z-36,2026-05-16,80.44,16.94,P2:24:P3:22:P1:55
Z-36,2026-05-17,82.22,16.47,P2:24:P3:22:P1:55
Z-36,2026-05-18,84.15,15.92,P2:24:P3:22:P1:55
Z-36,2026-05-19,85.08,16.68,P2:24:P3:22:P1:55
Z-36,2026-05-20,78.46,16.94,P2:24:P3:22:P1:55
Z-36,2026-05-21,84.93,16.81,P2:24:P3:22:P1:55
Z-36,2026-05-22,83.39,16.9,P2:24:P3:22:P1:55
Z-36,2026-05-23,82.73,16.6,P2:24:P3:22:P1:55
Z-36,2026-05-24,90.22,16.45,P2:24:P3:22:P1:55
Z-36,2026-05-25,81.46,16.73,P2:24:P3:22:P1:55
Z-36,2026-05-26,83.14,17.07,P2:24:P3:22:P1:55
Z-36,2026-05-27,83.28,16.47,P2:24:P3:22:P1:55
Z-36,2026-05-28,82.57,16.47,P2:24:P3:22:P1:55
Z-36,2026-05-29,81.12,16.91,P2:24:P3:22:P1:55
Z-36,2026-05-30,76.73,16.42,P2:24:P3:22:P1:55
Z-36,2026-05-31,79.51,16.31,P2:24:P3:22:P1:55
Z-36,2026-06-01,78.61,16.61,P2:24:P3:22:P1:55
Z-36,2026-06-02,85.26,16.45,P2:24:P3:22:P1:55
Z-36,2026-06-03,80.53,16.49,P2:24:P3:22:P1:55
Z-36,2026-06-04,83.71,16.37,P2:24:P3:22:P1:55
Z-36,2026-06-05,86.21,16.83,P2:24:P3:22:P1:55
Z-36,2026-06-06,83.38,17.14,P2:24:P3:22:P1:55
Z-36,2026-06-07,88.59,16.48,P2:24:P3:22:P1:55
Z-36,2026-06-08,84.22,16.43,P2:24:P3:22:P1:55
Z-36,2026-06-09,85.64,16.7,P2:24:P3:22:P1:55
Z-36,2026-06-10,79.36,16.73,P2:24:P3:22:P1:55
Z-36,2026-06-11,81.2,16.61,P2:24:P3:22:P1:55
Z-36,2026-06-12,82.26,16.68,P2:24:P3:22:P1:55
Z-36,2026-06-13,84.67,16.54,P2:24:P3:22:P1:55
Z-36,2026-06-14,80.0,16.95,P2:24:P3:22:P1:55
Z-36,2026-06-15,87.23,16.83,P2:24:P3:22:P1:55
Z-36,2026-06-16,79.2,16.4,P2:24:P3:22:P1:55
Z-36,2026-06-17,85.54,16.44,P2:24:P3:22:P1:55
Z-36,2026-06-18,89.2,17.18,P2:24:P3:22:P1:55
Z-36,2026-06-19,75.69,16.87,P2:24:P3:22:P1:55
Z-36,2026-06-20,79.23,16.92,P2:24:P3:22:P1:55
Z-36,2026-06-21,78.31,16.43,P2:24:P3:22:P1:55
Z-36,2026-06-22,82.7,17.01,P2:24:P3:22:P1:55
Z-36,2026-06-23,82.67,16.14,P2:24:P3:22:P1:55
Z-36,2026-06-24,87.08,16.15,P2:24:P3:22:P1:55
Z-36,2026-06-25,75.43,17.01,P2:24:P3:22:P1:55
Z-36,2026-06-26,82.31,16.82,P2:24:P3:22:P1:55
Z-36,2026-06-27,89.09,17.08,P2:24:P3:22:P1:55
Z-36,2026-06-28,80.33,16.37,P2:24:P3:22:P1:55
Z-36,2026-06-29,73.95,16.64,P2:24:P3:22:P1:55
Z-36,2026-06-30,77.79,16.45,P2:24:P3:22:P1:55
Z-36,2026-07-01,77.91,16.17,P2:24:P3:22:P1:55
Z-36,2026-07-02,80.6,16.29,P2:24:P3:22:P1:55
Z-36,2026-07-03,82.05,16.81,P2:24:P3:22:P1:55
Z-36,2026-07-04,86.66,17.34,P2:24:P3:22:P1:55
Z-36,2026-07-05,85.52,16.58,P2:24:P3:22:P1:55
Z-36,2026-07-06,76.3,17.03,P2:24:P3:22:P1:55
Z-36,2026-07-07,86.48,16.96,P2:24:P3:22:P1:55
Z-36,2026-07-08,81.26,16.55,P2:24:P3:22:P1:55
Z-36,2026-07-09,82.0,17.13,P2:24:P3:22:P1:55
Z-36,2026-07-10,78.25,16.41,P2:24:P3:22:P1:55
Z-36,2026-07-11,79.51,16.58,P2:24:P3:22:P1:55
Z-36,2026-07-12,82.95,16.13,P2:24:P3:22:P1:55
Z-36,2026-07-13,81.66,16.53,P2:24:P3:22:P1:55
Z-36,2026-07-14,82.76,16.97,P2:24:P3:22:P1:55
Z-36,2026-07-15,80.22,16.66,P2:24:P3:22:P1:55
Z-36,2026-07-16,79.31,16.78,P2:24:P3:22:P1:55
Z-36,2026-07-17,85.47,17.09,P2:24:P3:22:P1:55
Z-36,2026-07-18,82.75,16.48,P2:24:P3:22:P1:55
Z-36,2026-07-19,83.11,15.86,P2:24:P3:22:P1:55
Z-36,2026-07-20,83.28,16.67,P2:24:P3:22:P1:55
Z-36,2026-07-21,87.22,17.25,P2:24:P3:22:P1:55
Z-36,2026-07-22,79.4,17.12,P2:24:P3:22:P1:55
Z-36,2026-07-23,76.57,16.73,P2:24:P3:22:P1:55
Z-36,2026-07-24,77.26,17.31,P2:24:P3:22:P1:55
Z-36,2026-07-25,83.77,16.9,P2:24:P3:22:P1:55
Z-36,2026-07-26,83.52,15.85,P2:24:P3:22:P1:55
Z-36,2026-07-27,77.38,16.98,P2:24:P3:22:P1:55
Z-36,2026-07-28,84.53,16.39,P2:24:P3:22:P1:55
Z-36,2026-07-29,78.97,17.03,P2:24:P3:22:P1:55
Z-36,2026-07-30,84.39,16.11,P2:24:P3:22:P1:55
Z-36,2026-07-31,83.02,16.53,P2:24:P3:22:P1:55
Z-36,2026-08-01,77.9,16.42,P2:24:P3:22:P1:55
Z-36,2026-08-02,82.58,16.16,P2:24:P3:22:P1:55
Z-36,2026-08-03,81.88,16.92,P2:24:P3:22:P1:55
Z-36,2026-08-04,82.49,16.69,P2:24:P3:22:P1:55
Z-36,2026-08-05,83.16,16.37,P2:24:P3:22:P1:55
Z-36,2026-08-06,83.13,16.5,P2:24:P3:22:P1:55
Z-36,2026-08-07,83.73,16.88,P2:24:P3:22:P1:55
Z-36,2026-08-08,76.73,16.29,P2:24:P3:22:P1:55
Z-36,2026-08-09,73.76,17.43,P2:24:P3:22:P1:55
Z-36,2026-08-10,86.34,17.04,P2:24:P3:22:P1:55
Z-36,2026-08-11,84.32,16.55,P2:24:P3:22:P1:55
Z-36,2026-08-12,85.12,16.69,P2:24:P3:22:P1:55
Z-36,2026-08-13,81.62,16.69,P2:24:P3:22:P1:55
Z-36,2026-08-14,82.35,16.49,P2:24:P3:22:P1:55
Z-36,2026-08-15,83.49,16.87,P2:24:P3:22:P1:55
Z-36,2026-08-16,81.15,16.22,P2:24:P3:22:P1:55
Z-36,2026-08-17,79.63,16.31,P2:24:P3:22:P1:55
Z-36,2026-08-18,83.78,16.44,P2:24:P3:22:P1:55
Z-36,2026-08-19,83.76,16.7,P2:24:P3:22:P1:55
Z-36,2026-08-20,82.3,16.62,P2:24:P3:22:P1:55
Z-36,2026-08-21,81.16,16.61,P2:24:P3:22:P1:55
Z-36,2026-08-22,79.65,16.64,P2:24:P3:22:P1:55
Z-36,2026-08-23,80.38,16.95,P2:24:P3:22:P1:55
Z-36,2026-08-24,83.92,16.88,P2:24:P3:22:P1:55
Z-36,2026-08-25,81.13,16.41,P2:24:P3:22:P1:55
Z-36,2026-08-26,84.4,17.18,P2:24:P3:22:P1:55
Z-36,2026-08-27,86.42,16.88,P2:24:P3:22:P1:55
Z-36,2026-08-28,76.69,16.97,P2:24:P3:22:P1:55
Z-36,2026-08-29,84.64,16.55,P2:24:P3:22:P1:55
Z-36,2026-08-30,85.22,16.37,P2:24:P3:22:P1:55
Z-36,2026-08-31,77.67,16.58,P2:24:P3:22:P1:55
Z-37,2025-09-01,85.89,14.81,P3:40:P1:60
Z-37,2025-09-02,85.03,14.32,P3:40:P1:60
Z-37,2025-09-03,96.39,14.85,P3:40:P1:60
Z-37,2025-09-04,87.92,14.29,P3:40:P1:60
Z-37,2025-09-05,94.62,14.7,P3:40:P1:60
Z-37,2025-09-06,87.12,14.19,P3:40:P1:60
Z-37,2025-09-07,83.07,14.29,P3:40:P1:60
Z-37,2025-09-08,84.8,14.19,P3:40:P1:60
Z-37,2025-09-09,90.88,14.58,P3:40:P1:60
Z-37,2025-09-10,90.78,14.2,P3:40:P1:60
Z-37,2025-09-11,87.68,14.76,P3:40:P1:60
Z-37,2025-09-12,90.75,14.47,P3:40:P1:60
Z-37,2025-09-13,85.69,14.58,P3:40:P1:60
Z-37,2025-09-14,85.33,15.2,P3:40:P1:60
Z-37,2025-09-15,87.12,14.54,P3:40:P1:60
Z-37,2025-09-16,92.32,14.2,P3:40:P1:60
Z-37,2025-09-17,90.45,14.65,P3:40:P1:60
Z-37,2025-09-18,90.06,14.22,P3:40:P1:60
Z-37,2025-09-19,82.69,14.38,P3:40:P1:60
Z-37,2025-09-20,79.74,14.57,P3:40:P1:60
Z-37,2025-09-21,82.69,14.43,P3:40:P1:60
Z-37,2025-09-22,91.09,14.35,P3:40:P1:60
Z-37,2025-09-23,83.87,14.47,P3:40:P1:60
Z-37,2025-09-24,83.16,14.13,P3:40:P1:60
Z-37,2025-09-25,86.53,14.4,P3:40:P1:60
Z-37,2025-09-26,86.79,14.34,P3:40:P1:60
Z-37,2025-09-27,87.89,14.46,P3:40:P1:60
Z-37,2025-09-28,88.64,14.43,P3:40:P1:60
Z-37,2025-09-29,89.58,14.31,P3:40:P1:60
Z-37,2025-09-30,85.42,14.31,P3:40:P1:60
Z-37,2025-10-01,81.61,14.42,P3:40:P1:60
Z-37,2025-10-02,87.0,14.07,P3:40:P1:60
Z-37,2025-10-03,76.02,14.97,P3:40:P1:60
Z-37,2025-10-04,86.15,14.54,P3:40:P1:60
Z-37,2025-10-05,79.95,14.28,P3:40:P1:60
Z-37,2025-10-06,85.7,14.8,P3:40:P1:60
Z-37,2025-10-07,83.51,14.36,P3:40:P1:60
Z-37,2025-10-08,86.55,14.64,P3:40:P1:60
Z-37,2025-10-09,89.27,14.75,P3:40:P1:60
Z-37,2025-10-10,87.71,14.59,P3:40:P1:60
Z-37,2025-10-11,85.56,14.21,P3:40:P1:60
Z-37,2025-10-12,80.07,14.34,P3:40:P1:60
Z-37,2025-10-13,87.13,14.61,P3:40:P1:60
Z-37,2025-10-14,86.23,14.06,P3:40:P1:60
Z-37,2025-10-15,91.87,13.79,P3:40:P1:60
Z-37,2025-10-16,87.72,14.0,P3:40:P1:60
Z-37,2025-10-17,80.72,14.29,P3:40:P1:60
Z-37,2025-10-18,81.8,14.71,P3:40:P1:60
Z-37,2025-10-19,87.07,14.73,P3:40:P1:60
Z-37,2025-10-20,91.86,14.42,P3:40:P1:60
Z-37,2025-10-21,86.84,13.93,P3:40:P1:60
Z-37,2025-10-22,87.62,14.23,P3:40:P1:60
Z-37,2025-10-23,86.4,14.32,P3:40:P1:60
Z-37,2025-10-24,83.98,14.68,P3:40:P1:60
Z-37,2025-10-25,88.53,14.29,P3:40:P1:60
Z-37,2025-10-26,88.93,14.11,P3:40:P1:60
Z-37,2025-10-27,93.49,14.56,P3:40:P1:60
Z-37,2025-10-28,84.45,14.66,P3:40:P1:60
Z-37,2025-10-29,88.01,14.24,P3:40:P1:60
Z-37,2025-10-30,90.09,14.53,P3:40:P1:60
Z-37,2025-10-31,93.6,14.53,P3:40:P1:60
Z-37,2025-11-01,92.94,13.92,P3:40:P1:60
Z-37,2025-11-02,85.03,14.67,P3:40:P1:60
Z-37,2025-11-03,79.56,14.19,P3:40:P1:60
Z-37,2025-11-04,88.28,14.08,P3:40:P1:60
Z-37,2025-11-05,82.96,14.45,P3:40:P1:60
Z-37,2025-11-06,84.42,15.07,P3:40:P1:60
Z-37,2025-11-07,86.65,14.54,P3:40:P1:60
Z-37,2025-11-08,85.83,14.6,P3:40:P1:60
Z-37,2025-11-09,85.5,14.55,P3:40:P1:60
Z-37,2025-11-10,84.35,14.16,P3:40:P1:60
Z-37,2025-11-11,95.65,14.58,P3:40:P1:60
Z-37,2025-11-12,85.35,14.54,P3:40:P1:60
Z-37,2025-11-13,89.23,14.31,P3:40:P1:60
Z-37,2025-11-14,90.37,14.34,P3:40:P1:60
Z-37,2025-11-15,85.61,15.11,P3:40:P1:60
Z-37,2025-11-16,87.08,14.09,P3:40:P1:60
Z-37,2025-11-17,85.07,14.43,P3:40:P1:60
Z-37,2025-11-18,88.66,14.26,P3:40:P1:60
Z-37,2025-11-19,86.99,14.32,P3:40:P1:60
Z-37,2025-11-20,88.33,13.98,P3:40:P1:60
Z-37,2025-11-21,84.86,14.52,P3:40:P1:60
Z-37,2025-11-22,93.2,14.75,P3:40:P1:60
Z-37,2025-11-23,0.0,0.0,P3:40:P1:60
Z-37,2025-11-24,78.57,14.37,P3:40:P1:60
Z-37,2025-11-25,83.33,14.24,P3:40:P1:60
Z-37,2025-11-26,84.5,13.98,P3:40:P1:60
Z-37,2025-11-27,94.6,14.44,P3:40:P1:60
Z-37,2025-11-28,91.59,14.36,P3:40:P1:60
Z-37,2025-11-29,81.7,14.07,P3:40:P1:60
Z-37,2025-11-30,87.84,14.72,P3:40:P1:60
Z-37,2025-12-01,87.43,14.21,P3:40:P1:60
Z-37,2025-12-02,87.89,14.35,P3:40:P1:60
Z-37,2025-12-03,88.82,14.11,P3:40:P1:60
Z-37,2025-12-04,93.04,14.08,P3:40:P1:60
Z-37,2025-12-05,89.03,14.07,P3:40:P1:60
Z-37,2025-12-06,89.34,14.35,P3:40:P1:60
Z-37,2025-12-07,83.54,14.88,P3:40:P1:60
Z-37,2025-12-08,82.12,14.29,P3:40:P1:60
Z-37,2025-12-09,82.67,14.3,P3:40:P1:60
Z-37,2025-12-10,92.91,14.59,P3:40:P1:60
Z-37,2025-12-11,82.53,14.1,P3:40:P1:60
Z-37,2025-12-12,88.37,14.46,P3:40:P1:60
Z-37,2025-12-13,87.28,14.6,P3:40:P1:60
Z-37,2025-12-14,85.47,14.92,P3:40:P1:60
Z-37,2025-12-15,88.38,14.27,P3:40:P1:60
Z-37,2025-12-16,86.48,13.57,P3:40:P1:60
Z-37,2025-12-17,85.74,14.51,P3:40:P1:60
Z-37,2025-12-18,86.76,14.08,P3:40:P1:60
Z-37,2025-12-19,85.23,14.52,P3:40:P1:60
Z-37,2025-12-20,91.29,14.4,P3:40:P1:60
Z-37,2025-12-21,98.52,14.45,P3:40:P1:60
Z-37,2025-12-22,83.76,14.31,P3:40:P1:60
Z-37,2025-12-23,88.86,14.65,P3:40:P1:60
Z-37,2025-12-24,82.35,14.78,P3:40:P1:60
Z-37,2025-12-25,86.88,14.01,P3:40:P1:60
Z-37,2025-12-26,84.26,14.3,P3:40:P1:60
Z-37,2025-12-27,90.08,14.12,P3:40:P1:60
Z-37,2025-12-28,88.61,14.35,P3:40:P1:60
Z-37,2025-12-29,88.95,14.13,P3:40:P1:60
Z-37,2025-12-30,81.61,14.39,P3:40:P1:60
Z-37,2025-12-31,83.44,14.61,P3:40:P1:60
Z-37,2026-01-01,87.6,14.32,P3:40:P1:60
Z-37,2026-01-02,90.77,14.42,P3:40:P1:60
Z-37,2026-01-03,84.16,13.92,P3:40:P1:60
Z-37,2026-01-04,91.43,14.63,P3:40:P1:60
Z-37,2026-01-05,87.61,14.16,P3:40:P1:60
Z-37,2026-01-06,86.05,14.02,P3:40:P1:60
Z-37,2026-01-07,86.11,14.88,P3:40:P1:60
Z-37,2026-01-08,89.46,15.03,P3:40:P1:60
Z-37,2026-01-09,85.28,14.46,P3:40:P1:60
Z-37,2026-01-10,89.27,14.75,P3:40:P1:60
Z-37,2026-01-11,84.68,14.03,P3:40:P1:60
Z-37,2026-01-12,82.08,13.61,P3:40:P1:60
Z-37,2026-01-13,82.0,14.43,P3:40:P1:60
Z-37,2026-01-14,81.74,14.3,P3:40:P1:60
Z-37,2026-01-15,85.83,14.33,P3:40:P1:60
Z-37,2026-01-16,89.69,14.81,P3:40:P1:60
Z-37,2026-01-17,89.45,14.1,P3:40:P1:60
Z-37,2026-01-18,85.32,14.17,P3:40:P1:60
Z-37,2026-01-19,91.11,14.46,P3:40:P1:60
Z-37,2026-01-20,85.44,14.35,P3:40:P1:60
Z-37,2026-01-21,88.47,14.27,P3:40:P1:60
Z-37,2026-01-22,84.72,14.55,P3:40:P1:60
Z-37,2026-01-23,83.91,14.79,P3:40:P1:60
Z-37,2026-01-24,85.22,14.29,P3:40:P1:60
Z-37,2026-01-25,86.29,14.07,P3:40:P1:60
Z-37,2026-01-26,89.41,14.27,P3:40:P1:60
Z-37,2026-01-27,86.34,14.31,P3:40:P1:60
Z-37,2026-01-28,84.16,14.68,P3:40:P1:60
Z-37,2026-01-29,86.69,14.49,P3:40:P1:60
Z-37,2026-01-30,91.88,14.7,P3:40:P1:60
Z-37,2026-01-31,89.7,13.4,P3:40:P1:60
Z-37,2026-02-01,87.68,14.94,P3:40:P1:60
Z-37,2026-02-02,90.23,14.32,P3:40:P1:60
Z-37,2026-02-03,89.91,15.14,P3:40:P1:60
Z-37,2026-02-04,87.8,14.47,P3:40:P1:60
Z-37,2026-02-05,89.11,14.31,P3:40:P1:60
Z-37,2026-02-06,88.31,14.78,P3:40:P1:60
Z-37,2026-02-07,83.81,14.79,P3:40:P1:60
Z-37,2026-02-08,86.35,14.03,P3:40:P1:60
Z-37,2026-02-09,81.66,14.08,P3:40:P1:60
Z-37,2026-02-10,92.72,14.17,P3:40:P1:60
Z-37,2026-02-11,83.92,14.75,P3:40:P1:60
Z-37,2026-02-12,85.35,14.55,P3:40:P1:60
Z-37,2026-02-13,82.97,14.3,P3:40:P1:60
Z-37,2026-02-14,84.73,14.32,P3:40:P1:60
Z-37,2026-02-15,91.36,14.06,P3:40:P1:60
Z-37,2026-02-16,91.02,13.9,P3:40:P1:60
Z-37,2026-02-17,80.75,14.48,P3:40:P1:60
Z-37,2026-02-18,83.74,14.51,P3:40:P1:60
Z-37,2026-02-19,78.76,14.6,P3:40:P1:60
Z-37,2026-02-20,86.33,14.11,P3:40:P1:60
Z-37,2026-02-21,85.5,14.45,P3:40:P1:60
Z-37,2026-02-22,87.17,14.97,P3:40:P1:60
Z-37,2026-02-23,86.83,14.53,P3:40:P1:60
Z-37,2026-02-24,89.92,14.33,P3:40:P1:60
Z-37,2026-02-25,89.7,14.31,P3:40:P1:60
Z-37,2026-02-26,84.3,14.78,P3:40:P1:60
Z-37,2026-02-27,87.2,14.24,P3:40:P1:60
Z-37,2026-02-28,91.03,14.62,P3:40:P1:60
Z-37,2026-03-01,81.86,14.32,P3:40:P1:60
Z-37,2026-03-02,86.3,13.59,P3:40:P1:60
Z-37,2026-03-03,87.37,14.39,P3:40:P1:60
Z-37,2026-03-04,86.49,14.02,P3:40:P1:60
Z-37,2026-03-05,86.07,14.25,P3:40:P1:60
Z-37,2026-03-06,81.61,14.4,P3:40:P1:60
Z-37,2026-03-07,86.91,14.44,P3:40:P1:60
Z-37,2026-03-08,88.01,14.02,P3:40:P1:60
Z-37,2026-03-09,87.84,14.28,P3:40:P1:60
Z-37,2026-03-10,86.91,14.85,P3:40:P1:60
Z-37,2026-03-11,90.05,14.35,P3:40:P1:60
Z-37,2026-03-12,92.81,14.49,P3:40:P1:60
Z-37,2026-03-13,83.63,14.49,P3:40:P1:60
Z-37,2026-03-14,89.84,14.77,P3:40:P1:60
Z-37,2026-03-15,84.23,14.52,P3:40:P1:60
Z-37,2026-03-16,85.38,14.71,P3:40:P1:60
Z-37,2026-03-17,86.38,14.24,P3:40:P1:60
Z-37,2026-03-18,81.94,14.24,P3:40:P1:60
Z-37,2026-03-19,81.34,14.47,P3:40:P1:60
Z-37,2026-03-20,81.96,14.18,P3:40:P1:60
Z-37,2026-03-21,85.5,14.72,P3:40:P1:60
Z-37,2026-03-22,90.62,14.03,P3:40:P1:60
Z-37,2026-03-23,87.87,14.23,P3:40:P1:60
Z-37,2026-03-24,87.61,14.83,P3:40:P1:60
Z-37,2026-03-25,83.79,14.33,P3:40:P1:60
Z-37,2026-03-26,85.97,14.42,P3:40:P1:60
Z-37,2026-03-27,84.45,14.42,P3:40:P1:60
Z-37,2026-03-28,86.29,14.34,P3:40:P1:60
Z-37,2026-03-29,89.04,14.07,P3:40:P1:60
Z-37,2026-03-30,83.58,14.39,P3:40:P1:60
Z-37,2026-03-31,86.52,14.38,P3:40:P1:60
Z-37,2026-04-01,87.68,14.36,P3:40:P1:60
Z-37,2026-04-02,88.76,14.89,P3:40:P1:60
Z-37,2026-04-03,88.33,13.77,P3:40:P1:60
Z-37,2026-04-04,88.96,14.74,P3:40:P1:60
Z-37,2026-04-05,87.09,14.6,P3:40:P1:60
Z-37,2026-04-06,88.68,14.8,P3:40:P1:60
Z-37,2026-04-07,83.64,14.08,P3:40:P1:60
Z-37,2026-04-08,82.64,14.43,P3:40:P1:60
Z-37,2026-04-09,83.02,14.43,P3:40:P1:60
Z-37,2026-04-10,86.4,14.81,P3:40:P1:60
Z-37,2026-04-11,81.99,13.77,P3:40:P1:60
Z-37,2026-04-12,85.76,14.45,P3:40:P1:60
Z-37,2026-04-13,82.89,14.89,P3:40:P1:60
Z-37,2026-04-14,88.82,14.08,P3:40:P1:60
Z-37,2026-04-15,80.57,14.27,P3:40:P1:60
Z-37,2026-04-16,85.15,14.12,P3:40:P1:60
Z-37,2026-04-17,88.04,14.34,P3:40:P1:60
Z-37,2026-04-18,89.44,14.75,P3:40:P1:60
Z-37,2026-04-19,87.3,14.13,P3:40:P1:60
Z-37,2026-04-20,81.45,14.15,P3:40:P1:60
Z-37,2026-04-21,88.69,14.39,P3:40:P1:60
Z-37,2026-04-22,92.08,14.35,P3:40:P1:60
Z-37,2026-04-23,84.02,14.31,P3:40:P1:60
Z-37,2026-04-24,89.34,14.34,P3:40:P1:60
Z-37,2026-04-25,82.24,14.4,P3:40:P1:60
Z-37,2026-04-26,88.93,14.39,P3:40:P1:60
Z-37,2026-04-27,84.49,14.6,P3:40:P1:60
Z-37,2026-04-28,89.33,14.78,P3:40:P1:60
Z-37,2026-04-29,83.01,14.63,P3:40:P1:60
Z-37,2026-04-30,85.76,14.34,P3:40:P1:60
Z-37,2026-05-01,86.03,14.55,P3:40:P1:60
Z-37,2026-05-02,92.28,14.43,P3:40:P1:60
Z-37,2026-05-03,88.39,15.04,P3:40:P1:60
Z-37,2026-05-04,94.63,14.4,P3:40:P1:60
Z-37,2026-05-05,90.99,15.03,P3:40:P1:60
Z-37,2026-05-06,90.98,14.65,P3:40:P1:60
Z-37,2026-05-07,91.63,13.95,P3:40:P1:60
Z-37,2026-05-08,82.45,14.6,P3:40:P1:60
Z-37,2026-05-09,87.64,14.49,P3:40:P1:60
Z-37,2026-05-10,84.2,14.51,P3:40:P1:60
Z-37,2026-05-11,84.58,14.59,P3:40:P1:60
Z-37,2026-05-12,88.78,14.6,P3:40:P1:60
Z-37,2026-05-13,90.15,14.42,P3:40:P1:60
Z-37,2026-05-14,83.58,14.56,P3:40:P1:60
Z-37,2026-05-15,89.51,14.39,P3:40:P1:60
Z-37,2026-05-16,84.38,14.43,P3:40:P1:60
Z-37,2026-05-17,89.41,14.32,P3:40:P1:60
Z-37,2026-05-18,90.91,14.34,P3:40:P1:60
Z-37,2026-05-19,86.08,14.3,P3:40:P1:60
Z-37,2026-05-20,88.77,14.66,P3:40:P1:60
Z-37,2026-05-21,88.35,14.66,P3:40:P1:60
Z-37,2026-05-22,88.61,14.55,P3:40:P1:60
Z-37,2026-05-23,84.78,14.37,P3:40:P1:60
Z-37,2026-05-24,0.0,0.0,P3:40:P1:60
Z-37,2026-05-25,84.44,14.68,P3:40:P1:60
Z-37,2026-05-26,84.7,13.81,P3:40:P1:60
Z-37,2026-05-27,90.6,14.33,P3:40:P1:60
Z-37,2026-05-28,86.98,14.3,P3:40:P1:60
Z-37,2026-05-29,83.12,14.86,P3:40:P1:60
Z-37,2026-05-30,85.69,14.85,P3:40:P1:60
Z-37,2026-05-31,89.15,14.63,P3:40:P1:60
Z-37,2026-06-01,84.86,14.91,P3:40:P1:60
Z-37,2026-06-02,86.32,13.96,P3:40:P1:60
Z-37,2026-06-03,87.96,14.18,P3:40:P1:60
Z-37,2026-06-04,84.42,14.58,P3:40:P1:60
Z-37,2026-06-05,90.73,14.35,P3:40:P1:60
Z-37,2026-06-06,89.5,14.8,P3:40:P1:60
Z-37,2026-06-07,85.55,13.99,P3:40:P1:60
Z-37,2026-06-08,89.91,14.75,P3:40:P1:60
Z-37,2026-06-09,90.3,14.36,P3:40:P1:60
Z-37,2026-06-10,82.37,14.22,P3:40:P1:60
Z-37,2026-06-11,95.37,14.04,P3:40:P1:60
Z-37,2026-06-12,76.23,14.37,P3:40:P1:60
Z-37,2026-06-13,85.41,14.41,P3:40:P1:60
Z-37,2026-06-14,87.53,14.38,P3:40:P1:60
Z-37,2026-06-15,91.11,14.87,P3:40:P1:60
Z-37,2026-06-16,86.13,14.73,P3:40:P1:60
Z-37,2026-06-17,84.0,14.2,P3:40:P1:60
Z-37,2026-06-18,85.64,14.23,P3:40:P1:60
Z-37,2026-06-19,84.65,14.56,P3:40:P1:60
Z-37,2026-06-20,81.43,14.59,P3:40:P1:60
Z-37,2026-06-21,88.71,13.92,P3:40:P1:60
Z-37,2026-06-22,97.82,14.14,P3:40:P1:60
Z-37,2026-06-23,86.41,14.58,P3:40:P1:60
Z-37,2026-06-24,90.27,14.68,P3:40:P1:60
Z-37,2026-06-25,89.81,14.16,P3:40:P1:60
Z-37,2026-06-26,84.0,14.08,P3:40:P1:60
Z-37,2026-06-27,83.76,14.21,P3:40:P1:60
Z-37,2026-06-28,97.92,14.26,P3:40:P1:60
Z-37,2026-06-29,86.93,14.14,P3:40:P1:60
Z-37,2026-06-30,96.55,14.96,P3:40:P1:60
Z-37,2026-07-01,87.82,14.47,P3:40:P1:60
Z-37,2026-07-02,83.21,14.39,P3:40:P1:60
Z-37,2026-07-03,82.64,15.06,P3:40:P1:60
Z-37,2026-07-04,84.96,14.77,P3:40:P1:60
Z-37,2026-07-05,91.47,14.51,P3:40:P1:60
Z-37,2026-07-06,83.73,14.32,P3:40:P1:60
Z-37,2026-07-07,85.01,14.11,P3:40:P1:60
Z-37,2026-07-08,89.9,14.1,P3:40:P1:60
Z-37,2026-07-09,91.12,15.16,P3:40:P1:60
Z-37,2026-07-10,87.89,14.25,P3:40:P1:60
Z-37,2026-07-11,84.73,14.17,P3:40:P1:60
Z-37,2026-07-12,92.54,14.01,P3:40:P1:60
Z-37,2026-07-13,92.21,14.35,P3:40:P1:60
Z-37,2026-07-14,85.42,14.29,P3:40:P1:60
Z-37,2026-07-15,83.98,14.66,P3:40:P1:60
Z-37,2026-07-16,88.43,14.83,P3:40:P1:60
Z-37,2026-07-17,86.84,14.54,P3:40:P1:60
Z-37,2026-07-18,95.69,14.57,P3:40:P1:60
Z-37,2026-07-19,89.12,15.15,P3:40:P1:60
Z-37,2026-07-20,92.1,14.63,P3:40:P1:60
Z-37,2026-07-21,85.28,14.46,P3:40:P1:60
Z-37,2026-07-22,82.84,14.85,P3:40:P1:60
Z-37,2026-07-23,88.92,14.43,P3:40:P1:60
Z-37,2026-07-24,90.45,14.22,P3:40:P1:60
Z-37,2026-07-25,92.66,14.12,P3:40:P1:60
Z-37,2026-07-26,86.57,14.37,P3:40:P1:60
Z-37,2026-07-27,90.36,14.84,P3:40:P1:60
Z-37,2026-07-28,85.04,14.66,P3:40:P1:60
Z-37,2026-07-29,89.05,14.26,P3:40:P1:60
Z-37,2026-07-30,86.54,14.2,P3:40:P1:60
Z-37,2026-07-31,87.85,14.18,P3:40:P1:60
Z-37,2026-08-01,87.99,14.4,P3:40:P1:60
Z-37,2026-08-02,82.01,14.63,P3:40:P1:60
Z-37,2026-08-03,87.02,15.01,P3:40:P1:60
Z-37,2026-08-04,89.27,14.09,P3:40:P1:60
Z-37,2026-08-05,90.72,14.39,P3:40:P1:60
Z-37,2026-08-06,89.65,14.37,P3:40:P1:60
Z-37,2026-08-07,83.85,14.41,P3:40:P1:60
Z-37,2026-08-08,90.14,14.74,P3:40:P1:60
Z-37,2026-08-09,87.54,14.29,P3:40:P1:60
Z-37,2026-08-10,90.72,14.23,P3:40:P1:60
Z-37,2026-08-11,84.76,14.21,P3:40:P1:60
Z-37,2026-08-12,81.67,14.49,P3:40:P1:60
Z-37,2026-08-13,93.43,14.26,P3:40:P1:60
Z-37,2026-08-14,93.82,14.12,P3:40:P1:60
Z-37,2026-08-15,89.95,14.86,P3:40:P1:60
Z-37,2026-08-16,81.41,14.48,P3:40:P1:60
Z-37,2026-08-17,92.36,14.41,P3:40:P1:60
Z-37,2026-08-18,92.68,14.63,P3:40:P1:60
Z-37,2026-08-19,87.0,14.24,P3:40:P1:60
Z-37,2026-08-20,82.05,14.55,P3:40:P1:60
Z-37,2026-08-21,86.88,14.0,P3:40:P1:60
Z-37,2026-08-22,86.12,13.87,P3:40:P1:60
Z-37,2026-08-23,93.89,14.17,P3:40:P1:60
Z-37,2026-08-24,85.76,14.64,P3:40:P1:60
Z-37,2026-08-25,80.17,14.83,P3:40:P1:60
Z-37,2026-08-26,89.13,14.26,P3:40:P1:60
Z-37,2026-08-27,87.04,14.38,P3:40:P1:60
Z-37,2026-08-28,85.71,14.76,P3:40:P1:60
Z-37,2026-08-29,89.01,14.51,P3:40:P1:60
Z-37,2026-08-30,92.39,14.74,P3:40:P1:60
Z-37,2026-08-31,79.31,14.12,P3:40:P1:60
Z-38,2025-09-01,78.6,10.24,P1:34:P2:33:P3:33
Z-38,2025-09-02,75.91,9.4,P1:34:P2:33:P3:33
Z-38,2025-09-03,78.37,9.84,P1:34:P2:33:P3:33
Z-38,2025-09-04,77.74,9.46,P1:34:P2:33:P3:33
Z-38,2025-09-05,75.31,9.26,P1:34:P2:33:P3:33
Z-38,2025-09-06,76.24,9.27,P1:34:P2:33:P3:33
Z-38,2025-09-07,77.23,9.55,P1:34:P2:33:P3:33
Z-38,2025-09-08,74.74,8.78,P1:34:P2:33:P3:33
Z-38,2025-09-09,75.08,9.64,P1:34:P2:33:P3:33
Z-38,2025-09-10,74.87,9.73,P1:34:P2:33:P3:33
Z-38,2025-09-11,76.67,9.6,P1:34:P2:33:P3:33
Z-38,2025-09-12,79.42,9.4,P1:34:P2:33:P3:33
Z-38,2025-09-13,0.0,0.0,P1:34:P2:33:P3:33
Z-38,2025-09-14,73.34,8.69,P1:34:P2:33:P3:33
Z-38,2025-09-15,76.67,9.33,P1:34:P2:33:P3:33
Z-38,2025-09-16,81.51,9.53,P1:34:P2:33:P3:33
Z-38,2025-09-17,76.88,9.49,P1:34:P2:33:P3:33
Z-38,2025-09-18,77.83,9.07,P1:34:P2:33:P3:33
Z-38,2025-09-19,74.81,9.28,P1:34:P2:33:P3:33
Z-38,2025-09-20,71.87,9.55,P1:34:P2:33:P3:33
Z-38,2025-09-21,81.31,9.56,P1:34:P2:33:P3:33
Z-38,2025-09-22,81.85,9.63,P1:34:P2:33:P3:33
Z-38,2025-09-23,72.11,9.05,P1:34:P2:33:P3:33
Z-38,2025-09-24,81.85,9.73,P1:34:P2:33:P3:33
Z-38,2025-09-25,74.1,9.22,P1:34:P2:33:P3:33
Z-38,2025-09-26,74.92,9.19,P1:34:P2:33:P3:33
Z-38,2025-09-27,78.21,9.67,P1:34:P2:33:P3:33
Z-38,2025-09-28,76.24,9.43,P1:34:P2:33:P3:33
Z-38,2025-09-29,73.28,9.2,P1:34:P2:33:P3:33
Z-38,2025-09-30,79.22,9.4,P1:34:P2:33:P3:33
Z-38,2025-10-01,75.51,9.72,P1:34:P2:33:P3:33
Z-38,2025-10-02,79.6,9.73,P1:34:P2:33:P3:33
Z-38,2025-10-03,76.96,9.93,P1:34:P2:33:P3:33
Z-38,2025-10-04,81.0,9.4,P1:34:P2:33:P3:33
Z-38,2025-10-05,73.15,9.57,P1:34:P2:33:P3:33
Z-38,2025-10-06,74.31,9.26,P1:34:P2:33:P3:33
Z-38,2025-10-07,72.57,9.59,P1:34:P2:33:P3:33
Z-38,2025-10-08,78.17,9.47,P1:34:P2:33:P3:33
Z-38,2025-10-09,78.28,9.1,P1:34:P2:33:P3:33
Z-38,2025-10-10,79.07,9.44,P1:34:P2:33:P3:33
Z-38,2025-10-11,80.0,9.64,P1:34:P2:33:P3:33
Z-38,2025-10-12,81.69,9.4,P1:34:P2:33:P3:33
Z-38,2025-10-13,83.48,9.94,P1:34:P2:33:P3:33
Z-38,2025-10-14,79.87,10.07,P1:34:P2:33:P3:33
Z-38,2025-10-15,80.08,10.04,P1:34:P2:33:P3:33
Z-38,2025-10-16,79.67,9.33,P1:34:P2:33:P3:33
Z-38,2025-10-17,74.61,8.99,P1:34:P2:33:P3:33
Z-38,2025-10-18,71.63,9.75,P1:34:P2:33:P3:33
Z-38,2025-10-19,80.49,9.36,P1:34:P2:33:P3:33
Z-38,2025-10-20,72.11,9.19,P1:34:P2:33:P3:33
Z-38,2025-10-21,78.95,9.84,P1:34:P2:33:P3:33
Z-38,2025-10-22,75.79,10.06,P1:34:P2:33:P3:33
Z-38,2025-10-23,77.1,9.56,P1:34:P2:33:P3:33
Z-38,2025-10-24,78.28,9.48,P1:34:P2:33:P3:33
Z-38,2025-10-25,75.65,9.47,P1:34:P2:33:P3:33
Z-38,2025-10-26,76.28,9.58,P1:34:P2:33:P3:33
Z-38,2025-10-27,76.59,9.5,P1:34:P2:33:P3:33
Z-38,2025-10-28,75.83,9.46,P1:34:P2:33:P3:33
Z-38,2025-10-29,0.0,0.0,P1:34:P2:33:P3:33
Z-38,2025-10-30,77.76,8.99,P1:34:P2:33:P3:33
Z-38,2025-10-31,77.27,9.0,P1:34:P2:33:P3:33
Z-38,2025-11-01,72.01,9.12,P1:34:P2:33:P3:33
Z-38,2025-11-02,76.65,9.73,P1:34:P2:33:P3:33
Z-38,2025-11-03,77.93,9.84,P1:34:P2:33:P3:33
Z-38,2025-11-04,75.69,9.45,P1:34:P2:33:P3:33
Z-38,2025-11-05,80.2,9.37,P1:34:P2:33:P3:33
Z-38,2025-11-06,77.72,9.37,P1:34:P2:33:P3:33
Z-38,2025-11-07,77.2,10.07,P1:34:P2:33:P3:33
Z-38,2025-11-08,79.86,9.49,P1:34:P2:33:P3:33
Z-38,2025-11-09,70.01,9.52,P1:34:P2:33:P3:33
Z-38,2025-11-10,78.48,9.27,P1:34:P2:33:P3:33
Z-38,2025-11-11,78.04,9.26,P1:34:P2:33:P3:33
Z-38,2025-11-12,75.71,9.45,P1:34:P2:33:P3:33
Z-38,2025-11-13,79.36,9.86,P1:34:P2:33:P3:33
Z-38,2025-11-14,73.5,9.31,P1:34:P2:33:P3:33
Z-38,2025-11-15,82.05,9.45,P1:34:P2:33:P3:33
Z-38,2025-11-16,79.18,9.49,P1:34:P2:33:P3:33
Z-38,2025-11-17,80.52,9.16,P1:34:P2:33:P3:33
Z-38,2025-11-18,82.3,9.5,P1:34:P2:33:P3:33
Z-38,2025-11-19,79.53,9.47,P1:34:P2:33:P3:33
Z-38,2025-11-20,77.48,9.45,P1:34:P2:33:P3:33
Z-38,2025-11-21,80.2,9.13,P1:34:P2:33:P3:33
Z-38,2025-11-22,78.91,9.42,P1:34:P2:33:P3:33
Z-38,2025-11-23,76.52,9.39,P1:34:P2:33:P3:33
Z-38,2025-11-24,74.42,9.11,P1:34:P2:33:P3:33
Z-38,2025-11-25,77.74,9.59,P1:34:P2:33:P3:33
Z-38,2025-11-26,74.64,9.15,P1:34:P2:33:P3:33
Z-38,2025-11-27,78.26,8.88,P1:34:P2:33:P3:33
Z-38,2025-11-28,74.17,9.8,P1:34:P2:33:P3:33
Z-38,2025-11-29,77.22,9.93,P1:34:P2:33:P3:33
Z-38,2025-11-30,79.51,8.72,P1:34:P2:33:P3:33
Z-38,2025-12-01,77.64,9.31,P1:34:P2:33:P3:33
Z-38,2025-12-02,83.01,9.24,P1:34:P2:33:P3:33
Z-38,2025-12-03,75.99,9.42,P1:34:P2:33:P3:33
Z-38,2025-12-04,76.25,9.77,P1:34:P2:33:P3:33
Z-38,2025-12-05,72.79,9.73,P1:34:P2:33:P3:33
Z-38,2025-12-06,79.44,9.81,P1:34:P2:33:P3:33
Z-38,2025-12-07,84.05,9.34,P1:34:P2:33:P3:33
Z-38,2025-12-08,76.23,8.95,P1:34:P2:33:P3:33
Z-38,2025-12-09,70.36,9.16,P1:34:P2:33:P3:33
Z-38,2025-12-10,75.54,9.2,P1:34:P2:33:P3:33
Z-38,2025-12-11,70.78,9.73,P1:34:P2:33:P3:33
Z-38,2025-12-12,76.71,9.8,P1:34:P2:33:P3:33
Z-38,2025-12-13,74.79,9.87,P1:34:P2:33:P3:33
Z-38,2025-12-14,77.63,9.67,P1:34:P2:33:P3:33
Z-38,2025-12-15,79.43,9.73,P1:34:P2:33:P3:33
Z-38,2025-12-16,77.01,9.82,P1:34:P2:33:P3:33
Z-38,2025-12-17,73.34,9.75,P1:34:P2:33:P3:33
Z-38,2025-12-18,78.61,9.7,P1:34:P2:33:P3:33
Z-38,2025-12-19,78.87,9.29,P1:34:P2:33:P3:33
Z-38,2025-12-20,74.14,8.94,P1:34:P2:33:P3:33
Z-38,2025-12-21,78.68,9.77,P1:34:P2:33:P3:33
Z-38,2025-12-22,76.19,9.33,P1:34:P2:33:P3:33
Z-38,2025-12-23,72.37,9.73,P1:34:P2:33:P3:33
Z-38,2025-12-24,75.06,9.17,P1:34:P2:33:P3:33
Z-38,2025-12-25,73.6,9.72,P1:34:P2:33:P3:33
Z-38,2025-12-26,76.04,9.98,P1:34:P2:33:P3:33
Z-38,2025-12-27,81.39,9.6,P1:34:P2:33:P3:33
Z-38,2025-12-28,80.15,9.61,P1:34:P2:33:P3:33
Z-38,2025-12-29,77.39,9.61,P1:34:P2:33:P3:33
Z-38,2025-12-30,72.02,9.03,P1:34:P2:33:P3:33
Z-38,2025-12-31,72.54,9.39,P1:34:P2:33:P3:33
Z-38,2026-01-01,75.23,9.7,P1:34:P2:33:P3:33
Z-38,2026-01-02,77.44,9.64,P1:34:P2:33:P3:33
Z-38,2026-01-03,74.08,9.41,P1:34:P2:33:P3:33
Z-38,2026-01-04,79.72,9.51,P1:34:P2:33:P3:33
Z-38,2026-01-05,76.38,9.91,P1:34:P2:33:P3:33
Z-38,2026-01-06,76.14,9.26,P1:34:P2:33:P3:33
Z-38,2026-01-07,75.17,9.7,P1:34:P2:33:P3:33
Z-38,2026-01-08,80.24,9.3,P1:34:P2:33:P3:33
Z-38,2026-01-09,78.38,9.48,P1:34:P2:33:P3:33
Z-38,2026-01-10,77.61,9.14,P1:34:P2:33:P3:33
Z-38,2026-01-11,78.44,9.18,P1:34:P2:33:P3:33
Z-38,2026-01-12,75.61,8.98,P1:34:P2:33:P3:33
Z-38,2026-01-13,73.72,9.53,P1:34:P2:33:P3:33
Z-38,2026-01-14,81.37,9.35,P1:34:P2:33:P3:33
Z-38,2026-01-15,78.98,9.27,P1:34:P2:33:P3:33
Z-38,2026-01-16,73.06,9.76,P1:34:P2:33:P3:33
Z-38,2026-01-17,70.53,9.57,P1:34:P2:33:P3:33
Z-38,2026-01-18,77.29,9.08,P1:34:P2:33:P3:33
Z-38,2026-01-19,83.52,9.81,P1:34:P2:33:P3:33
Z-38,2026-01-20,80.3,9.4,P1:34:P2:33:P3:33
Z-38,2026-01-21,67.72,9.0,P1:34:P2:33:P3:33
Z-38,2026-01-22,73.61,9.41,P1:34:P2:33:P3:33
Z-38,2026-01-23,72.37,9.75,P1:34:P2:33:P3:33
Z-38,2026-01-24,0.0,0.0,P1:34:P2:33:P3:33
Z-38,2026-01-25,75.91,9.78,P1:34:P2:33:P3:33
Z-38,2026-01-26,75.8,9.56,P1:34:P2:33:P3:33
Z-38,2026-01-27,76.4,9.18,P1:34:P2:33:P3:33
Z-38,2026-01-28,75.82,10.03,P1:34:P2:33:P3:33
Z-38,2026-01-29,75.35,9.41,P1:34:P2:33:P3:33
Z-38,2026-01-30,77.55,9.5,P1:34:P2:33:P3:33
Z-38,2026-01-31,77.53,9.29,P1:34:P2:33:P3:33
Z-38,2026-02-01,77.48,9.7,P1:34:P2:33:P3:33
Z-38,2026-02-02,80.67,9.53,P1:34:P2:33:P3:33
Z-38,2026-02-03,81.88,9.45,P1:34:P2:33:P3:33
Z-38,2026-02-04,74.7,9.49,P1:34:P2:33:P3:33
Z-38,2026-02-05,75.28,9.43,P1:34:P2:33:P3:33
Z-38,2026-02-06,84.67,9.43,P1:34:P2:33:P3:33
Z-38,2026-02-07,71.69,9.32,P1:34:P2:33:P3:33
Z-38,2026-02-08,74.47,9.55,P1:34:P2:33:P3:33
Z-38,2026-02-09,81.55,9.29,P1:34:P2:33:P3:33
Z-38,2026-02-10,76.05,8.96,P1:34:P2:33:P3:33
Z-38,2026-02-11,77.99,9.11,P1:34:P2:33:P3:33
Z-38,2026-02-12,80.93,9.74,P1:34:P2:33:P3:33
Z-38,2026-02-13,79.0,9.34,P1:34:P2:33:P3:33
Z-38,2026-02-14,74.51,9.68,P1:34:P2:33:P3:33
Z-38,2026-02-15,73.57,9.19,P1:34:P2:33:P3:33
Z-38,2026-02-16,73.91,8.55,P1:34:P2:33:P3:33
Z-38,2026-02-17,78.04,9.34,P1:34:P2:33:P3:33
Z-38,2026-02-18,77.26,9.42,P1:34:P2:33:P3:33
Z-38,2026-02-19,73.58,9.9,P1:34:P2:33:P3:33
Z-38,2026-02-20,79.54,9.14,P1:34:P2:33:P3:33
Z-38,2026-02-21,80.48,9.15,P1:34:P2:33:P3:33
Z-38,2026-02-22,75.16,10.19,P1:34:P2:33:P3:33
Z-38,2026-02-23,77.75,9.53,P1:34:P2:33:P3:33
Z-38,2026-02-24,79.54,9.43,P1:34:P2:33:P3:33
Z-38,2026-02-25,69.43,9.51,P1:34:P2:33:P3:33
Z-38,2026-02-26,81.06,9.94,P1:34:P2:33:P3:33
Z-38,2026-02-27,75.37,9.69,P1:34:P2:33:P3:33
Z-38,2026-02-28,77.53,9.43,P1:34:P2:33:P3:33
Z-38,2026-03-01,79.62,9.49,P1:34:P2:33:P3:33
Z-38,2026-03-02,74.94,9.83,P1:34:P2:33:P3:33
Z-38,2026-03-03,80.44,9.41,P1:34:P2:33:P3:33
Z-38,2026-03-04,81.16,9.37,P1:34:P2:33:P3:33
Z-38,2026-03-05,79.39,9.99,P1:34:P2:33:P3:33
Z-38,2026-03-06,74.48,9.66,P1:34:P2:33:P3:33
Z-38,2026-03-07,74.69,9.17,P1:34:P2:33:P3:33
Z-38,2026-03-08,76.93,9.28,P1:34:P2:33:P3:33
Z-38,2026-03-09,76.86,9.71,P1:34:P2:33:P3:33
Z-38,2026-03-10,78.34,9.98,P1:34:P2:33:P3:33
Z-38,2026-03-11,78.07,9.41,P1:34:P2:33:P3:33
Z-38,2026-03-12,76.21,9.55,P1:34:P2:33:P3:33
Z-38,2026-03-13,75.47,9.1,P1:34:P2:33:P3:33
Z-38,2026-03-14,82.63,9.72,P1:34:P2:33:P3:33
Z-38,2026-03-15,78.26,8.88,P1:34:P2:33:P3:33
Z-38,2026-03-16,74.78,9.75,P1:34:P2:33:P3:33
Z-38,2026-03-17,75.0,9.66,P1:34:P2:33:P3:33
Z-38,2026-03-18,71.0,9.71,P1:34:P2:33:P3:33
Z-38,2026-03-19,78.48,9.14,P1:34:P2:33:P3:33
Z-38,2026-03-20,82.44,8.91,P1:34:P2:33:P3:33
Z-38,2026-03-21,74.95,9.65,P1:34:P2:33:P3:33
Z-38,2026-03-22,74.11,9.09,P1:34:P2:33:P3:33
Z-38,2026-03-23,74.69,9.26,P1:34:P2:33:P3:33
Z-38,2026-03-24,72.46,9.2,P1:34:P2:33:P3:33
Z-38,2026-03-25,76.84,9.38,P1:34:P2:33:P3:33
Z-38,2026-03-26,70.89,9.16,P1:34:P2:33:P3:33
Z-38,2026-03-27,74.32,9.59,P1:34:P2:33:P3:33
Z-38,2026-03-28,74.5,9.54,P1:34:P2:33:P3:33
Z-38,2026-03-29,76.3,9.37,P1:34:P2:33:P3:33
Z-38,2026-03-30,81.52,9.53,P1:34:P2:33:P3:33
Z-38,2026-03-31,69.74,9.38,P1:34:P2:33:P3:33
Z-38,2026-04-01,70.26,9.32,P1:34:P2:33:P3:33
Z-38,2026-04-02,78.74,9.3,P1:34:P2:33:P3:33
Z-38,2026-04-03,77.95,9.5,P1:34:P2:33:P3:33
Z-38,2026-04-04,76.38,10.08,P1:34:P2:33:P3:33
Z-38,2026-04-05,78.64,9.6,P1:34:P2:33:P3:33
Z-38,2026-04-06,74.8,9.41,P1:34:P2:33:P3:33
Z-38,2026-04-07,76.75,9.52,P1:34:P2:33:P3:33
Z-38,2026-04-08,75.89,9.66,P1:34:P2:33:P3:33
Z-38,2026-04-09,75.5,8.75,P1:34:P2:33:P3:33
Z-38,2026-04-10,75.03,9.5,P1:34:P2:33:P3:33
Z-38,2026-04-11,74.61,9.39,P1:34:P2:33:P3:33
Z-38,2026-04-12,71.86,8.69,P1:34:P2:33:P3:33
Z-38,2026-04-13,80.17,9.07,P1:34:P2:33:P3:33
Z-38,2026-04-14,80.2,8.98,P1:34:P2:33:P3:33
Z-38,2026-04-15,77.48,9.13,P1:34:P2:33:P3:33
Z-38,2026-04-16,78.6,9.71,P1:34:P2:33:P3:33
Z-38,2026-04-17,70.18,10.05,P1:34:P2:33:P3:33
Z-38,2026-04-18,76.13,9.69,P1:34:P2:33:P3:33
Z-38,2026-04-19,83.54,9.61,P1:34:P2:33:P3:33
Z-38,2026-04-20,75.48,9.45,P1:34:P2:33:P3:33
Z-38,2026-04-21,81.67,8.96,P1:34:P2:33:P3:33
Z-38,2026-04-22,74.4,9.48,P1:34:P2:33:P3:33
Z-38,2026-04-23,83.4,9.17,P1:34:P2:33:P3:33
Z-38,2026-04-24,80.1,9.35,P1:34:P2:33:P3:33
Z-38,2026-04-25,76.21,9.94,P1:34:P2:33:P3:33
Z-38,2026-04-26,75.97,9.78,P1:34:P2:33:P3:33
Z-38,2026-04-27,74.8,9.1,P1:34:P2:33:P3:33
Z-38,2026-04-28,79.62,9.71,P1:34:P2:33:P3:33
Z-38,2026-04-29,76.16,9.41,P1:34:P2:33:P3:33
Z-38,2026-04-30,77.13,9.69,P1:34:P2:33:P3:33
Z-38,2026-05-01,78.15,9.35,P1:34:P2:33:P3:33
Z-38,2026-05-02,75.68,9.06,P1:34:P2:33:P3:33
Z-38,2026-05-03,76.12,9.63,P1:34:P2:33:P3:33
Z-38,2026-05-04,74.5,9.59,P1:34:P2:33:P3:33
Z-38,2026-05-05,74.96,9.72,P1:34:P2:33:P3:33
Z-38,2026-05-06,78.98,8.99,P1:34:P2:33:P3:33
Z-38,2026-05-07,80.51,8.95,P1:34:P2:33:P3:33
Z-38,2026-05-08,77.45,9.62,P1:34:P2:33:P3:33
Z-38,2026-05-09,74.07,9.07,P1:34:P2:33:P3:33
Z-38,2026-05-10,75.82,9.33,P1:34:P2:33:P3:33
Z-38,2026-05-11,82.14,9.51,P1:34:P2:33:P3:33
Z-38,2026-05-12,71.07,9.35,P1:34:P2:33:P3:33
Z-38,2026-05-13,77.36,9.39,P1:34:P2:33:P3:33
Z-38,2026-05-14,75.89,9.66,P1:34:P2:33:P3:33
Z-38,2026-05-15,70.96,9.82,P1:34:P2:33:P3:33
Z-38,2026-05-16,74.23,9.6,P1:34:P2:33:P3:33
Z-38,2026-05-17,74.18,9.47,P1:34:P2:33:P3:33
Z-38,2026-05-18,77.33,9.61,P1:34:P2:33:P3:33
Z-38,2026-05-19,78.14,8.92,P1:34:P2:33:P3:33
Z-38,2026-05-20,0.0,0.0,P1:34:P2:33:P3:33
Z-38,2026-05-21,79.87,9.25,P1:34:P2:33:P3:33
Z-38,2026-05-22,79.15,9.08,P1:34:P2:33:P3:33
Z-38,2026-05-23,75.74,9.5,P1:34:P2:33:P3:33
Z-38,2026-05-24,79.85,9.24,P1:34:P2:33:P3:33
Z-38,2026-05-25,79.78,9.18,P1:34:P2:33:P3:33
Z-38,2026-05-26,76.53,9.5,P1:34:P2:33:P3:33
Z-38,2026-05-27,0.0,0.0,P1:34:P2:33:P3:33
Z-38,2026-05-28,80.01,9.62,P1:34:P2:33:P3:33
Z-38,2026-05-29,76.31,9.19,P1:34:P2:33:P3:33
Z-38,2026-05-30,76.46,9.05,P1:34:P2:33:P3:33
Z-38,2026-05-31,77.76,9.58,P1:34:P2:33:P3:33
Z-38,2026-06-01,74.95,9.34,P1:34:P2:33:P3:33
Z-38,2026-06-02,71.58,8.87,P1:34:P2:33:P3:33
Z-38,2026-06-03,79.91,9.33,P1:34:P2:33:P3:33
Z-38,2026-06-04,74.54,9.38,P1:34:P2:33:P3:33
Z-38,2026-06-05,80.03,9.39,P1:34:P2:33:P3:33
Z-38,2026-06-06,75.06,9.65,P1:34:P2:33:P3:33
Z-38,2026-06-07,85.88,9.05,P1:34:P2:33:P3:33
Z-38,2026-06-08,76.02,9.65,P1:34:P2:33:P3:33
Z-38,2026-06-09,74.46,9.13,P1:34:P2:33:P3:33
Z-38,2026-06-10,75.89,9.3,P1:34:P2:33:P3:33
Z-38,2026-06-11,77.31,9.3,P1:34:P2:33:P3:33
Z-38,2026-06-12,76.87,9.29,P1:34:P2:33:P3:33
Z-38,2026-06-13,77.61,9.25,P1:34:P2:33:P3:33
Z-38,2026-06-14,73.99,9.68,P1:34:P2:33:P3:33
Z-38,2026-06-15,75.73,9.19,P1:34:P2:33:P3:33
Z-38,2026-06-16,78.74,9.76,P1:34:P2:33:P3:33
Z-38,2026-06-17,74.32,9.38,P1:34:P2:33:P3:33
Z-38,2026-06-18,82.76,9.9,P1:34:P2:33:P3:33
Z-38,2026-06-19,71.85,9.45,P1:34:P2:33:P3:33
Z-38,2026-06-20,75.49,9.73,P1:34:P2:33:P3:33
Z-38,2026-06-21,77.3,9.92,P1:34:P2:33:P3:33
Z-38,2026-06-22,75.06,9.13,P1:34:P2:33:P3:33
Z-38,2026-06-23,78.74,9.24,P1:34:P2:33:P3:33
Z-38,2026-06-24,74.79,9.26,P1:34:P2:33:P3:33
Z-38,2026-06-25,74.56,9.88,P1:34:P2:33:P3:33
Z-38,2026-06-26,80.86,9.24,P1:34:P2:33:P3:33
Z-38,2026-06-27,77.23,9.07,P1:34:P2:33:P3:33
Z-38,2026-06-28,81.29,10.09,P1:34:P2:33:P3:33
Z-38,2026-06-29,80.53,9.91,P1:34:P2:33:P3:33
Z-38,2026-06-30,76.5,9.54,P1:34:P2:33:P3:33
Z-38,2026-07-01,76.89,9.41,P1:34:P2:33:P3:33
Z-38,2026-07-02,73.43,9.17,P1:34:P2:33:P3:33
Z-38,2026-07-03,74.31,9.23,P1:34:P2:33:P3:33
Z-38,2026-07-04,78.65,9.49,P1:34:P2:33:P3:33
Z-38,2026-07-05,75.9,9.72,P1:34:P2:33:P3:33
Z-38,2026-07-06,75.68,9.37,P1:34:P2:33:P3:33
Z-38,2026-07-07,75.63,9.38,P1:34:P2:33:P3:33
Z-38,2026-07-08,77.48,9.54,P1:34:P2:33:P3:33
Z-38,2026-07-09,72.59,9.33,P1:34:P2:33:P3:33
Z-38,2026-07-10,73.23,9.42,P1:34:P2:33:P3:33
Z-38,2026-07-11,75.39,9.65,P1:34:P2:33:P3:33
Z-38,2026-07-12,78.55,9.49,P1:34:P2:33:P3:33
Z-38,2026-07-13,75.25,9.18,P1:34:P2:33:P3:33
Z-38,2026-07-14,79.45,8.93,P1:34:P2:33:P3:33
Z-38,2026-07-15,73.79,9.49,P1:34:P2:33:P3:33
Z-38,2026-07-16,78.19,9.58,P1:34:P2:33:P3:33
Z-38,2026-07-17,73.17,9.11,P1:34:P2:33:P3:33
Z-38,2026-07-18,77.85,9.76,P1:34:P2:33:P3:33
Z-38,2026-07-19,75.11,9.27,P1:34:P2:33:P3:33
Z-38,2026-07-20,76.17,9.19,P1:34:P2:33:P3:33
Z-38,2026-07-21,74.6,9.28,P1:34:P2:33:P3:33
Z-38,2026-07-22,74.19,9.45,P1:34:P2:33:P3:33
Z-38,2026-07-23,71.6,9.94,P1:34:P2:33:P3:33
Z-38,2026-07-24,79.66,9.41,P1:34:P2:33:P3:33
Z-38,2026-07-25,76.07,9.71,P1:34:P2:33:P3:33
Z-38,2026-07-26,74.91,9.64,P1:34:P2:33:P3:33
Z-38,2026-07-27,73.43,9.27,P1:34:P2:33:P3:33
Z-38,2026-07-28,0.0,0.0,P1:34:P2:33:P3:33
Z-38,2026-07-29,77.73,9.39,P1:34:P2:33:P3:33
Z-38,2026-07-30,75.25,9.31,P1:34:P2:33:P3:33
Z-38,2026-07-31,69.61,9.03,P1:34:P2:33:P3:33
Z-38,2026-08-01,79.56,9.52,P1:34:P2:33:P3:33
Z-38,2026-08-02,73.97,8.88,P1:34:P2:33:P3:33
Z-38,2026-08-03,74.24,9.61,P1:34:P2:33:P3:33
Z-38,2026-08-04,76.17,9.09,P1:34:P2:33:P3:33
Z-38,2026-08-05,77.32,9.94,P1:34:P2:33:P3:33
Z-38,2026-08-06,80.2,9.26,P1:34:P2:33:P3:33
Z-38,2026-08-07,79.86,9.39,P1:34:P2:33:P3:33
Z-38,2026-08-08,74.53,9.15,P1:34:P2:33:P3:33
Z-38,2026-08-09,77.45,9.86,P1:34:P2:33:P3:33
Z-38,2026-08-10,77.03,9.6,P1:34:P2:33:P3:33
Z-38,2026-08-11,72.88,9.64,P1:34:P2:33:P3:33
Z-38,2026-08-12,79.9,9.51,P1:34:P2:33:P3:33
Z-38,2026-08-13,75.78,9.9,P1:34:P2:33:P3:33
Z-38,2026-08-14,75.95,9.01,P1:34:P2:33:P3:33
Z-38,2026-08-15,78.22,9.42,P1:34:P2:33:P3:33
Z-38,2026-08-16,78.38,9.86,P1:34:P2:33:P3:33
Z-38,2026-08-17,71.21,10.46,P1:34:P2:33:P3:33
Z-38,2026-08-18,78.14,8.81,P1:34:P2:33:P3:33
Z-38,2026-08-19,76.01,9.44,P1:34:P2:33:P3:33
Z-38,2026-08-20,77.51,9.62,P1:34:P2:33:P3:33
Z-38,2026-08-21,76.42,9.77,P1:34:P2:33:P3:33
Z-38,2026-08-22,73.96,9.23,P1:34:P2:33:P3:33
Z-38,2026-08-23,78.21,9.31,P1:34:P2:33:P3:33
Z-38,2026-08-24,76.98,9.77,P1:34:P2:33:P3:33
Z-38,2026-08-25,78.82,9.54,P1:34:P2:33:P3:33
Z-38,2026-08-26,73.53,9.94,P1:34:P2:33:P3:33
Z-38,2026-08-27,79.35,9.51,P1:34:P2:33:P3:33
Z-38,2026-08-28,79.05,8.79,P1:34:P2:33:P3:33
Z-38,2026-08-29,80.08,9.5,P1:34:P2:33:P3:33
Z-38,2026-08-30,78.52,8.88,P1:34:P2:33:P3:33
Z-38,2026-08-31,77.56,9.54,P1:34:P2:33:P3:33
Z-39,2025-09-01,86.23,16.13,P3:29:P2:38:P1:33
Z-39,2025-09-02,85.06,16.03,P3:29:P2:38:P1:33
Z-39,2025-09-03,81.23,15.49,P3:29:P2:38:P1:33
Z-39,2025-09-04,80.36,16.09,P3:29:P2:38:P1:33
Z-39,2025-09-05,83.11,16.15,P3:29:P2:38:P1:33
Z-39,2025-09-06,80.67,15.57,P3:29:P2:38:P1:33
Z-39,2025-09-07,83.58,16.22,P3:29:P2:38:P1:33
Z-39,2025-09-08,85.05,15.41,P3:29:P2:38:P1:33
Z-39,2025-09-09,79.89,15.59,P3:29:P2:38:P1:33
Z-39,2025-09-10,80.21,15.8,P3:29:P2:38:P1:33
Z-39,2025-09-11,80.44,15.55,P3:29:P2:38:P1:33
Z-39,2025-09-12,77.58,16.0,P3:29:P2:38:P1:33
Z-39,2025-09-13,80.99,15.83,P3:29:P2:38:P1:33
Z-39,2025-09-14,85.22,15.88,P3:29:P2:38:P1:33
Z-39,2025-09-15,84.09,15.48,P3:29:P2:38:P1:33
Z-39,2025-09-16,81.44,16.13,P3:29:P2:38:P1:33
Z-39,2025-09-17,82.37,15.37,P3:29:P2:38:P1:33
Z-39,2025-09-18,80.22,15.47,P3:29:P2:38:P1:33
Z-39,2025-09-19,84.82,15.6,P3:29:P2:38:P1:33
Z-39,2025-09-20,81.16,15.51,P3:29:P2:38:P1:33
Z-39,2025-09-21,81.46,15.37,P3:29:P2:38:P1:33
Z-39,2025-09-22,83.31,15.83,P3:29:P2:38:P1:33
Z-39,2025-09-23,79.92,15.6,P3:29:P2:38:P1:33
Z-39,2025-09-24,81.13,15.61,P3:29:P2:38:P1:33
Z-39,2025-09-25,81.16,15.71,P3:29:P2:38:P1:33
Z-39,2025-09-26,76.87,15.2,P3:29:P2:38:P1:33
Z-39,2025-09-27,83.08,15.48,P3:29:P2:38:P1:33
Z-39,2025-09-28,84.85,15.65,P3:29:P2:38:P1:33
Z-39,2025-09-29,87.53,16.05,P3:29:P2:38:P1:33
Z-39,2025-09-30,80.19,15.81,P3:29:P2:38:P1:33
Z-39,2025-10-01,85.67,15.13,P3:29:P2:38:P1:33
Z-39,2025-10-02,80.9,15.3,P3:29:P2:38:P1:33
Z-39,2025-10-03,83.5,15.08,P3:29:P2:38:P1:33
Z-39,2025-10-04,81.66,15.82,P3:29:P2:38:P1:33
Z-39,2025-10-05,86.06,15.86,P3:29:P2:38:P1:33
Z-39,2025-10-06,85.53,15.96,P3:29:P2:38:P1:33
Z-39,2025-10-07,81.34,15.47,P3:29:P2:38:P1:33
Z-39,2025-10-08,0.0,0.0,P3:29:P2:38:P1:33
Z-39,2025-10-09,85.79,16.58,P3:29:P2:38:P1:33
Z-39,2025-10-10,82.42,15.71,P3:29:P2:38:P1:33
Z-39,2025-10-11,77.27,15.51,P3:29:P2:38:P1:33
Z-39,2025-10-12,85.02,15.41,P3:29:P2:38:P1:33
Z-39,2025-10-13,79.82,15.49,P3:29:P2:38:P1:33
Z-39,2025-10-14,80.56,15.17,P3:29:P2:38:P1:33
Z-39,2025-10-15,87.15,15.54,P3:29:P2:38:P1:33
Z-39,2025-10-16,79.56,15.54,P3:29:P2:38:P1:33
Z-39,2025-10-17,80.67,15.85,P3:29:P2:38:P1:33
Z-39,2025-10-18,86.46,15.47,P3:29:P2:38:P1:33
Z-39,2025-10-19,79.66,15.94,P3:29:P2:38:P1:33
Z-39,2025-10-20,80.87,15.77,P3:29:P2:38:P1:33
Z-39,2025-10-21,78.93,15.57,P3:29:P2:38:P1:33
Z-39,2025-10-22,81.77,15.71,P3:29:P2:38:P1:33
Z-39,2025-10-23,80.4,15.84,P3:29:P2:38:P1:33
Z-39,2025-10-24,85.77,15.39,P3:29:P2:38:P1:33
Z-39,2025-10-25,81.41,15.75,P3:29:P2:38:P1:33
Z-39,2025-10-26,84.42,15.47,P3:29:P2:38:P1:33
Z-39,2025-10-27,86.29,15.53,P3:29:P2:38:P1:33
Z-39,2025-10-28,81.38,15.81,P3:29:P2:38:P1:33
Z-39,2025-10-29,81.72,15.59,P3:29:P2:38:P1:33
Z-39,2025-10-30,86.34,15.75,P3:29:P2:38:P1:33
Z-39,2025-10-31,77.0,16.13,P3:29:P2:38:P1:33
Z-39,2025-11-01,82.56,15.63,P3:29:P2:38:P1:33
Z-39,2025-11-02,85.08,15.7,P3:29:P2:38:P1:33
Z-39,2025-11-03,83.41,15.84,P3:29:P2:38:P1:33
Z-39,2025-11-04,83.48,16.41,P3:29:P2:38:P1:33
Z-39,2025-11-05,85.52,15.94,P3:29:P2:38:P1:33
Z-39,2025-11-06,87.49,15.38,P3:29:P2:38:P1:33
Z-39,2025-11-07,84.56,16.11,P3:29:P2:38:P1:33
Z-39,2025-11-08,77.06,15.4,P3:29:P2:38:P1:33
Z-39,2025-11-09,78.86,15.92,P3:29:P2:38:P1:33
Z-39,2025-11-10,0.0,0.0,P3:29:P2:38:P1:33
Z-39,2025-11-11,84.51,16.19,P3:29:P2:38:P1:33
Z-39,2025-11-12,78.72,15.35,P3:29:P2:38:P1:33
Z-39,2025-11-13,80.4,16.26,P3:29:P2:38:P1:33
Z-39,2025-11-14,84.61,15.7,P3:29:P2:38:P1:33
Z-39,2025-11-15,83.56,15.72,P3:29:P2:38:P1:33
Z-39,2025-11-16,79.83,15.83,P3:29:P2:38:P1:33
Z-39,2025-11-17,84.39,15.93,P3:29:P2:38:P1:33
Z-39,2025-11-18,91.18,15.45,P3:29:P2:38:P1:33
Z-39,2025-11-19,88.51,15.65,P3:29:P2:38:P1:33
Z-39,2025-11-20,82.62,15.53,P3:29:P2:38:P1:33
Z-39,2025-11-21,82.84,15.05,P3:29:P2:38:P1:33
Z-39,2025-11-22,93.35,15.33,P3:29:P2:38:P1:33
Z-39,2025-11-23,81.88,15.67,P3:29:P2:38:P1:33
Z-39,2025-11-24,83.74,15.87,P3:29:P2:38:P1:33
Z-39,2025-11-25,80.39,15.49,P3:29:P2:38:P1:33
Z-39,2025-11-26,78.06,16.43,P3:29:P2:38:P1:33
Z-39,2025-11-27,84.18,16.13,P3:29:P2:38:P1:33
Z-39,2025-11-28,86.02,15.9,P3:29:P2:38:P1:33
Z-39,2025-11-29,86.03,15.85,P3:29:P2:38:P1:33
Z-39,2025-11-30,84.42,16.35,P3:29:P2:38:P1:33
Z-39,2025-12-01,81.29,15.61,P3:29:P2:38:P1:33
Z-39,2025-12-02,86.71,15.27,P3:29:P2:38:P1:33
Z-39,2025-12-03,83.02,15.99,P3:29:P2:38:P1:33
Z-39,2025-12-04,83.47,15.53,P3:29:P2:38:P1:33
Z-39,2025-12-05,80.49,15.81,P3:29:P2:38:P1:33
Z-39,2025-12-06,76.65,15.61,P3:29:P2:38:P1:33
Z-39,2025-12-07,82.71,15.21,P3:29:P2:38:P1:33
Z-39,2025-12-08,84.04,15.96,P3:29:P2:38:P1:33
Z-39,2025-12-09,85.02,15.95,P3:29:P2:38:P1:33
Z-39,2025-12-10,88.87,15.29,P3:29:P2:38:P1:33
Z-39,2025-12-11,85.87,15.62,P3:29:P2:38:P1:33
Z-39,2025-12-12,77.75,15.21,P3:29:P2:38:P1:33
Z-39,2025-12-13,80.51,15.66,P3:29:P2:38:P1:33
Z-39,2025-12-14,83.12,15.72,P3:29:P2:38:P1:33
Z-39,2025-12-15,78.88,15.74,P3:29:P2:38:P1:33
Z-39,2025-12-16,81.53,15.92,P3:29:P2:38:P1:33
Z-39,2025-12-17,85.77,15.88,P3:29:P2:38:P1:33
Z-39,2025-12-18,79.32,15.81,P3:29:P2:38:P1:33
Z-39,2025-12-19,81.17,15.94,P3:29:P2:38:P1:33
Z-39,2025-12-20,83.62,16.05,P3:29:P2:38:P1:33
Z-39,2025-12-21,85.3,15.74,P3:29:P2:38:P1:33
Z-39,2025-12-22,82.85,15.44,P3:29:P2:38:P1:33
Z-39,2025-12-23,86.95,16.01,P3:29:P2:38:P1:33
Z-39,2025-12-24,88.68,16.36,P3:29:P2:38:P1:33
Z-39,2025-12-25,84.2,15.35,P3:29:P2:38:P1:33
Z-39,2025-12-26,86.42,16.08,P3:29:P2:38:P1:33
Z-39,2025-12-27,81.95,16.01,P3:29:P2:38:P1:33
Z-39,2025-12-28,85.64,15.76,P3:29:P2:38:P1:33
Z-39,2025-12-29,78.25,15.56,P3:29:P2:38:P1:33
Z-39,2025-12-30,78.88,15.6,P3:29:P2:38:P1:33
Z-39,2025-12-31,82.71,15.44,P3:29:P2:38:P1:33
Z-39,2026-01-01,81.17,15.74,P3:29:P2:38:P1:33
Z-39,2026-01-02,78.19,15.64,P3:29:P2:38:P1:33
Z-39,2026-01-03,83.47,15.99,P3:29:P2:38:P1:33
Z-39,2026-01-04,82.95,15.83,P3:29:P2:38:P1:33
Z-39,2026-01-05,91.53,16.08,P3:29:P2:38:P1:33
Z-39,2026-01-06,87.85,15.47,P3:29:P2:38:P1:33
Z-39,2026-01-07,84.35,16.17,P3:29:P2:38:P1:33
Z-39,2026-01-08,83.97,15.71,P3:29:P2:38:P1:33
Z-39,2026-01-09,85.44,16.44,P3:29:P2:38:P1:33
Z-39,2026-01-10,82.74,16.29,P3:29:P2:38:P1:33
Z-39,2026-01-11,91.27,16.3,P3:29:P2:38:P1:33
Z-39,2026-01-12,79.88,15.88,P3:29:P2:38:P1:33
Z-39,2026-01-13,90.63,16.03,P3:29:P2:38:P1:33
Z-39,2026-01-14,83.63,15.64,P3:29:P2:38:P1:33
Z-39,2026-01-15,77.67,15.83,P3:29:P2:38:P1:33
Z-39,2026-01-16,82.16,15.37,P3:29:P2:38:P1:33
Z-39,2026-01-17,86.54,16.09,P3:29:P2:38:P1:33
Z-39,2026-01-18,78.95,15.52,P3:29:P2:38:P1:33
Z-39,2026-01-19,81.93,15.88,P3:29:P2:38:P1:33
Z-39,2026-01-20,77.94,15.6,P3:29:P2:38:P1:33
Z-39,2026-01-21,75.48,16.23,P3:29:P2:38:P1:33
Z-39,2026-01-22,83.44,15.64,P3:29:P2:38:P1:33
Z-39,2026-01-23,81.19,15.62,P3:29:P2:38:P1:33
Z-39,2026-01-24,78.71,15.25,P3:29:P2:38:P1:33
Z-39,2026-01-25,81.86,15.49,P3:29:P2:38:P1:33
Z-39,2026-01-26,87.86,15.49,P3:29:P2:38:P1:33
Z-39,2026-01-27,76.36,15.95,P3:29:P2:38:P1:33
Z-39,2026-01-28,80.27,16.01,P3:29:P2:38:P1:33
Z-39,2026-01-29,84.66,15.66,P3:29:P2:38:P1:33
Z-39,2026-01-30,78.53,15.95,P3:29:P2:38:P1:33
Z-39,2026-01-31,84.67,16.19,P3:29:P2:38:P1:33
Z-39,2026-02-01,85.09,16.2,P3:29:P2:38:P1:33
Z-39,2026-02-02,84.28,15.54,P3:29:P2:38:P1:33
Z-39,2026-02-03,83.45,15.95,P3:29:P2:38:P1:33
Z-39,2026-02-04,78.3,15.88,P3:29:P2:38:P1:33
Z-39,2026-02-05,87.97,16.16,P3:29:P2:38:P1:33
Z-39,2026-02-06,82.95,15.79,P3:29:P2:38:P1:33
Z-39,2026-02-07,77.47,15.82,P3:29:P2:38:P1:33
Z-39,2026-02-08,75.0,15.91,P3:29:P2:38:P1:33
Z-39,2026-02-09,84.33,15.56,P3:29:P2:38:P1:33
Z-39,2026-02-10,81.2,15.98,P3:29:P2:38:P1:33
Z-39,2026-02-11,92.96,15.75,P3:29:P2:38:P1:33
Z-39,2026-02-12,78.56,15.73,P3:29:P2:38:P1:33
Z-39,2026-02-13,84.72,15.88,P3:29:P2:38:P1:33
Z-39,2026-02-14,84.17,16.36,P3:29:P2:38:P1:33
Z-39,2026-02-15,86.97,15.91,P3:29:P2:38:P1:33
Z-39,2026-02-16,86.38,15.66,P3:29:P2:38:P1:33
Z-39,2026-02-17,84.21,15.84,P3:29:P2:38:P1:33
Z-39,2026-02-18,81.66,15.57,P3:29:P2:38:P1:33
Z-39,2026-02-19,88.28,16.23,P3:29:P2:38:P1:33
Z-39,2026-02-20,82.69,15.74,P3:29:P2:38:P1:33
Z-39,2026-02-21,82.71,15.25,P3:29:P2:38:P1:33
Z-39,2026-02-22,83.27,15.74,P3:29:P2:38:P1:33
Z-39,2026-02-23,81.51,15.49,P3:29:P2:38:P1:33
Z-39,2026-02-24,75.93,15.63,P3:29:P2:38:P1:33
Z-39,2026-02-25,81.82,15.99,P3:29:P2:38:P1:33
Z-39,2026-02-26,85.7,15.97,P3:29:P2:38:P1:33
Z-39,2026-02-27,79.26,16.36,P3:29:P2:38:P1:33
Z-39,2026-02-28,78.07,15.68,P3:29:P2:38:P1:33
Z-39,2026-03-01,84.63,15.58,P3:29:P2:38:P1:33
Z-39,2026-03-02,84.69,15.77,P3:29:P2:38:P1:33
Z-39,2026-03-03,84.67,16.17,P3:29:P2:38:P1:33
Z-39,2026-03-04,82.93,15.69,P3:29:P2:38:P1:33
Z-39,2026-03-05,88.27,15.43,P3:29:P2:38:P1:33
Z-39,2026-03-06,86.54,15.71,P3:29:P2:38:P1:33
Z-39,2026-03-07,83.67,15.67,P3:29:P2:38:P1:33
Z-39,2026-03-08,76.87,16.54,P3:29:P2:38:P1:33
Z-39,2026-03-09,84.7,15.75,P3:29:P2:38:P1:33
Z-39,2026-03-10,83.62,15.73,P3:29:P2:38:P1:33
Z-39,2026-03-11,80.86,15.98,P3:29:P2:38:P1:33
Z-39,2026-03-12,81.69,15.62,P3:29:P2:38:P1:33
Z-39,2026-03-13,83.18,15.98,P3:29:P2:38:P1:33
Z-39,2026-03-14,78.6,15.94,P3:29:P2:38:P1:33
Z-39,2026-03-15,84.17,16.1,P3:29:P2:38:P1:33
Z-39,2026-03-16,78.53,16.03,P3:29:P2:38:P1:33
Z-39,2026-03-17,81.63,16.18,P3:29:P2:38:P1:33
Z-39,2026-03-18,79.69,15.62,P3:29:P2:38:P1:33
Z-39,2026-03-19,83.9,15.61,P3:29:P2:38:P1:33
Z-39,2026-03-20,85.58,15.87,P3:29:P2:38:P1:33
Z-39,2026-03-21,78.72,16.07,P3:29:P2:38:P1:33
Z-39,2026-03-22,84.79,16.05,P3:29:P2:38:P1:33
Z-39,2026-03-23,78.89,16.16,P3:29:P2:38:P1:33
Z-39,2026-03-24,84.3,15.08,P3:29:P2:38:P1:33
Z-39,2026-03-25,78.19,15.89,P3:29:P2:38:P1:33
Z-39,2026-03-26,82.31,15.87,P3:29:P2:38:P1:33
Z-39,2026-03-27,84.47,15.64,P3:29:P2:38:P1:33
Z-39,2026-03-28,80.79,15.66,P3:29:P2:38:P1:33
Z-39,2026-03-29,0.0,0.0,P3:29:P2:38:P1:33
Z-39,2026-03-30,83.94,15.86,P3:29:P2:38:P1:33
Z-39,2026-03-31,84.83,15.9,P3:29:P2:38:P1:33
Z-39,2026-04-01,79.21,15.89,P3:29:P2:38:P1:33
Z-39,2026-04-02,80.79,15.23,P3:29:P2:38:P1:33
Z-39,2026-04-03,82.87,15.65,P3:29:P2:38:P1:33
Z-39,2026-04-04,87.13,15.82,P3:29:P2:38:P1:33
Z-39,2026-04-05,78.73,15.29,P3:29:P2:38:P1:33
Z-39,2026-04-06,82.76,15.57,P3:29:P2:38:P1:33
Z-39,2026-04-07,82.06,16.11,P3:29:P2:38:P1:33
Z-39,2026-04-08,81.66,16.2,P3:29:P2:38:P1:33
Z-39,2026-04-09,88.18,15.78,P3:29:P2:38:P1:33
Z-39,2026-04-10,84.41,16.27,P3:29:P2:38:P1:33
Z-39,2026-04-11,89.48,15.32,P3:29:P2:38:P1:33
Z-39,2026-04-12,82.41,16.21,P3:29:P2:38:P1:33
Z-39,2026-04-13,77.71,15.86,P3:29:P2:38:P1:33
Z-39,2026-04-14,82.0,15.42,P3:29:P2:38:P1:33
Z-39,2026-04-15,85.93,15.65,P3:29:P2:38:P1:33
Z-39,2026-04-16,79.75,16.16,P3:29:P2:38:P1:33
Z-39,2026-04-17,84.26,15.66,P3:29:P2:38:P1:33
Z-39,2026-04-18,87.9,16.0,P3:29:P2:38:P1:33
Z-39,2026-04-19,89.23,16.0,P3:29:P2:38:P1:33
Z-39,2026-04-20,83.05,15.15,P3:29:P2:38:P1:33
Z-39,2026-04-21,77.93,16.23,P3:29:P2:38:P1:33
Z-39,2026-04-22,80.48,15.87,P3:29:P2:38:P1:33
Z-39,2026-04-23,77.04,15.65,P3:29:P2:38:P1:33
Z-39,2026-04-24,88.28,15.48,P3:29:P2:38:P1:33
Z-39,2026-04-25,79.5,15.37,P3:29:P2:38:P1:33
Z-39,2026-04-26,88.07,15.81,P3:29:P2:38:P1:33
Z-39,2026-04-27,80.77,15.87,P3:29:P2:38:P1:33
Z-39,2026-04-28,82.97,15.93,P3:29:P2:38:P1:33
Z-39,2026-04-29,79.18,16.06,P3:29:P2:38:P1:33
Z-39,2026-04-30,83.66,15.72,P3:29:P2:38:P1:33
Z-39,2026-05-01,85.41,15.98,P3:29:P2:38:P1:33
Z-39,2026-05-02,81.93,15.98,P3:29:P2:38:P1:33
Z-39,2026-05-03,82.63,16.25,P3:29:P2:38:P1:33
Z-39,2026-05-04,87.29,16.31,P3:29:P2:38:P1:33
Z-39,2026-05-05,84.13,15.92,P3:29:P2:38:P1:33
Z-39,2026-05-06,85.27,16.28,P3:29:P2:38:P1:33
Z-39,2026-05-07,85.27,15.82,P3:29:P2:38:P1:33
Z-39,2026-05-08,82.71,15.2,P3:29:P2:38:P1:33
Z-39,2026-05-09,85.15,15.37,P3:29:P2:38:P1:33
Z-39,2026-05-10,77.69,15.39,P3:29:P2:38:P1:33
Z-39,2026-05-11,88.1,15.28,P3:29:P2:38:P1:33
Z-39,2026-05-12,84.2,15.27,P3:29:P2:38:P1:33
Z-39,2026-05-13,84.97,15.7,P3:29:P2:38:P1:33
Z-39,2026-05-14,88.78,16.06,P3:29:P2:38:P1:33
Z-39,2026-05-15,86.48,16.12,P3:29:P2:38:P1:33
Z-39,2026-05-16,81.27,15.86,P3:29:P2:38:P1:33
Z-39,2026-05-17,77.8,15.71,P3:29:P2:38:P1:33
Z-39,2026-05-18,87.45,15.71,P3:29:P2:38:P1:33
Z-39,2026-05-19,85.37,16.26,P3:29:P2:38:P1:33
Z-39,2026-05-20,87.88,15.58,P3:29:P2:38:P1:33
Z-39,2026-05-21,86.53,15.64,P3:29:P2:38:P1:33
Z-39,2026-05-22,82.3,15.85,P3:29:P2:38:P1:33
Z-39,2026-05-23,83.38,15.68,P3:29:P2:38:P1:33
Z-39,2026-05-24,84.28,16.34,P3:29:P2:38:P1:33
Z-39,2026-05-25,80.5,15.73,P3:29:P2:38:P1:33
Z-39,2026-05-26,84.42,15.46,P3:29:P2:38:P1:33
Z-39,2026-05-27,85.17,15.94,P3:29:P2:38:P1:33
Z-39,2026-05-28,82.14,15.43,P3:29:P2:38:P1:33
Z-39,2026-05-29,82.63,15.65,P3:29:P2:38:P1:33
Z-39,2026-05-30,84.67,15.4,P3:29:P2:38:P1:33
Z-39,2026-05-31,88.14,15.85,P3:29:P2:38:P1:33
Z-39,2026-06-01,82.5,15.68,P3:29:P2:38:P1:33
Z-39,2026-06-02,81.67,15.71,P3:29:P2:38:P1:33
Z-39,2026-06-03,85.77,15.97,P3:29:P2:38:P1:33
Z-39,2026-06-04,82.01,15.64,P3:29:P2:38:P1:33
Z-39,2026-06-05,81.26,15.33,P3:29:P2:38:P1:33
Z-39,2026-06-06,82.19,15.0,P3:29:P2:38:P1:33
Z-39,2026-06-07,81.28,15.66,P3:29:P2:38:P1:33
Z-39,2026-06-08,86.49,15.92,P3:29:P2:38:P1:33
Z-39,2026-06-09,81.3,15.71,P3:29:P2:38:P1:33
Z-39,2026-06-10,79.87,15.78,P3:29:P2:38:P1:33
Z-39,2026-06-11,82.99,15.83,P3:29:P2:38:P1:33
Z-39,2026-06-12,81.67,15.75,P3:29:P2:38:P1:33
Z-39,2026-06-13,83.34,15.84,P3:29:P2:38:P1:33
Z-39,2026-06-14,80.28,15.5,P3:29:P2:38:P1:33
Z-39,2026-06-15,80.25,16.02,P3:29:P2:38:P1:33
Z-39,2026-06-16,80.54,15.87,P3:29:P2:38:P1:33
Z-39,2026-06-17,79.25,15.71,P3:29:P2:38:P1:33
Z-39,2026-06-18,84.49,15.33,P3:29:P2:38:P1:33
Z-39,2026-06-19,83.23,16.03,P3:29:P2:38:P1:33
Z-39,2026-06-20,88.05,15.88,P3:29:P2:38:P1:33
Z-39,2026-06-21,86.31,15.28,P3:29:P2:38:P1:33
Z-39,2026-06-22,79.57,15.97,P3:29:P2:38:P1:33
Z-39,2026-06-23,86.81,15.89,P3:29:P2:38:P1:33
Z-39,2026-06-24,82.91,16.3,P3:29:P2:38:P1:33
Z-39,2026-06-25,89.2,15.85,P3:29:P2:38:P1:33
Z-39,2026-06-26,84.35,15.33,P3:29:P2:38:P1:33
Z-39,2026-06-27,83.43,15.62,P3:29:P2:38:P1:33
Z-39,2026-06-28,82.06,15.46,P3:29:P2:38:P1:33
Z-39,2026-06-29,79.83,15.31,P3:29:P2:38:P1:33
Z-39,2026-06-30,86.06,15.64,P3:29:P2:38:P1:33
Z-39,2026-07-01,88.52,16.06,P3:29:P2:38:P1:33
Z-39,2026-07-02,81.72,15.66,P3:29:P2:38:P1:33
Z-39,2026-07-03,83.66,15.83,P3:29:P2:38:P1:33
Z-39,2026-07-04,85.16,16.33,P3:29:P2:38:P1:33
Z-39,2026-07-05,82.59,15.74,P3:29:P2:38:P1:33
Z-39,2026-07-06,84.49,15.58,P3:29:P2:38:P1:33
Z-39,2026-07-07,84.74,15.95,P3:29:P2:38:P1:33
Z-39,2026-07-08,85.22,15.53,P3:29:P2:38:P1:33
Z-39,2026-07-09,86.36,15.87,P3:29:P2:38:P1:33
Z-39,2026-07-10,86.51,16.11,P3:29:P2:38:P1:33
Z-39,2026-07-11,79.71,15.83,P3:29:P2:38:P1:33
Z-39,2026-07-12,85.39,16.03,P3:29:P2:38:P1:33
Z-39,2026-07-13,80.74,15.72,P3:29:P2:38:P1:33
Z-39,2026-07-14,82.57,15.97,P3:29:P2:38:P1:33
Z-39,2026-07-15,81.6,15.41,P3:29:P2:38:P1:33
Z-39,2026-07-16,87.77,15.43,P3:29:P2:38:P1:33
Z-39,2026-07-17,80.58,15.56,P3:29:P2:38:P1:33
Z-39,2026-07-18,79.42,15.98,P3:29:P2:38:P1:33
Z-39,2026-07-19,78.49,15.8,P3:29:P2:38:P1:33
Z-39,2026-07-20,83.12,15.92,P3:29:P2:38:P1:33
Z-39,2026-07-21,80.92,15.66,P3:29:P2:38:P1:33
Z-39,2026-07-22,79.14,15.74,P3:29:P2:38:P1:33
Z-39,2026-07-23,87.56,15.65,P3:29:P2:38:P1:33
Z-39,2026-07-24,82.51,15.82,P3:29:P2:38:P1:33
Z-39,2026-07-25,80.21,15.8,P3:29:P2:38:P1:33
Z-39,2026-07-26,79.79,15.64,P3:29:P2:38:P1:33
Z-39,2026-07-27,89.23,15.43,P3:29:P2:38:P1:33
Z-39,2026-07-28,81.91,15.77,P3:29:P2:38:P1:33
Z-39,2026-07-29,76.67,15.73,P3:29:P2:38:P1:33
Z-39,2026-07-30,83.76,15.49,P3:29:P2:38:P1:33
Z-39,2026-07-31,84.45,15.55,P3:29:P2:38:P1:33
Z-39,2026-08-01,84.37,15.6,P3:29:P2:38:P1:33
Z-39,2026-08-02,82.59,15.86,P3:29:P2:38:P1:33
Z-39,2026-08-03,82.18,16.01,P3:29:P2:38:P1:33
Z-39,2026-08-04,80.55,15.78,P3:29:P2:38:P1:33
Z-39,2026-08-05,83.88,16.2,P3:29:P2:38:P1:33
Z-39,2026-08-06,86.63,16.35,P3:29:P2:38:P1:33
Z-39,2026-08-07,81.72,15.78,P3:29:P2:38:P1:33
Z-39,2026-08-08,81.64,15.84,P3:29:P2:38:P1:33
Z-39,2026-08-09,81.83,15.42,P3:29:P2:38:P1:33
Z-39,2026-08-10,84.38,15.7,P3:29:P2:38:P1:33
Z-39,2026-08-11,84.98,15.31,P3:29:P2:38:P1:33
Z-39,2026-08-12,78.16,16.25,P3:29:P2:38:P1:33
Z-39,2026-08-13,89.66,15.94,P3:29:P2:38:P1:33
Z-39,2026-08-14,80.12,15.65,P3:29:P2:38:P1:33
Z-39,2026-08-15,83.61,15.94,P3:29:P2:38:P1:33
Z-39,2026-08-16,79.93,15.09,P3:29:P2:38:P1:33
Z-39,2026-08-17,83.85,15.61,P3:29:P2:38:P1:33
Z-39,2026-08-18,85.44,15.9,P3:29:P2:38:P1:33
Z-39,2026-08-19,0.0,0.0,P3:29:P2:38:P1:33
Z-39,2026-08-20,82.23,15.29,P3:29:P2:38:P1:33
Z-39,2026-08-21,83.6,15.82,P3:29:P2:38:P1:33
Z-39,2026-08-22,82.16,15.47,P3:29:P2:38:P1:33
Z-39,2026-08-23,84.81,16.03,P3:29:P2:38:P1:33
Z-39,2026-08-24,84.67,15.26,P3:29:P2:38:P1:33
Z-39,2026-08-25,0.0,0.0,P3:29:P2:38:P1:33
Z-39,2026-08-26,82.88,15.46,P3:29:P2:38:P1:33
Z-39,2026-08-27,86.81,15.89,P3:29:P2:38:P1:33
Z-39,2026-08-28,80.95,15.33,P3:29:P2:38:P1:33
Z-39,2026-08-29,84.77,14.74,P3:29:P2:38:P1:33
Z-39,2026-08-30,86.21,15.88,P3:29:P2:38:P1:33
Z-39,2026-08-31,82.57,15.75,P3:29:P2:38:P1:33
N-31,2025-09-01,73.62,15.02,P3:38:P1:40:P2:21
N-31,2025-09-02,71.18,15.77,P3:38:P1:40:P2:21
N-31,2025-09-03,74.59,14.91,P3:38:P1:40:P2:21
N-31,2025-09-04,79.47,15.44,P3:38:P1:40:P2:21
N-31,2025-09-05,72.66,15.47,P3:38:P1:40:P2:21
N-31,2025-09-06,66.97,15.73,P3:38:P1:40:P2:21
N-31,2025-09-07,75.39,15.43,P3:38:P1:40:P2:21
N-31,2025-09-08,82.94,15.71,P3:38:P1:40:P2:21
N-31,2025-09-09,0.0,0.0,P3:38:P1:40:P2:21
N-31,2025-09-10,76.12,15.28,P3:38:P1:40:P2:21
N-31,2025-09-11,69.96,15.8,P3:38:P1:40:P2:21
N-31,2025-09-12,83.94,15.63,P3:38:P1:40:P2:21
N-31,2025-09-13,78.81,15.07,P3:38:P1:40:P2:21
N-31,2025-09-14,71.63,15.37,P3:38:P1:40:P2:21
N-31,2025-09-15,72.16,15.19,P3:38:P1:40:P2:21
N-31,2025-09-16,73.7,15.97,P3:38:P1:40:P2:21
N-31,2025-09-17,73.55,15.55,P3:38:P1:40:P2:21
N-31,2025-09-18,74.58,15.08,P3:38:P1:40:P2:21
N-31,2025-09-19,73.37,15.15,P3:38:P1:40:P2:21
N-31,2025-09-20,78.0,15.79,P3:38:P1:40:P2:21
N-31,2025-09-21,70.41,15.62,P3:38:P1:40:P2:21
N-31,2025-09-22,79.12,15.46,P3:38:P1:40:P2:21
N-31,2025-09-23,71.92,15.89,P3:38:P1:40:P2:21
N-31,2025-09-24,74.77,15.04,P3:38:P1:40:P2:21
N-31,2025-09-25,71.6,15.23,P3:38:P1:40:P2:21
N-31,2025-09-26,73.02,15.63,P3:38:P1:40:P2:21
N-31,2025-09-27,69.94,15.1,P3:38:P1:40:P2:21
N-31,2025-09-28,71.56,15.94,P3:38:P1:40:P2:21
N-31,2025-09-29,72.91,15.7,P3:38:P1:40:P2:21
N-31,2025-09-30,78.24,15.2,P3:38:P1:40:P2:21
N-31,2025-10-01,71.3,15.04,P3:38:P1:40:P2:21
N-31,2025-10-02,73.21,16.25,P3:38:P1:40:P2:21
N-31,2025-10-03,71.5,15.24,P3:38:P1:40:P2:21
N-31,2025-10-04,75.19,16.03,P3:38:P1:40:P2:21
N-31,2025-10-05,77.96,15.31,P3:38:P1:40:P2:21
N-31,2025-10-06,77.23,15.7,P3:38:P1:40:P2:21
N-31,2025-10-07,80.55,15.31,P3:38:P1:40:P2:21
N-31,2025-10-08,76.64,15.21,P3:38:P1:40:P2:21
N-31,2025-10-09,75.5,15.63,P3:38:P1:40:P2:21
N-31,2025-10-10,73.28,15.66,P3:38:P1:40:P2:21
N-31,2025-10-11,74.11,14.91,P3:38:P1:40:P2:21
N-31,2025-10-12,72.35,15.64,P3:38:P1:40:P2:21
N-31,2025-10-13,73.44,15.33,P3:38:P1:40:P2:21
N-31,2025-10-14,72.46,15.71,P3:38:P1:40:P2:21
N-31,2025-10-15,73.73,15.67,P3:38:P1:40:P2:21
N-31,2025-10-16,80.6,15.45,P3:38:P1:40:P2:21
N-31,2025-10-17,75.78,15.74,P3:38:P1:40:P2:21
N-31,2025-10-18,74.15,15.18,P3:38:P1:40:P2:21
N-31,2025-10-19,74.14,14.89,P3:38:P1:40:P2:21
N-31,2025-10-20,72.53,14.93,P3:38:P1:40:P2:21
N-31,2025-10-21,73.08,15.45,P3:38:P1:40:P2:21
N-31,2025-10-22,78.47,15.72,P3:38:P1:40:P2:21
N-31,2025-10-23,70.08,15.62,P3:38:P1:40:P2:21
N-31,2025-10-24,68.33,15.7,P3:38:P1:40:P2:21
N-31,2025-10-25,0.0,0.0,P3:38:P1:40:P2:21
N-31,2025-10-26,80.08,15.33,P3:38:P1:40:P2:21
N-31,2025-10-27,74.3,14.95,P3:38:P1:40:P2:21
N-31,2025-10-28,73.84,15.57,P3:38:P1:40:P2:21
N-31,2025-10-29,70.76,15.79,P3:38:P1:40:P2:21
N-31,2025-10-30,74.3,15.6,P3:38:P1:40:P2:21
N-31,2025-10-31,71.86,16.12,P3:38:P1:40:P2:21
N-31,2025-11-01,74.81,15.41,P3:38:P1:40:P2:21
N-31,2025-11-02,73.38,15.91,P3:38:P1:40:P2:21
N-31,2025-11-03,70.53,15.57,P3:38:P1:40:P2:21
N-31,2025-11-04,78.27,15.14,P3:38:P1:40:P2:21
N-31,2025-11-05,77.82,15.81,P3:38:P1:40:P2:21
N-31,2025-11-06,74.73,15.23,P3:38:P1:40:P2:21
N-31,2025-11-07,71.34,15.49,P3:38:P1:40:P2:21
N-31,2025-11-08,74.15,15.2,P3:38:P1:40:P2:21
N-31,2025-11-09,76.48,15.78,P3:38:P1:40:P2:21
N-31,2025-11-10,77.73,14.81,P3:38:P1:40:P2:21
N-31,2025-11-11,80.18,14.97,P3:38:P1:40:P2:21
N-31,2025-11-12,74.73,15.85,P3:38:P1:40:P2:21
N-31,2025-11-13,0.0,0.0,P3:38:P1:40:P2:21
N-31,2025-11-14,66.86,15.88,P3:38:P1:40:P2:21
N-31,2025-11-15,76.5,15.14,P3:38:P1:40:P2:21
N-31,2025-11-16,79.78,15.24,P3:38:P1:40:P2:21
N-31,2025-11-17,71.85,16.04,P3:38:P1:40:P2:21
N-31,2025-11-18,72.93,15.84,P3:38:P1:40:P2:21
N-31,2025-11-19,74.92,15.21,P3:38:P1:40:P2:21
N-31,2025-11-20,74.17,15.02,P3:38:P1:40:P2:21
N-31,2025-11-21,75.93,15.13,P3:38:P1:40:P2:21
N-31,2025-11-22,71.62,15.94,P3:38:P1:40:P2:21
N-31,2025-11-23,73.73,15.72,P3:38:P1:40:P2:21
N-31,2025-11-24,71.49,15.55,P3:38:P1:40:P2:21
N-31,2025-11-25,75.62,15.41,P3:38:P1:40:P2:21
N-31,2025-11-26,77.85,15.65,P3:38:P1:40:P2:21
N-31,2025-11-27,75.63,14.8,P3:38:P1:40:P2:21
N-31,2025-11-28,70.49,15.36,P3:38:P1:40:P2:21
N-31,2025-11-29,71.16,15.7,P3:38:P1:40:P2:21
N-31,2025-11-30,72.45,15.48,P3:38:P1:40:P2:21
N-31,2025-12-01,76.04,15.11,P3:38:P1:40:P2:21
N-31,2025-12-02,79.79,15.98,P3:38:P1:40:P2:21
N-31,2025-12-03,72.6,15.6,P3:38:P1:40:P2:21
N-31,2025-12-04,74.17,15.74,P3:38:P1:40:P2:21
N-31,2025-12-05,0.0,0.0,P3:38:P1:40:P2:21
N-31,2025-12-06,74.77,15.63,P3:38:P1:40:P2:21
N-31,2025-12-07,72.73,14.91,P3:38:P1:40:P2:21
N-31,2025-12-08,74.0,15.81,P3:38:P1:40:P2:21
N-31,2025-12-09,73.89,15.81,P3:38:P1:40:P2:21
N-31,2025-12-10,71.37,15.64,P3:38:P1:40:P2:21
N-31,2025-12-11,73.49,15.34,P3:38:P1:40:P2:21
N-31,2025-12-12,77.48,15.48,P3:38:P1:40:P2:21
N-31,2025-12-13,70.01,15.52,P3:38:P1:40:P2:21
N-31,2025-12-14,76.53,15.59,P3:38:P1:40:P2:21
N-31,2025-12-15,69.74,15.7,P3:38:P1:40:P2:21
N-31,2025-12-16,73.41,15.75,P3:38:P1:40:P2:21
N-31,2025-12-17,77.7,15.62,P3:38:P1:40:P2:21
N-31,2025-12-18,75.6,15.58,P3:38:P1:40:P2:21
N-31,2025-12-19,70.43,15.47,P3:38:P1:40:P2:21
N-31,2025-12-20,74.93,15.67,P3:38:P1:40:P2:21
N-31,2025-12-21,76.08,15.82,P3:38:P1:40:P2:21
N-31,2025-12-22,74.2,15.08,P3:38:P1:40:P2:21
N-31,2025-12-23,67.03,15.97,P3:38:P1:40:P2:21
N-31,2025-12-24,76.17,15.65,P3:38:P1:40:P2:21
N-31,2025-12-25,73.03,15.95,P3:38:P1:40:P2:21
N-31,2025-12-26,68.6,15.41,P3:38:P1:40:P2:21
N-31,2025-12-27,75.17,15.78,P3:38:P1:40:P2:21
N-31,2025-12-28,70.98,15.21,P3:38:P1:40:P2:21
N-31,2025-12-29,76.78,15.39,P3:38:P1:40:P2:21
N-31,2025-12-30,71.64,15.11,P3:38:P1:40:P2:21
N-31,2025-12-31,74.09,15.5,P3:38:P1:40:P2:21
N-31,2026-01-01,72.65,15.48,P3:38:P1:40:P2:21
N-31,2026-01-02,70.52,15.5,P3:38:P1:40:P2:21
N-31,2026-01-03,73.96,15.4,P3:38:P1:40:P2:21
N-31,2026-01-04,77.84,15.66,P3:38:P1:40:P2:21
N-31,2026-01-05,72.59,15.29,P3:38:P1:40:P2:21
N-31,2026-01-06,74.69,14.91,P3:38:P1:40:P2:21
N-31,2026-01-07,74.52,15.73,P3:38:P1:40:P2:21
N-31,2026-01-08,72.26,15.65,P3:38:P1:40:P2:21
N-31,2026-01-09,75.73,15.24,P3:38:P1:40:P2:21
N-31,2026-01-10,70.61,15.83,P3:38:P1:40:P2:21
N-31,2026-01-11,77.99,15.43,P3:38:P1:40:P2:21
N-31,2026-01-12,73.27,15.46,P3:38:P1:40:P2:21
N-31,2026-01-13,71.69,15.82,P3:38:P1:40:P2:21
N-31,2026-01-14,78.31,15.54,P3:38:P1:40:P2:21
N-31,2026-01-15,74.1,15.47,P3:38:P1:40:P2:21
N-31,2026-01-16,73.53,15.14,P3:38:P1:40:P2:21
N-31,2026-01-17,72.56,15.82,P3:38:P1:40:P2:21
N-31,2026-01-18,73.88,15.37,P3:38:P1:40:P2:21
N-31,2026-01-19,76.84,15.38,P3:38:P1:40:P2:21
N-31,2026-01-20,71.05,15.78,P3:38:P1:40:P2:21
N-31,2026-01-21,80.29,15.43,P3:38:P1:40:P2:21
N-31,2026-01-22,73.48,15.69,P3:38:P1:40:P2:21
N-31,2026-01-23,71.21,15.24,P3:38:P1:40:P2:21
N-31,2026-01-24,72.34,15.6,P3:38:P1:40:P2:21
N-31,2026-01-25,73.58,15.5,P3:38:P1:40:P2:21
N-31,2026-01-26,79.21,15.38,P3:38:P1:40:P2:21
N-31,2026-01-27,79.03,15.19,P3:38:P1:40:P2:21
N-31,2026-01-28,65.87,15.95,P3:38:P1:40:P2:21
N-31,2026-01-29,75.44,15.5,P3:38:P1:40:P2:21
N-31,2026-01-30,68.42,15.95,P3:38:P1:40:P2:21
N-31,2026-01-31,80.19,15.31,P3:38:P1:40:P2:21
N-31,2026-02-01,79.04,15.81,P3:38:P1:40:P2:21
N-31,2026-02-02,73.39,15.65,P3:38:P1:40:P2:21
N-31,2026-02-03,72.87,15.38,P3:38:P1:40:P2:21
N-31,2026-02-04,74.17,15.42,P3:38:P1:40:P2:21
N-31,2026-02-05,72.04,15.2,P3:38:P1:40:P2:21
N-31,2026-02-06,73.3,15.64,P3:38:P1:40:P2:21
N-31,2026-02-07,70.86,15.7,P3:38:P1:40:P2:21
N-31,2026-02-08,74.08,15.73,P3:38:P1:40:P2:21
N-31,2026-02-09,69.97,15.84,P3:38:P1:40:P2:21
N-31,2026-02-10,72.67,15.46,P3:38:P1:40:P2:21
N-31,2026-02-11,71.85,15.31,P3:38:P1:40:P2:21
N-31,2026-02-12,72.15,15.59,P3:38:P1:40:P2:21
N-31,2026-02-13,78.85,15.46,P3:38:P1:40:P2:21
N-31,2026-02-14,79.48,15.63,P3:38:P1:40:P2:21
N-31,2026-02-15,77.72,15.38,P3:38:P1:40:P2:21
N-31,2026-02-16,75.79,15.66,P3:38:P1:40:P2:21
N-31,2026-02-17,74.55,15.46,P3:38:P1:40:P2:21
N-31,2026-02-18,74.15,15.48,P3:38:P1:40:P2:21
N-31,2026-02-19,74.01,15.43,P3:38:P1:40:P2:21
N-31,2026-02-20,71.78,15.97,P3:38:P1:40:P2:21
N-31,2026-02-21,72.96,15.91,P3:38:P1:40:P2:21
N-31,2026-02-22,70.5,15.67,P3:38:P1:40:P2:21
N-31,2026-02-23,75.54,15.96,P3:38:P1:40:P2:21
N-31,2026-02-24,71.02,15.46,P3:38:P1:40:P2:21
N-31,2026-02-25,68.69,15.62,P3:38:P1:40:P2:21
N-31,2026-02-26,73.07,15.53,P3:38:P1:40:P2:21
N-31,2026-02-27,70.89,15.59,P3:38:P1:40:P2:21
N-31,2026-02-28,71.08,15.25,P3:38:P1:40:P2:21
N-31,2026-03-01,70.12,15.44,P3:38:P1:40:P2:21
N-31,2026-03-02,77.16,15.32,P3:38:P1:40:P2:21
N-31,2026-03-03,72.03,15.34,P3:38:P1:40:P2:21
N-31,2026-03-04,73.82,15.47,P3:38:P1:40:P2:21
N-31,2026-03-05,74.36,15.19,P3:38:P1:40:P2:21
N-31,2026-03-06,72.07,15.49,P3:38:P1:40:P2:21
N-31,2026-03-07,72.26,15.22,P3:38:P1:40:P2:21
N-31,2026-03-08,72.35,14.9,P3:38:P1:40:P2:21
N-31,2026-03-09,72.82,15.58,P3:38:P1:40:P2:21
N-31,2026-03-10,76.15,15.36,P3:38:P1:40:P2:21
N-31,2026-03-11,73.58,15.37,P3:38:P1:40:P2:21
N-31,2026-03-12,72.59,15.32,P3:38:P1:40:P2:21
N-31,2026-03-13,69.2,15.0,P3:38:P1:40:P2:21
N-31,2026-03-14,74.4,15.36,P3:38:P1:40:P2:21
N-31,2026-03-15,76.23,15.31,P3:38:P1:40:P2:21
N-31,2026-03-16,73.76,15.16,P3:38:P1:40:P2:21
N-31,2026-03-17,71.89,15.18,P3:38:P1:40:P2:21
N-31,2026-03-18,78.78,15.62,P3:38:P1:40:P2:21
N-31,2026-03-19,71.49,15.71,P3:38:P1:40:P2:21
N-31,2026-03-20,78.23,15.51,P3:38:P1:40:P2:21
N-31,2026-03-21,74.66,15.67,P3:38:P1:40:P2:21
N-31,2026-03-22,76.37,15.68,P3:38:P1:40:P2:21
N-31,2026-03-23,72.64,15.27,P3:38:P1:40:P2:21
N-31,2026-03-24,67.98,15.31,P3:38:P1:40:P2:21
N-31,2026-03-25,69.97,15.51,P3:38:P1:40:P2:21
N-31,2026-03-26,75.48,15.69,P3:38:P1:40:P2:21
N-31,2026-03-27,64.6,15.53,P3:38:P1:40:P2:21
N-31,2026-03-28,75.44,15.64,P3:38:P1:40:P2:21
N-31,2026-03-29,68.58,15.35,P3:38:P1:40:P2:21
N-31,2026-03-30,75.8,15.75,P3:38:P1:40:P2:21
N-31,2026-03-31,0.0,0.0,P3:38:P1:40:P2:21
N-31,2026-04-01,74.19,15.53,P3:38:P1:40:P2:21
N-31,2026-04-02,74.31,15.5,P3:38:P1:40:P2:21
N-31,2026-04-03,73.96,15.56,P3:38:P1:40:P2:21
N-31,2026-04-04,68.05,15.23,P3:38:P1:40:P2:21
N-31,2026-04-05,74.76,15.04,P3:38:P1:40:P2:21
N-31,2026-04-06,71.12,15.58,P3:38:P1:40:P2:21
N-31,2026-04-07,73.1,15.55,P3:38:P1:40:P2:21
N-31,2026-04-08,71.46,15.95,P3:38:P1:40:P2:21
N-31,2026-04-09,73.83,15.89,P3:38:P1:40:P2:21
N-31,2026-04-10,79.04,15.82,P3:38:P1:40:P2:21
N-31,2026-04-11,73.18,15.0,P3:38:P1:40:P2:21
N-31,2026-04-12,71.13,15.7,P3:38:P1:40:P2:21
N-31,2026-04-13,0.0,0.0,P3:38:P1:40:P2:21
N-31,2026-04-14,71.0,15.69,P3:38:P1:40:P2:21
N-31,2026-04-15,75.21,15.81,P3:38:P1:40:P2:21
N-31,2026-04-16,75.83,16.02,P3:38:P1:40:P2:21
N-31,2026-04-17,73.19,15.44,P3:38:P1:40:P2:21
N-31,2026-04-18,75.72,15.14,P3:38:P1:40:P2:21
N-31,2026-04-19,77.58,15.2,P3:38:P1:40:P2:21
N-31,2026-04-20,66.66,15.85,P3:38:P1:40:P2:21
N-31,2026-04-21,73.89,16.38,P3:38:P1:40:P2:21
N-31,2026-04-22,73.78,15.14,P3:38:P1:40:P2:21
N-31,2026-04-23,73.58,15.67,P3:38:P1:40:P2:21
N-31,2026-04-24,73.01,15.31,P3:38:P1:40:P2:21
N-31,2026-04-25,76.27,15.85,P3:38:P1:40:P2:21
N-31,2026-04-26,85.93,15.6,P3:38:P1:40:P2:21
N-31,2026-04-27,76.98,15.26,P3:38:P1:40:P2:21
N-31,2026-04-28,75.51,15.42,P3:38:P1:40:P2:21
N-31,2026-04-29,76.42,15.09,P3:38:P1:40:P2:21
N-31,2026-04-30,73.03,15.2,P3:38:P1:40:P2:21
N-31,2026-05-01,77.84,15.03,P3:38:P1:40:P2:21
N-31,2026-05-02,87.03,15.29,P3:38:P1:40:P2:21
N-31,2026-05-03,71.43,16.61,P3:38:P1:40:P2:21
N-31,2026-05-04,76.64,15.61,P3:38:P1:40:P2:21
N-31,2026-05-05,77.21,14.97,P3:38:P1:40:P2:21
N-31,2026-05-06,69.56,15.27,P3:38:P1:40:P2:21
N-31,2026-05-07,71.05,16.01,P3:38:P1:40:P2:21
N-31,2026-05-08,75.27,15.56,P3:38:P1:40:P2:21
N-31,2026-05-09,73.34,15.63,P3:38:P1:40:P2:21
N-31,2026-05-10,70.63,15.57,P3:38:P1:40:P2:21
N-31,2026-05-11,76.67,15.25,P3:38:P1:40:P2:21
N-31,2026-05-12,74.19,15.66,P3:38:P1:40:P2:21
N-31,2026-05-13,74.49,15.62,P3:38:P1:40:P2:21
N-31,2026-05-14,73.06,15.38,P3:38:P1:40:P2:21
N-31,2026-05-15,70.07,15.78,P3:38:P1:40:P2:21
N-31,2026-05-16,79.93,15.46,P3:38:P1:40:P2:21
N-31,2026-05-17,75.1,15.51,P3:38:P1:40:P2:21
N-31,2026-05-18,77.71,15.89,P3:38:P1:40:P2:21
N-31,2026-05-19,70.2,15.96,P3:38:P1:40:P2:21
N-31,2026-05-20,73.84,15.71,P3:38:P1:40:P2:21
N-31,2026-05-21,72.37,15.53,P3:38:P1:40:P2:21
N-31,2026-05-22,73.33,15.25,P3:38:P1:40:P2:21
N-31,2026-05-23,74.9,15.49,P3:38:P1:40:P2:21
N-31,2026-05-24,71.91,15.39,P3:38:P1:40:P2:21
N-31,2026-05-25,73.54,15.76,P3:38:P1:40:P2:21
N-31,2026-05-26,73.69,15.55,P3:38:P1:40:P2:21
N-31,2026-05-27,72.73,15.02,P3:38:P1:40:P2:21
N-31,2026-05-28,76.46,15.2,P3:38:P1:40:P2:21
N-31,2026-05-29,73.3,15.76,P3:38:P1:40:P2:21
N-31,2026-05-30,73.14,15.45,P3:38:P1:40:P2:21
N-31,2026-05-31,75.97,15.86,P3:38:P1:40:P2:21
N-31,2026-06-01,79.82,15.9,P3:38:P1:40:P2:21
N-31,2026-06-02,73.87,15.37,P3:38:P1:40:P2:21
N-31,2026-06-03,73.23,15.3,P3:38:P1:40:P2:21
N-31,2026-06-04,72.69,15.68,P3:38:P1:40:P2:21
N-31,2026-06-05,66.52,15.32,P3:38:P1:40:P2:21
N-31,2026-06-06,75.14,15.15,P3:38:P1:40:P2:21
N-31,2026-06-07,73.4,15.51,P3:38:P1:40:P2:21
N-31,2026-06-08,72.93,15.51,P3:38:P1:40:P2:21
N-31,2026-06-09,76.11,15.66,P3:38:P1:40:P2:21
N-31,2026-06-10,73.25,15.81,P3:38:P1:40:P2:21
N-31,2026-06-11,74.5,15.54,P3:38:P1:40:P2:21
N-31,2026-06-12,76.04,15.68,P3:38:P1:40:P2:21
N-31,2026-06-13,72.32,15.59,P3:38:P1:40:P2:21
N-31,2026-06-14,80.48,15.42,P3:38:P1:40:P2:21
N-31,2026-06-15,72.64,15.29,P3:38:P1:40:P2:21
N-31,2026-06-16,75.06,15.54,P3:38:P1:40:P2:21
N-31,2026-06-17,73.29,15.43,P3:38:P1:40:P2:21
N-31,2026-06-18,74.14,15.64,P3:38:P1:40:P2:21
N-31,2026-06-19,69.4,15.59,P3:38:P1:40:P2:21
N-31,2026-06-20,74.43,15.82,P3:38:P1:40:P2:21
N-31,2026-06-21,69.79,15.52,P3:38:P1:40:P2:21
N-31,2026-06-22,72.51,15.81,P3:38:P1:40:P2:21
N-31,2026-06-23,79.77,15.51,P3:38:P1:40:P2:21
N-31,2026-06-24,77.01,15.68,P3:38:P1:40:P2:21
N-31,2026-06-25,83.96,15.47,P3:38:P1:40:P2:21
N-31,2026-06-26,73.65,15.08,P3:38:P1:40:P2:21
N-31,2026-06-27,76.45,15.41,P3:38:P1:40:P2:21
N-31,2026-06-28,70.18,15.13,P3:38:P1:40:P2:21
N-31,2026-06-29,77.97,15.46,P3:38:P1:40:P2:21
N-31,2026-06-30,70.23,15.62,P3:38:P1:40:P2:21
N-31,2026-07-01,78.49,15.27,P3:38:P1:40:P2:21
N-31,2026-07-02,77.92,15.35,P3:38:P1:40:P2:21
N-31,2026-07-03,82.19,15.15,P3:38:P1:40:P2:21
N-31,2026-07-04,77.86,15.61,P3:38:P1:40:P2:21
N-31,2026-07-05,77.72,14.82,P3:38:P1:40:P2:21
N-31,2026-07-06,77.64,15.95,P3:38:P1:40:P2:21
N-31,2026-07-07,73.83,15.16,P3:38:P1:40:P2:21
N-31,2026-07-08,78.77,15.72,P3:38:P1:40:P2:21
N-31,2026-07-09,76.86,15.81,P3:38:P1:40:P2:21
N-31,2026-07-10,79.2,15.91,P3:38:P1:40:P2:21
N-31,2026-07-11,76.36,15.64,P3:38:P1:40:P2:21
N-31,2026-07-12,79.5,15.92,P3:38:P1:40:P2:21
N-31,2026-07-13,0.0,0.0,P3:38:P1:40:P2:21
N-31,2026-07-14,0.0,0.0,P3:38:P1:40:P2:21
N-31,2026-07-15,74.05,16.07,P3:38:P1:40:P2:21
N-31,2026-07-16,72.57,15.15,P3:38:P1:40:P2:21
N-31,2026-07-17,77.42,15.71,P3:38:P1:40:P2:21
N-31,2026-07-18,72.01,15.53,P3:38:P1:40:P2:21
N-31,2026-07-19,71.47,15.12,P3:38:P1:40:P2:21
N-31,2026-07-20,73.32,15.03,P3:38:P1:40:P2:21
N-31,2026-07-21,69.98,15.57,P3:38:P1:40:P2:21
N-31,2026-07-22,78.56,15.26,P3:38:P1:40:P2:21
N-31,2026-07-23,76.98,15.42,P3:38:P1:40:P2:21
N-31,2026-07-24,73.13,15.17,P3:38:P1:40:P2:21
N-31,2026-07-25,74.93,15.0,P3:38:P1:40:P2:21
N-31,2026-07-26,70.15,15.24,P3:38:P1:40:P2:21
N-31,2026-07-27,71.39,15.59,P3:38:P1:40:P2:21
N-31,2026-07-28,75.06,15.47,P3:38:P1:40:P2:21
N-31,2026-07-29,83.25,15.85,P3:38:P1:40:P2:21
N-31,2026-07-30,74.73,15.91,P3:38:P1:40:P2:21
N-31,2026-07-31,74.66,15.5,P3:38:P1:40:P2:21
N-31,2026-08-01,69.73,15.51,P3:38:P1:40:P2:21
N-31,2026-08-02,71.02,15.6,P3:38:P1:40:P2:21
N-31,2026-08-03,68.2,15.47,P3:38:P1:40:P2:21
N-31,2026-08-04,74.61,15.5,P3:38:P1:40:P2:21
N-31,2026-08-05,74.93,16.15,P3:38:P1:40:P2:21
N-31,2026-08-06,75.57,15.69,P3:38:P1:40:P2:21
N-31,2026-08-07,67.03,15.53,P3:38:P1:40:P2:21
N-31,2026-08-08,0.0,0.0,P3:38:P1:40:P2:21
N-31,2026-08-09,77.82,15.68,P3:38:P1:40:P2:21
N-31,2026-08-10,72.61,16.04,P3:38:P1:40:P2:21
N-31,2026-08-11,75.96,15.74,P3:38:P1:40:P2:21
N-31,2026-08-12,74.71,15.83,P3:38:P1:40:P2:21
N-31,2026-08-13,73.6,16.28,P3:38:P1:40:P2:21
N-31,2026-08-14,74.68,15.51,P3:38:P1:40:P2:21
N-31,2026-08-15,71.39,15.32,P3:38:P1:40:P2:21
N-31,2026-08-16,70.43,15.99,P3:38:P1:40:P2:21
N-31,2026-08-17,73.75,15.13,P3:38:P1:40:P2:21
N-31,2026-08-18,79.63,15.36,P3:38:P1:40:P2:21
N-31,2026-08-19,73.84,15.35,P3:38:P1:40:P2:21
N-31,2026-08-20,74.35,15.86,P3:38:P1:40:P2:21
N-31,2026-08-21,78.87,15.41,P3:38:P1:40:P2:21
N-31,2026-08-22,76.49,15.57,P3:38:P1:40:P2:21
N-31,2026-08-23,70.37,15.6,P3:38:P1:40:P2:21
N-31,2026-08-24,77.01,15.66,P3:38:P1:40:P2:21
N-31,2026-08-25,73.85,15.57,P3:38:P1:40:P2:21
N-31,2026-08-26,73.99,15.24,P3:38:P1:40:P2:21
N-31,2026-08-27,71.93,15.45,P3:38:P1:40:P2:21
N-31,2026-08-28,71.36,15.47,P3:38:P1:40:P2:21
N-31,2026-08-29,72.54,15.51,P3:38:P1:40:P2:21
N-31,2026-08-30,74.3,15.36,P3:38:P1:40:P2:21
N-31,2026-08-31,74.64,15.21,P3:38:P1:40:P2:21
Z-40,2025-09-01,94.06,12.0,P1:31:P3:38:P2:31
Z-40,2025-09-02,100.92,11.38,P1:31:P3:38:P2:31
Z-40,2025-09-03,97.83,11.46,P1:31:P3:38:P2:31
Z-40,2025-09-04,106.44,11.62,P1:31:P3:38:P2:31
Z-40,2025-09-05,97.47,11.26,P1:31:P3:38:P2:31
Z-40,2025-09-06,102.69,10.88,P1:31:P3:38:P2:31
Z-40,2025-09-07,99.12,11.2,P1:31:P3:38:P2:31
Z-40,2025-09-08,107.26,11.4,P1:31:P3:38:P2:31
Z-40,2025-09-09,101.52,11.64,P1:31:P3:38:P2:31
Z-40,2025-09-10,99.84,11.64,P1:31:P3:38:P2:31
Z-40,2025-09-11,100.06,11.36,P1:31:P3:38:P2:31
Z-40,2025-09-12,102.98,11.4,P1:31:P3:38:P2:31
Z-40,2025-09-13,106.81,11.77,P1:31:P3:38:P2:31
Z-40,2025-09-14,98.87,11.62,P1:31:P3:38:P2:31
Z-40,2025-09-15,101.23,11.17,P1:31:P3:38:P2:31
Z-40,2025-09-16,101.74,11.63,P1:31:P3:38:P2:31
Z-40,2025-09-17,111.25,11.66,P1:31:P3:38:P2:31
Z-40,2025-09-18,108.52,11.2,P1:31:P3:38:P2:31
Z-40,2025-09-19,107.37,11.25,P1:31:P3:38:P2:31
Z-40,2025-09-20,106.82,11.54,P1:31:P3:38:P2:31
Z-40,2025-09-21,106.94,11.26,P1:31:P3:38:P2:31
Z-40,2025-09-22,104.98,11.83,P1:31:P3:38:P2:31
Z-40,2025-09-23,103.81,11.23,P1:31:P3:38:P2:31
Z-40,2025-09-24,101.42,11.56,P1:31:P3:38:P2:31
Z-40,2025-09-25,95.68,11.36,P1:31:P3:38:P2:31
Z-40,2025-09-26,107.16,11.04,P1:31:P3:38:P2:31
Z-40,2025-09-27,101.18,11.92,P1:31:P3:38:P2:31
Z-40,2025-09-28,106.01,10.96,P1:31:P3:38:P2:31
Z-40,2025-09-29,105.56,11.81,P1:31:P3:38:P2:31
Z-40,2025-09-30,95.7,11.71,P1:31:P3:38:P2:31
Z-40,2025-10-01,97.8,11.73,P1:31:P3:38:P2:31
Z-40,2025-10-02,101.04,11.5,P1:31:P3:38:P2:31
Z-40,2025-10-03,100.91,11.29,P1:31:P3:38:P2:31
Z-40,2025-10-04,97.12,11.09,P1:31:P3:38:P2:31
Z-40,2025-10-05,101.57,11.01,P1:31:P3:38:P2:31
Z-40,2025-10-06,110.44,11.32,P1:31:P3:38:P2:31
Z-40,2025-10-07,104.42,11.76,P1:31:P3:38:P2:31
Z-40,2025-10-08,104.51,11.63,P1:31:P3:38:P2:31
Z-40,2025-10-09,99.28,11.54,P1:31:P3:38:P2:31
Z-40,2025-10-10,104.96,11.44,P1:31:P3:38:P2:31
Z-40,2025-10-11,101.59,11.69,P1:31:P3:38:P2:31
Z-40,2025-10-12,108.6,11.21,P1:31:P3:38:P2:31
Z-40,2025-10-13,94.91,11.42,P1:31:P3:38:P2:31
Z-40,2025-10-14,95.39,11.9,P1:31:P3:38:P2:31
Z-40,2025-10-15,96.22,11.32,P1:31:P3:38:P2:31
Z-40,2025-10-16,99.03,10.71,P1:31:P3:38:P2:31
Z-40,2025-10-17,103.79,11.09,P1:31:P3:38:P2:31
Z-40,2025-10-18,100.54,11.37,P1:31:P3:38:P2:31
Z-40,2025-10-19,101.08,11.56,P1:31:P3:38:P2:31
Z-40,2025-10-20,105.29,11.65,P1:31:P3:38:P2:31
Z-40,2025-10-21,97.31,11.94,P1:31:P3:38:P2:31
Z-40,2025-10-22,96.81,11.21,P1:31:P3:38:P2:31
Z-40,2025-10-23,97.25,11.78,P1:31:P3:38:P2:31
Z-40,2025-10-24,95.68,11.39,P1:31:P3:38:P2:31
Z-40,2025-10-25,102.19,10.97,P1:31:P3:38:P2:31
Z-40,2025-10-26,98.86,11.58,P1:31:P3:38:P2:31
Z-40,2025-10-27,100.53,11.17,P1:31:P3:38:P2:31
Z-40,2025-10-28,110.54,11.44,P1:31:P3:38:P2:31
Z-40,2025-10-29,106.36,10.86,P1:31:P3:38:P2:31
Z-40,2025-10-30,105.96,11.17,P1:31:P3:38:P2:31
Z-40,2025-10-31,103.53,11.76,P1:31:P3:38:P2:31
Z-40,2025-11-01,106.34,11.4,P1:31:P3:38:P2:31
Z-40,2025-11-02,109.86,11.51,P1:31:P3:38:P2:31
Z-40,2025-11-03,106.33,12.14,P1:31:P3:38:P2:31
Z-40,2025-11-04,101.62,11.46,P1:31:P3:38:P2:31
Z-40,2025-11-05,100.31,11.67,P1:31:P3:38:P2:31
Z-40,2025-11-06,104.74,11.41,P1:31:P3:38:P2:31
Z-40,2025-11-07,109.3,11.66,P1:31:P3:38:P2:31
Z-40,2025-11-08,109.15,11.16,P1:31:P3:38:P2:31
Z-40,2025-11-09,101.15,11.15,P1:31:P3:38:P2:31
Z-40,2025-11-10,103.61,11.46,P1:31:P3:38:P2:31
Z-40,2025-11-11,104.36,11.87,P1:31:P3:38:P2:31
Z-40,2025-11-12,107.07,11.8,P1:31:P3:38:P2:31
Z-40,2025-11-13,107.84,11.61,P1:31:P3:38:P2:31
Z-40,2025-11-14,102.02,11.63,P1:31:P3:38:P2:31
Z-40,2025-11-15,96.85,11.36,P1:31:P3:38:P2:31
Z-40,2025-11-16,99.66,11.7,P1:31:P3:38:P2:31
Z-40,2025-11-17,101.02,10.42,P1:31:P3:38:P2:31
Z-40,2025-11-18,100.33,11.51,P1:31:P3:38:P2:31
Z-40,2025-11-19,104.22,11.19,P1:31:P3:38:P2:31
Z-40,2025-11-20,107.41,11.56,P1:31:P3:38:P2:31
Z-40,2025-11-21,100.45,11.54,P1:31:P3:38:P2:31
Z-40,2025-11-22,97.71,10.93,P1:31:P3:38:P2:31
Z-40,2025-11-23,113.14,11.74,P1:31:P3:38:P2:31
Z-40,2025-11-24,100.92,11.18,P1:31:P3:38:P2:31
Z-40,2025-11-25,95.99,11.39,P1:31:P3:38:P2:31
Z-40,2025-11-26,102.81,11.19,P1:31:P3:38:P2:31
Z-40,2025-11-27,97.04,11.27,P1:31:P3:38:P2:31
Z-40,2025-11-28,102.52,11.17,P1:31:P3:38:P2:31
Z-40,2025-11-29,100.76,11.38,P1:31:P3:38:P2:31
Z-40,2025-11-30,94.92,11.29,P1:31:P3:38:P2:31
Z-40,2025-12-01,102.69,11.14,P1:31:P3:38:P2:31
Z-40,2025-12-02,103.66,11.3,P1:31:P3:38:P2:31
Z-40,2025-12-03,99.96,11.61,P1:31:P3:38:P2:31
Z-40,2025-12-04,96.78,11.26,P1:31:P3:38:P2:31
Z-40,2025-12-05,100.25,11.31,P1:31:P3:38:P2:31
Z-40,2025-12-06,102.71,10.81,P1:31:P3:38:P2:31
Z-40,2025-12-07,99.51,10.71,P1:31:P3:38:P2:31
Z-40,2025-12-08,101.11,11.06,P1:31:P3:38:P2:31
Z-40,2025-12-09,106.8,11.31,P1:31:P3:38:P2:31
Z-40,2025-12-10,101.84,11.77,P1:31:P3:38:P2:31
Z-40,2025-12-11,113.6,11.51,P1:31:P3:38:P2:31
Z-40,2025-12-12,96.49,11.35,P1:31:P3:38:P2:31
Z-40,2025-12-13,101.02,12.02,P1:31:P3:38:P2:31
Z-40,2025-12-14,100.34,11.26,P1:31:P3:38:P2:31
Z-40,2025-12-15,107.2,11.43,P1:31:P3:38:P2:31
Z-40,2025-12-16,103.96,11.91,P1:31:P3:38:P2:31
Z-40,2025-12-17,105.9,11.14,P1:31:P3:38:P2:31
Z-40,2025-12-18,103.48,11.86,P1:31:P3:38:P2:31
Z-40,2025-12-19,103.12,11.13,P1:31:P3:38:P2:31
Z-40,2025-12-20,100.08,12.21,P1:31:P3:38:P2:31
Z-40,2025-12-21,105.52,11.47,P1:31:P3:38:P2:31
Z-40,2025-12-22,99.02,11.2,P1:31:P3:38:P2:31
Z-40,2025-12-23,102.04,11.51,P1:31:P3:38:P2:31
Z-40,2025-12-24,101.88,11.34,P1:31:P3:38:P2:31
Z-40,2025-12-25,102.86,12.11,P1:31:P3:38:P2:31
Z-40,2025-12-26,102.67,11.59,P1:31:P3:38:P2:31
Z-40,2025-12-27,104.71,10.93,P1:31:P3:38:P2:31
Z-40,2025-12-28,105.91,12.23,P1:31:P3:38:P2:31
Z-40,2025-12-29,104.45,11.86,P1:31:P3:38:P2:31
Z-40,2025-12-30,107.66,11.76,P1:31:P3:38:P2:31
Z-40,2025-12-31,100.56,10.95,P1:31:P3:38:P2:31
Z-40,2026-01-01,97.68,11.32,P1:31:P3:38:P2:31
Z-40,2026-01-02,101.57,11.65,P1:31:P3:38:P2:31
Z-40,2026-01-03,101.05,11.63,P1:31:P3:38:P2:31
Z-40,2026-01-04,103.05,11.78,P1:31:P3:38:P2:31
Z-40,2026-01-05,103.52,11.89,P1:31:P3:38:P2:31
Z-40,2026-01-06,101.17,11.56,P1:31:P3:38:P2:31
Z-40,2026-01-07,100.92,11.45,P1:31:P3:38:P2:31
Z-40,2026-01-08,107.84,11.51,P1:31:P3:38:P2:31
Z-40,2026-01-09,105.35,11.65,P1:31:P3:38:P2:31
Z-40,2026-01-10,107.31,11.21,P1:31:P3:38:P2:31
Z-40,2026-01-11,109.95,11.55,P1:31:P3:38:P2:31
Z-40,2026-01-12,107.5,11.63,P1:31:P3:38:P2:31
Z-40,2026-01-13,103.08,11.4,P1:31:P3:38:P2:31
Z-40,2026-01-14,95.45,12.09,P1:31:P3:38:P2:31
Z-40,2026-01-15,100.52,10.8,P1:31:P3:38:P2:31
Z-40,2026-01-16,98.75,11.23,P1:31:P3:38:P2:31
Z-40,2026-01-17,96.79,11.09,P1:31:P3:38:P2:31
Z-40,2026-01-18,100.28,11.57,P1:31:P3:38:P2:31
Z-40,2026-01-19,100.83,11.33,P1:31:P3:38:P2:31
Z-40,2026-01-20,103.93,11.13,P1:31:P3:38:P2:31
Z-40,2026-01-21,103.6,11.4,P1:31:P3:38:P2:31
Z-40,2026-01-22,101.86,10.89,P1:31:P3:38:P2:31
Z-40,2026-01-23,102.71,11.58,P1:31:P3:38:P2:31
Z-40,2026-01-24,105.69,11.57,P1:31:P3:38:P2:31
Z-40,2026-01-25,107.26,11.08,P1:31:P3:38:P2:31
Z-40,2026-01-26,98.92,11.5,P1:31:P3:38:P2:31
Z-40,2026-01-27,102.06,11.24,P1:31:P3:38:P2:31
Z-40,2026-01-28,0.0,0.0,P1:31:P3:38:P2:31
Z-40,2026-01-29,104.38,11.28,P1:31:P3:38:P2:31
Z-40,2026-01-30,95.44,11.44,P1:31:P3:38:P2:31
Z-40,2026-01-31,104.97,11.93,P1:31:P3:38:P2:31
Z-40,2026-02-01,105.99,11.45,P1:31:P3:38:P2:31
Z-40,2026-02-02,98.47,11.21,P1:31:P3:38:P2:31
Z-40,2026-02-03,102.2,11.65,P1:31:P3:38:P2:31
Z-40,2026-02-04,111.67,11.06,P1:31:P3:38:P2:31
Z-40,2026-02-05,102.46,11.8,P1:31:P3:38:P2:31
Z-40,2026-02-06,105.34,11.92,P1:31:P3:38:P2:31
Z-40,2026-02-07,101.42,11.1,P1:31:P3:38:P2:31
Z-40,2026-02-08,98.21,11.89,P1:31:P3:38:P2:31
Z-40,2026-02-09,109.6,11.56,P1:31:P3:38:P2:31
Z-40,2026-02-10,109.8,11.25,P1:31:P3:38:P2:31
Z-40,2026-02-11,103.89,11.73,P1:31:P3:38:P2:31
Z-40,2026-02-12,101.01,11.12,P1:31:P3:38:P2:31
Z-40,2026-02-13,104.83,11.31,P1:31:P3:38:P2:31
Z-40,2026-02-14,104.42,11.18,P1:31:P3:38:P2:31
Z-40,2026-02-15,95.72,11.05,P1:31:P3:38:P2:31
Z-40,2026-02-16,102.64,11.43,P1:31:P3:38:P2:31
Z-40,2026-02-17,109.43,11.34,P1:31:P3:38:P2:31
Z-40,2026-02-18,100.42,11.2,P1:31:P3:38:P2:31
Z-40,2026-02-19,104.49,11.7,P1:31:P3:38:P2:31
Z-40,2026-02-20,107.48,11.13,P1:31:P3:38:P2:31
Z-40,2026-02-21,101.2,11.28,P1:31:P3:38:P2:31
Z-40,2026-02-22,103.28,11.62,P1:31:P3:38:P2:31
Z-40,2026-02-23,98.47,11.26,P1:31:P3:38:P2:31
Z-40,2026-02-24,105.94,11.44,P1:31:P3:38:P2:31
Z-40,2026-02-25,107.17,11.35,P1:31:P3:38:P2:31
Z-40,2026-02-26,101.92,11.03,P1:31:P3:38:P2:31
Z-40,2026-02-27,106.11,11.84,P1:31:P3:38:P2:31
Z-40,2026-02-28,102.35,11.15,P1:31:P3:38:P2:31
Z-40,2026-03-01,96.07,11.21,P1:31:P3:38:P2:31
Z-40,2026-03-02,100.64,11.47,P1:31:P3:38:P2:31
Z-40,2026-03-03,101.95,11.45,P1:31:P3:38:P2:31
Z-40,2026-03-04,102.89,11.42,P1:31:P3:38:P2:31
Z-40,2026-03-05,101.16,11.57,P1:31:P3:38:P2:31
Z-40,2026-03-06,101.76,11.52,P1:31:P3:38:P2:31
Z-40,2026-03-07,111.5,11.57,P1:31:P3:38:P2:31
Z-40,2026-03-08,101.2,11.93,P1:31:P3:38:P2:31
Z-40,2026-03-09,106.16,11.08,P1:31:P3:38:P2:31
Z-40,2026-03-10,99.52,11.63,P1:31:P3:38:P2:31
Z-40,2026-03-11,99.4,11.46,P1:31:P3:38:P2:31
Z-40,2026-03-12,98.61,11.23,P1:31:P3:38:P2:31
Z-40,2026-03-13,102.22,11.21,P1:31:P3:38:P2:31
Z-40,2026-03-14,99.48,11.05,P1:31:P3:38:P2:31
Z-40,2026-03-15,107.47,11.43,P1:31:P3:38:P2:31
Z-40,2026-03-16,110.89,10.85,P1:31:P3:38:P2:31
Z-40,2026-03-17,102.77,11.12,P1:31:P3:38:P2:31
Z-40,2026-03-18,96.3,11.26,P1:31:P3:38:P2:31
Z-40,2026-03-19,97.13,11.27,P1:31:P3:38:P2:31
Z-40,2026-03-20,102.06,11.4,P1:31:P3:38:P2:31
Z-40,2026-03-21,107.23,11.71,P1:31:P3:38:P2:31
Z-40,2026-03-22,101.55,11.18,P1:31:P3:38:P2:31
Z-40,2026-03-23,104.94,11.23,P1:31:P3:38:P2:31
Z-40,2026-03-24,108.95,11.31,P1:31:P3:38:P2:31
Z-40,2026-03-25,106.5,11.69,P1:31:P3:38:P2:31
Z-40,2026-03-26,108.68,11.26,P1:31:P3:38:P2:31
Z-40,2026-03-27,104.85,11.41,P1:31:P3:38:P2:31
Z-40,2026-03-28,102.61,11.31,P1:31:P3:38:P2:31
Z-40,2026-03-29,102.95,11.97,P1:31:P3:38:P2:31
Z-40,2026-03-30,101.03,11.35,P1:31:P3:38:P2:31
Z-40,2026-03-31,105.46,11.44,P1:31:P3:38:P2:31
Z-40,2026-04-01,105.56,11.18,P1:31:P3:38:P2:31
Z-40,2026-04-02,101.49,10.83,P1:31:P3:38:P2:31
Z-40,2026-04-03,108.25,11.32,P1:31:P3:38:P2:31
Z-40,2026-04-04,110.96,11.18,P1:31:P3:38:P2:31
Z-40,2026-04-05,105.57,11.43,P1:31:P3:38:P2:31
Z-40,2026-04-06,104.47,11.46,P1:31:P3:38:P2:31
Z-40,2026-04-07,105.2,11.82,P1:31:P3:38:P2:31
Z-40,2026-04-08,101.45,11.83,P1:31:P3:38:P2:31
Z-40,2026-04-09,95.91,11.45,P1:31:P3:38:P2:31
Z-40,2026-04-10,108.87,10.87,P1:31:P3:38:P2:31
Z-40,2026-04-11,111.03,10.98,P1:31:P3:38:P2:31
Z-40,2026-04-12,109.31,10.87,P1:31:P3:38:P2:31
Z-40,2026-04-13,105.93,11.84,P1:31:P3:38:P2:31
Z-40,2026-04-14,99.72,11.06,P1:31:P3:38:P2:31
Z-40,2026-04-15,100.76,11.74,P1:31:P3:38:P2:31
Z-40,2026-04-16,103.78,11.02,P1:31:P3:38:P2:31
Z-40,2026-04-17,102.13,11.94,P1:31:P3:38:P2:31
Z-40,2026-04-18,103.51,11.52,P1:31:P3:38:P2:31
Z-40,2026-04-19,104.23,11.66,P1:31:P3:38:P2:31
Z-40,2026-04-20,101.32,12.14,P1:31:P3:38:P2:31
Z-40,2026-04-21,103.43,11.79,P1:31:P3:38:P2:31
Z-40,2026-04-22,97.12,11.07,P1:31:P3:38:P2:31
Z-40,2026-04-23,96.91,11.55,P1:31:P3:38:P2:31
Z-40,2026-04-24,97.54,10.82,P1:31:P3:38:P2:31
Z-40,2026-04-25,102.95,11.99,P1:31:P3:38:P2:31
Z-40,2026-04-26,104.6,11.19,P1:31:P3:38:P2:31
Z-40,2026-04-27,106.46,10.77,P1:31:P3:38:P2:31
Z-40,2026-04-28,105.78,11.78,P1:31:P3:38:P2:31
Z-40,2026-04-29,100.48,11.51,P1:31:P3:38:P2:31
Z-40,2026-04-30,99.25,11.2,P1:31:P3:38:P2:31
Z-40,2026-05-01,97.65,11.87,P1:31:P3:38:P2:31
Z-40,2026-05-02,102.81,11.27,P1:31:P3:38:P2:31
Z-40,2026-05-03,94.73,11.46,P1:31:P3:38:P2:31
Z-40,2026-05-04,101.73,11.34,P1:31:P3:38:P2:31
Z-40,2026-05-05,106.2,11.33,P1:31:P3:38:P2:31
Z-40,2026-05-06,106.91,11.94,P1:31:P3:38:P2:31
Z-40,2026-05-07,101.77,10.98,P1:31:P3:38:P2:31
Z-40,2026-05-08,98.29,11.16,P1:31:P3:38:P2:31
Z-40,2026-05-09,104.02,11.28,P1:31:P3:38:P2:31
Z-40,2026-05-10,96.2,11.55,P1:31:P3:38:P2:31
Z-40,2026-05-11,108.91,11.54,P1:31:P3:38:P2:31
Z-40,2026-05-12,106.23,11.48,P1:31:P3:38:P2:31
Z-40,2026-05-13,100.41,11.28,P1:31:P3:38:P2:31
Z-40,2026-05-14,102.93,11.12,P1:31:P3:38:P2:31
Z-40,2026-05-15,98.95,11.31,P1:31:P3:38:P2:31
Z-40,2026-05-16,103.71,10.9,P1:31:P3:38:P2:31
Z-40,2026-05-17,104.88,11.29,P1:31:P3:38:P2:31
Z-40,2026-05-18,104.94,11.44,P1:31:P3:38:P2:31
Z-40,2026-05-19,100.77,10.85,P1:31:P3:38:P2:31
Z-40,2026-05-20,108.18,11.59,P1:31:P3:38:P2:31
Z-40,2026-05-21,105.46,11.68,P1:31:P3:38:P2:31
Z-40,2026-05-22,99.35,11.14,P1:31:P3:38:P2:31
Z-40,2026-05-23,96.28,11.35,P1:31:P3:38:P2:31
Z-40,2026-05-24,107.09,11.65,P1:31:P3:38:P2:31
Z-40,2026-05-25,102.65,11.57,P1:31:P3:38:P2:31
Z-40,2026-05-26,110.39,11.97,P1:31:P3:38:P2:31
Z-40,2026-05-27,104.37,11.61,P1:31:P3:38:P2:31
Z-40,2026-05-28,95.76,11.86,P1:31:P3:38:P2:31
Z-40,2026-05-29,104.82,11.3,P1:31:P3:38:P2:31
Z-40,2026-05-30,106.66,11.58,P1:31:P3:38:P2:31
Z-40,2026-05-31,103.24,11.54,P1:31:P3:38:P2:31
Z-40,2026-06-01,103.21,11.28,P1:31:P3:38:P2:31
Z-40,2026-06-02,97.51,11.87,P1:31:P3:38:P2:31
Z-40,2026-06-03,101.18,11.07,P1:31:P3:38:P2:31
Z-40,2026-06-04,103.5,11.88,P1:31:P3:38:P2:31
Z-40,2026-06-05,101.53,11.54,P1:31:P3:38:P2:31
Z-40,2026-06-06,96.64,11.15,P1:31:P3:38:P2:31
Z-40,2026-06-07,102.44,11.63,P1:31:P3:38:P2:31
Z-40,2026-06-08,110.88,11.43,P1:31:P3:38:P2:31
Z-40,2026-06-09,102.51,11.41,P1:31:P3:38:P2:31
Z-40,2026-06-10,105.49,11.19,P1:31:P3:38:P2:31
Z-40,2026-06-11,105.28,11.55,P1:31:P3:38:P2:31
Z-40,2026-06-12,100.13,10.93,P1:31:P3:38:P2:31
Z-40,2026-06-13,99.36,11.18,P1:31:P3:38:P2:31
Z-40,2026-06-14,104.91,11.94,P1:31:P3:38:P2:31
Z-40,2026-06-15,98.85,11.78,P1:31:P3:38:P2:31
Z-40,2026-06-16,107.18,11.86,P1:31:P3:38:P2:31
Z-40,2026-06-17,103.51,11.4,P1:31:P3:38:P2:31
Z-40,2026-06-18,104.29,11.69,P1:31:P3:38:P2:31
Z-40,2026-06-19,102.13,11.68,P1:31:P3:38:P2:31
Z-40,2026-06-20,101.34,11.02,P1:31:P3:38:P2:31
Z-40,2026-06-21,101.2,11.55,P1:31:P3:38:P2:31
Z-40,2026-06-22,102.14,11.5,P1:31:P3:38:P2:31
Z-40,2026-06-23,96.55,11.61,P1:31:P3:38:P2:31
Z-40,2026-06-24,99.3,11.61,P1:31:P3:38:P2:31
Z-40,2026-06-25,103.5,11.36,P1:31:P3:38:P2:31
Z-40,2026-06-26,103.2,11.58,P1:31:P3:38:P2:31
Z-40,2026-06-27,108.16,11.21,P1:31:P3:38:P2:31
Z-40,2026-06-28,103.79,11.72,P1:31:P3:38:P2:31
Z-40,2026-06-29,102.93,11.83,P1:31:P3:38:P2:31
Z-40,2026-06-30,104.19,11.86,P1:31:P3:38:P2:31
Z-40,2026-07-01,102.55,11.32,P1:31:P3:38:P2:31
Z-40,2026-07-02,104.07,11.44,P1:31:P3:38:P2:31
Z-40,2026-07-03,105.42,11.49,P1:31:P3:38:P2:31
Z-40,2026-07-04,101.2,11.8,P1:31:P3:38:P2:31
Z-40,2026-07-05,101.83,11.55,P1:31:P3:38:P2:31
Z-40,2026-07-06,106.46,11.25,P1:31:P3:38:P2:31
Z-40,2026-07-07,101.57,11.48,P1:31:P3:38:P2:31
Z-40,2026-07-08,107.38,11.56,P1:31:P3:38:P2:31
Z-40,2026-07-09,104.07,11.3,P1:31:P3:38:P2:31
Z-40,2026-07-10,99.16,11.35,P1:31:P3:38:P2:31
Z-40,2026-07-11,102.08,11.91,P1:31:P3:38:P2:31
Z-40,2026-07-12,89.89,11.51,P1:31:P3:38:P2:31
Z-40,2026-07-13,100.95,11.15,P1:31:P3:38:P2:31
Z-40,2026-07-14,107.05,11.4,P1:31:P3:38:P2:31
Z-40,2026-07-15,99.45,11.52,P1:31:P3:38:P2:31
Z-40,2026-07-16,98.8,11.06,P1:31:P3:38:P2:31
Z-40,2026-07-17,100.46,11.36,P1:31:P3:38:P2:31
Z-40,2026-07-18,103.31,11.57,P1:31:P3:38:P2:31
Z-40,2026-07-19,104.54,11.08,P1:31:P3:38:P2:31
Z-40,2026-07-20,99.85,11.46,P1:31:P3:38:P2:31
Z-40,2026-07-21,100.98,11.11,P1:31:P3:38:P2:31
Z-40,2026-07-22,102.84,11.73,P1:31:P3:38:P2:31
Z-40,2026-07-23,103.4,11.3,P1:31:P3:38:P2:31
Z-40,2026-07-24,105.66,11.45,P1:31:P3:38:P2:31
Z-40,2026-07-25,101.42,11.86,P1:31:P3:38:P2:31
Z-40,2026-07-26,101.76,11.61,P1:31:P3:38:P2:31
Z-40,2026-07-27,96.41,11.15,P1:31:P3:38:P2:31
Z-40,2026-07-28,98.55,11.32,P1:31:P3:38:P2:31
Z-40,2026-07-29,112.59,12.11,P1:31:P3:38:P2:31
Z-40,2026-07-30,97.37,11.41,P1:31:P3:38:P2:31
Z-40,2026-07-31,101.18,11.5,P1:31:P3:38:P2:31
Z-40,2026-08-01,111.35,11.45,P1:31:P3:38:P2:31
Z-40,2026-08-02,112.37,11.33,P1:31:P3:38:P2:31
Z-40,2026-08-03,102.15,11.07,P1:31:P3:38:P2:31
Z-40,2026-08-04,102.01,11.29,P1:31:P3:38:P2:31
Z-40,2026-08-05,94.57,11.27,P1:31:P3:38:P2:31
Z-40,2026-08-06,98.42,11.67,P1:31:P3:38:P2:31
Z-40,2026-08-07,98.33,11.05,P1:31:P3:38:P2:31
Z-40,2026-08-08,103.72,11.15,P1:31:P3:38:P2:31
Z-40,2026-08-09,99.25,11.6,P1:31:P3:38:P2:31
Z-40,2026-08-10,99.07,11.78,P1:31:P3:38:P2:31
Z-40,2026-08-11,104.49,11.73,P1:31:P3:38:P2:31
Z-40,2026-08-12,100.24,11.47,P1:31:P3:38:P2:31
Z-40,2026-08-13,108.38,11.45,P1:31:P3:38:P2:31
Z-40,2026-08-14,107.83,11.42,P1:31:P3:38:P2:31
Z-40,2026-08-15,103.93,11.62,P1:31:P3:38:P2:31
Z-40,2026-08-16,0.0,0.0,P1:31:P3:38:P2:31
Z-40,2026-08-17,102.38,11.24,P1:31:P3:38:P2:31
Z-40,2026-08-18,111.4,11.65,P1:31:P3:38:P2:31
Z-40,2026-08-19,100.93,12.02,P1:31:P3:38:P2:31
Z-40,2026-08-20,98.81,11.75,P1:31:P3:38:P2:31
Z-40,2026-08-21,98.67,11.06,P1:31:P3:38:P2:31
Z-40,2026-08-22,105.0,11.94,P1:31:P3:38:P2:31
Z-40,2026-08-23,101.44,11.23,P1:31:P3:38:P2:31
Z-40,2026-08-24,105.68,11.69,P1:31:P3:38:P2:31
Z-40,2026-08-25,106.49,11.76,P1:31:P3:38:P2:31
Z-40,2026-08-26,104.89,11.07,P1:31:P3:38:P2:31
Z-40,2026-08-27,97.24,11.37,P1:31:P3:38:P2:31
Z-40,2026-08-28,106.45,11.75,P1:31:P3:38:P2:31
Z-40,2026-08-29,98.5,10.98,P1:31:P3:38:P2:31
Z-40,2026-08-30,99.96,11.88,P1:31:P3:38:P2:31
Z-40,2026-08-31,91.91,11.41,P1:31:P3:38:P2:31
X-27,2025-09-01,108.85,12.93,P1:26:P3:37:P2:38
X-27,2025-09-02,100.35,12.49,P1:26:P3:37:P2:38
X-27,2025-09-03,110.38,13.1,P1:26:P3:37:P2:38
X-27,2025-09-04,110.97,13.28,P1:26:P3:37:P2:38
X-27,2025-09-05,100.98,13.14,P1:26:P3:37:P2:38
X-27,2025-09-06,0.0,0.0,P1:26:P3:37:P2:38
X-27,2025-09-07,99.4,13.65,P1:26:P3:37:P2:38
X-27,2025-09-08,0.0,0.0,P1:26:P3:37:P2:38
X-27,2025-09-09,101.46,12.78,P1:26:P3:37:P2:38
X-27,2025-09-10,110.17,13.06,P1:26:P3:37:P2:38
X-27,2025-09-11,106.61,13.39,P1:26:P3:37:P2:38
X-27,2025-09-12,105.02,13.3,P1:26:P3:37:P2:38
X-27,2025-09-13,100.33,13.15,P1:26:P3:37:P2:38
X-27,2025-09-14,106.52,13.45,P1:26:P3:37:P2:38
X-27,2025-09-15,105.36,13.27,P1:26:P3:37:P2:38
X-27,2025-09-16,109.75,12.89,P1:26:P3:37:P2:38
X-27,2025-09-17,105.78,13.67,P1:26:P3:37:P2:38
X-27,2025-09-18,108.49,12.79,P1:26:P3:37:P2:38
X-27,2025-09-19,105.83,13.02,P1:26:P3:37:P2:38
X-27,2025-09-20,108.64,13.17,P1:26:P3:37:P2:38
X-27,2025-09-21,103.3,13.1,P1:26:P3:37:P2:38
X-27,2025-09-22,98.25,13.14,P1:26:P3:37:P2:38
X-27,2025-09-23,107.88,13.32,P1:26:P3:37:P2:38
X-27,2025-09-24,107.04,13.46,P1:26:P3:37:P2:38
X-27,2025-09-25,98.35,12.98,P1:26:P3:37:P2:38
X-27,2025-09-26,104.35,12.51,P1:26:P3:37:P2:38
X-27,2025-09-27,103.74,13.6,P1:26:P3:37:P2:38
X-27,2025-09-28,100.62,13.11,P1:26:P3:37:P2:38
X-27,2025-09-29,109.04,13.15,P1:26:P3:37:P2:38
X-27,2025-09-30,108.73,12.92,P1:26:P3:37:P2:38
X-27,2025-10-01,99.26,13.41,P1:26:P3:37:P2:38
X-27,2025-10-02,106.13,13.14,P1:26:P3:37:P2:38
X-27,2025-10-03,104.82,13.07,P1:26:P3:37:P2:38
X-27,2025-10-04,110.27,13.23,P1:26:P3:37:P2:38
X-27,2025-10-05,102.04,12.55,P1:26:P3:37:P2:38
X-27,2025-10-06,101.48,13.09,P1:26:P3:37:P2:38
X-27,2025-10-07,104.45,12.76,P1:26:P3:37:P2:38
X-27,2025-10-08,97.58,12.64,P1:26:P3:37:P2:38
X-27,2025-10-09,99.28,13.06,P1:26:P3:37:P2:38
X-27,2025-10-10,103.39,13.37,P1:26:P3:37:P2:38
X-27,2025-10-11,104.04,12.96,P1:26:P3:37:P2:38
X-27,2025-10-12,101.72,13.22,P1:26:P3:37:P2:38
X-27,2025-10-13,96.12,13.01,P1:26:P3:37:P2:38
X-27,2025-10-14,107.31,12.43,P1:26:P3:37:P2:38
X-27,2025-10-15,107.93,12.93,P1:26:P3:37:P2:38
X-27,2025-10-16,97.04,12.73,P1:26:P3:37:P2:38
X-27,2025-10-17,109.72,13.27,P1:26:P3:37:P2:38
X-27,2025-10-18,99.46,13.25,P1:26:P3:37:P2:38
X-27,2025-10-19,104.66,12.76,P1:26:P3:37:P2:38
X-27,2025-10-20,102.11,12.94,P1:26:P3:37:P2:38
X-27,2025-10-21,0.0,0.0,P1:26:P3:37:P2:38
X-27,2025-10-22,108.77,12.4,P1:26:P3:37:P2:38
X-27,2025-10-23,98.83,13.68,P1:26:P3:37:P2:38
X-27,2025-10-24,103.79,13.02,P1:26:P3:37:P2:38
X-27,2025-10-25,101.22,13.11,P1:26:P3:37:P2:38
X-27,2025-10-26,96.76,13.07,P1:26:P3:37:P2:38
X-27,2025-10-27,102.21,13.63,P1:26:P3:37:P2:38
X-27,2025-10-28,98.83,13.06,P1:26:P3:37:P2:38
X-27,2025-10-29,100.1,13.06,P1:26:P3:37:P2:38
X-27,2025-10-30,103.27,13.0,P1:26:P3:37:P2:38
X-27,2025-10-31,103.4,13.59,P1:26:P3:37:P2:38
X-27,2025-11-01,98.29,13.48,P1:26:P3:37:P2:38
X-27,2025-11-02,97.55,13.16,P1:26:P3:37:P2:38
X-27,2025-11-03,103.65,13.27,P1:26:P3:37:P2:38
X-27,2025-11-04,103.04,12.79,P1:26:P3:37:P2:38
X-27,2025-11-05,104.45,13.1,P1:26:P3:37:P2:38
X-27,2025-11-06,99.78,13.22,P1:26:P3:37:P2:38
X-27,2025-11-07,99.53,13.1,P1:26:P3:37:P2:38
X-27,2025-11-08,101.91,13.26,P1:26:P3:37:P2:38
X-27,2025-11-09,107.77,13.36,P1:26:P3:37:P2:38
X-27,2025-11-10,98.85,12.99,P1:26:P3:37:P2:38
X-27,2025-11-11,106.53,12.65,P1:26:P3:37:P2:38
X-27,2025-11-12,102.84,12.78,P1:26:P3:37:P2:38
X-27,2025-11-13,111.45,12.97,P1:26:P3:37:P2:38
X-27,2025-11-14,107.83,12.4,P1:26:P3:37:P2:38
X-27,2025-11-15,104.26,13.27,P1:26:P3:37:P2:38
X-27,2025-11-16,107.42,13.18,P1:26:P3:37:P2:38
X-27,2025-11-17,97.88,12.82,P1:26:P3:37:P2:38
X-27,2025-11-18,107.29,12.86,P1:26:P3:37:P2:38
X-27,2025-11-19,105.45,12.89,P1:26:P3:37:P2:38
X-27,2025-11-20,102.21,12.99,P1:26:P3:37:P2:38
X-27,2025-11-21,0.0,0.0,P1:26:P3:37:P2:38
X-27,2025-11-22,104.28,12.7,P1:26:P3:37:P2:38
X-27,2025-11-23,101.61,12.6,P1:26:P3:37:P2:38
X-27,2025-11-24,105.94,12.87,P1:26:P3:37:P2:38
X-27,2025-11-25,105.48,13.2,P1:26:P3:37:P2:38
X-27,2025-11-26,114.72,12.88,P1:26:P3:37:P2:38
X-27,2025-11-27,103.17,12.98,P1:26:P3:37:P2:38
X-27,2025-11-28,100.44,13.34,P1:26:P3:37:P2:38
X-27,2025-11-29,102.35,12.99,P1:26:P3:37:P2:38
X-27,2025-11-30,109.61,13.01,P1:26:P3:37:P2:38
X-27,2025-12-01,105.58,12.89,P1:26:P3:37:P2:38
X-27,2025-12-02,104.69,13.12,P1:26:P3:37:P2:38
X-27,2025-12-03,116.61,13.06,P1:26:P3:37:P2:38
X-27,2025-12-04,96.7,12.63,P1:26:P3:37:P2:38
X-27,2025-12-05,108.0,12.95,P1:26:P3:37:P2:38
X-27,2025-12-06,101.81,13.14,P1:26:P3:37:P2:38
X-27,2025-12-07,100.51,13.28,P1:26:P3:37:P2:38
X-27,2025-12-08,0.0,0.0,P1:26:P3:37:P2:38
X-27,2025-12-09,97.13,13.36,P1:26:P3:37:P2:38
X-27,2025-12-10,112.87,13.54,P1:26:P3:37:P2:38
X-27,2025-12-11,93.77,12.52,P1:26:P3:37:P2:38
X-27,2025-12-12,103.33,12.92,P1:26:P3:37:P2:38
X-27,2025-12-13,105.9,13.29,P1:26:P3:37:P2:38
X-27,2025-12-14,107.85,12.78,P1:26:P3:37:P2:38
X-27,2025-12-15,95.96,12.99,P1:26:P3:37:P2:38
X-27,2025-12-16,97.18,12.89,P1:26:P3:37:P2:38
X-27,2025-12-17,108.61,13.21,P1:26:P3:37:P2:38
X-27,2025-12-18,101.14,13.25,P1:26:P3:37:P2:38
X-27,2025-12-19,106.33,13.05,P1:26:P3:37:P2:38
X-27,2025-12-20,106.08,12.67,P1:26:P3:37:P2:38
X-27,2025-12-21,105.99,13.62,P1:26:P3:37:P2:38
X-27,2025-12-22,104.89,12.72,P1:26:P3:37:P2:38
X-27,2025-12-23,101.76,13.12,P1:26:P3:37:P2:38
X-27,2025-12-24,106.04,12.78,P1:26:P3:37:P2:38
X-27,2025-12-25,99.89,13.15,P1:26:P3:37:P2:38
X-27,2025-12-26,106.12,12.8,P1:26:P3:37:P2:38
X-27,2025-12-27,106.61,12.46,P1:26:P3:37:P2:38
X-27,2025-12-28,0.0,0.0,P1:26:P3:37:P2:38
X-27,2025-12-29,104.93,13.44,P1:26:P3:37:P2:38
X-27,2025-12-30,109.09,12.86,P1:26:P3:37:P2:38
X-27,2025-12-31,110.71,12.92,P1:26:P3:37:P2:38
X-27,2026-01-01,95.75,12.81,P1:26:P3:37:P2:38
X-27,2026-01-02,95.96,12.28,P1:26:P3:37:P2:38
X-27,2026-01-03,102.76,13.52,P1:26:P3:37:P2:38
X-27,2026-01-04,96.33,12.84,P1:26:P3:37:P2:38
X-27,2026-01-05,105.92,12.79,P1:26:P3:37:P2:38
X-27,2026-01-06,108.48,13.2,P1:26:P3:37:P2:38
X-27,2026-01-07,103.52,12.68,P1:26:P3:37:P2:38
X-27,2026-01-08,107.66,13.02,P1:26:P3:37:P2:38
X-27,2026-01-09,107.96,12.65,P1:26:P3:37:P2:38
X-27,2026-01-10,109.0,13.2,P1:26:P3:37:P2:38
X-27,2026-01-11,105.41,12.61,P1:26:P3:37:P2:38
X-27,2026-01-12,105.1,12.91,P1:26:P3:37:P2:38
X-27,2026-01-13,97.97,13.29,P1:26:P3:37:P2:38
X-27,2026-01-14,101.29,12.7,P1:26:P3:37:P2:38
X-27,2026-01-15,107.13,13.34,P1:26:P3:37:P2:38
X-27,2026-01-16,102.46,13.45,P1:26:P3:37:P2:38
X-27,2026-01-17,101.37,13.2,P1:26:P3:37:P2:38
X-27,2026-01-18,110.44,13.13,P1:26:P3:37:P2:38
X-27,2026-01-19,103.63,12.84,P1:26:P3:37:P2:38
X-27,2026-01-20,110.75,13.12,P1:26:P3:37:P2:38
X-27,2026-01-21,101.61,13.64,P1:26:P3:37:P2:38
X-27,2026-01-22,105.64,13.11,P1:26:P3:37:P2:38
X-27,2026-01-23,107.99,13.79,P1:26:P3:37:P2:38
X-27,2026-01-24,100.8,12.75,P1:26:P3:37:P2:38
X-27,2026-01-25,96.97,13.07,P1:26:P3:37:P2:38
X-27,2026-01-26,98.45,13.04,P1:26:P3:37:P2:38
X-27,2026-01-27,103.75,13.13,P1:26:P3:37:P2:38
X-27,2026-01-28,100.48,13.08,P1:26:P3:37:P2:38
X-27,2026-01-29,103.02,13.34,P1:26:P3:37:P2:38
X-27,2026-01-30,101.65,13.01,P1:26:P3:37:P2:38
X-27,2026-01-31,111.37,13.01,P1:26:P3:37:P2:38
X-27,2026-02-01,101.55,13.35,P1:26:P3:37:P2:38
X-27,2026-02-02,104.3,12.84,P1:26:P3:37:P2:38
X-27,2026-02-03,104.85,13.33,P1:26:P3:37:P2:38
X-27,2026-02-04,103.85,12.75,P1:26:P3:37:P2:38
X-27,2026-02-05,99.68,12.69,P1:26:P3:37:P2:38
X-27,2026-02-06,100.21,12.88,P1:26:P3:37:P2:38
X-27,2026-02-07,99.26,13.09,P1:26:P3:37:P2:38
X-27,2026-02-08,97.74,13.09,P1:26:P3:37:P2:38
X-27,2026-02-09,103.33,12.9,P1:26:P3:37:P2:38
X-27,2026-02-10,115.31,13.03,P1:26:P3:37:P2:38
X-27,2026-02-11,105.01,12.9,P1:26:P3:37:P2:38
X-27,2026-02-12,103.63,13.23,P1:26:P3:37:P2:38
X-27,2026-02-13,104.99,13.28,P1:26:P3:37:P2:38
X-27,2026-02-14,106.12,12.06,P1:26:P3:37:P2:38
X-27,2026-02-15,99.74,12.85,P1:26:P3:37:P2:38
X-27,2026-02-16,99.66,13.62,P1:26:P3:37:P2:38
X-27,2026-02-17,103.53,12.92,P1:26:P3:37:P2:38
X-27,2026-02-18,99.05,13.51,P1:26:P3:37:P2:38
X-27,2026-02-19,102.34,12.5,P1:26:P3:37:P2:38
X-27,2026-02-20,102.44,12.73,P1:26:P3:37:P2:38
X-27,2026-02-21,106.77,12.84,P1:26:P3:37:P2:38
X-27,2026-02-22,98.47,13.27,P1:26:P3:37:P2:38
X-27,2026-02-23,106.75,12.9,P1:26:P3:37:P2:38
X-27,2026-02-24,111.95,13.07,P1:26:P3:37:P2:38
X-27,2026-02-25,103.48,13.25,P1:26:P3:37:P2:38
X-27,2026-02-26,100.56,13.07,P1:26:P3:37:P2:38
X-27,2026-02-27,109.28,12.9,P1:26:P3:37:P2:38
X-27,2026-02-28,106.79,13.21,P1:26:P3:37:P2:38
X-27,2026-03-01,96.79,13.24,P1:26:P3:37:P2:38
X-27,2026-03-02,101.12,13.41,P1:26:P3:37:P2:38
X-27,2026-03-03,112.53,13.5,P1:26:P3:37:P2:38
X-27,2026-03-04,101.4,12.91,P1:26:P3:37:P2:38
X-27,2026-03-05,103.32,12.56,P1:26:P3:37:P2:38
X-27,2026-03-06,106.3,12.66,P1:26:P3:37:P2:38
X-27,2026-03-07,113.7,12.92,P1:26:P3:37:P2:38
X-27,2026-03-08,104.88,13.18,P1:26:P3:37:P2:38
X-27,2026-03-09,99.88,13.05,P1:26:P3:37:P2:38
X-27,2026-03-10,102.89,12.98,P1:26:P3:37:P2:38
X-27,2026-03-11,103.89,12.87,P1:26:P3:37:P2:38
X-27,2026-03-12,100.93,13.03,P1:26:P3:37:P2:38
X-27,2026-03-13,104.35,13.0,P1:26:P3:37:P2:38
X-27,2026-03-14,108.79,12.95,P1:26:P3:37:P2:38
X-27,2026-03-15,105.56,13.2,P1:26:P3:37:P2:38
X-27,2026-03-16,103.86,12.39,P1:26:P3:37:P2:38
X-27,2026-03-17,111.1,13.11,P1:26:P3:37:P2:38
X-27,2026-03-18,101.13,13.02,P1:26:P3:37:P2:38
X-27,2026-03-19,105.6,13.24,P1:26:P3:37:P2:38
X-27,2026-03-20,110.06,13.01,P1:26:P3:37:P2:38
X-27,2026-03-21,103.63,12.59,P1:26:P3:37:P2:38
X-27,2026-03-22,105.69,13.69,P1:26:P3:37:P2:38
X-27,2026-03-23,101.29,12.62,P1:26:P3:37:P2:38
X-27,2026-03-24,106.02,13.09,P1:26:P3:37:P2:38
X-27,2026-03-25,98.49,12.62,P1:26:P3:37:P2:38
X-27,2026-03-26,104.54,13.11,P1:26:P3:37:P2:38
X-27,2026-03-27,105.97,12.69,P1:26:P3:37:P2:38
X-27,2026-03-28,109.52,12.79,P1:26:P3:37:P2:38
X-27,2026-03-29,94.01,13.26,P1:26:P3:37:P2:38
X-27,2026-03-30,107.58,12.92,P1:26:P3:37:P2:38
X-27,2026-03-31,105.57,13.07,P1:26:P3:37:P2:38
X-27,2026-04-01,100.19,13.3,P1:26:P3:37:P2:38
X-27,2026-04-02,105.52,13.1,P1:26:P3:37:P2:38
X-27,2026-04-03,102.78,13.36,P1:26:P3:37:P2:38
X-27,2026-04-04,107.87,12.75,P1:26:P3:37:P2:38
X-27,2026-04-05,111.7,13.34,P1:26:P3:37:P2:38
X-27,2026-04-06,104.57,13.1,P1:26:P3:37:P2:38
X-27,2026-04-07,105.03,12.58,P1:26:P3:37:P2:38
X-27,2026-04-08,97.06,12.53,P1:26:P3:37:P2:38
X-27,2026-04-09,106.82,13.23,P1:26:P3:37:P2:38
X-27,2026-04-10,96.18,13.02,P1:26:P3:37:P2:38
X-27,2026-04-11,101.51,13.05,P1:26:P3:37:P2:38
X-27,2026-04-12,102.58,13.3,P1:26:P3:37:P2:38
X-27,2026-04-13,106.07,12.95,P1:26:P3:37:P2:38
X-27,2026-04-14,106.31,12.69,P1:26:P3:37:P2:38
X-27,2026-04-15,99.68,12.5,P1:26:P3:37:P2:38
X-27,2026-04-16,103.62,13.06,P1:26:P3:37:P2:38
X-27,2026-04-17,113.15,12.92,P1:26:P3:37:P2:38
X-27,2026-04-18,107.28,12.66,P1:26:P3:37:P2:38
X-27,2026-04-19,103.09,12.96,P1:26:P3:37:P2:38
X-27,2026-04-20,111.83,13.02,P1:26:P3:37:P2:38
X-27,2026-04-21,108.65,13.21,P1:26:P3:37:P2:38
X-27,2026-04-22,107.56,13.14,P1:26:P3:37:P2:38
X-27,2026-04-23,98.43,12.32,P1:26:P3:37:P2:38
X-27,2026-04-24,104.92,13.09,P1:26:P3:37:P2:38
X-27,2026-04-25,96.3,13.05,P1:26:P3:37:P2:38
X-27,2026-04-26,103.38,13.42,P1:26:P3:37:P2:38
X-27,2026-04-27,102.88,12.92,P1:26:P3:37:P2:38
X-27,2026-04-28,98.14,13.55,P1:26:P3:37:P2:38
X-27,2026-04-29,0.0,0.0,P1:26:P3:37:P2:38
X-27,2026-04-30,106.82,12.85,P1:26:P3:37:P2:38
X-27,2026-05-01,98.22,12.8,P1:26:P3:37:P2:38
X-27,2026-05-02,101.92,13.31,P1:26:P3:37:P2:38
X-27,2026-05-03,105.78,12.92,P1:26:P3:37:P2:38
X-27,2026-05-04,108.24,13.28,P1:26:P3:37:P2:38
X-27,2026-05-05,101.68,12.96,P1:26:P3:37:P2:38
X-27,2026-05-06,112.31,13.19,P1:26:P3:37:P2:38
X-27,2026-05-07,0.0,0.0,P1:26:P3:37:P2:38
X-27,2026-05-08,101.12,12.92,P1:26:P3:37:P2:38
X-27,2026-05-09,102.75,12.91,P1:26:P3:37:P2:38
X-27,2026-05-10,107.73,13.1,P1:26:P3:37:P2:38
X-27,2026-05-11,105.6,12.61,P1:26:P3:37:P2:38
X-27,2026-05-12,104.14,12.59,P1:26:P3:37:P2:38
X-27,2026-05-13,111.15,13.25,P1:26:P3:37:P2:38
X-27,2026-05-14,109.07,12.93,P1:26:P3:37:P2:38
X-27,2026-05-15,99.49,12.57,P1:26:P3:37:P2:38
X-27,2026-05-16,99.69,13.24,P1:26:P3:37:P2:38
X-27,2026-05-17,107.94,12.59,P1:26:P3:37:P2:38
X-27,2026-05-18,0.0,0.0,P1:26:P3:37:P2:38
X-27,2026-05-19,107.17,12.78,P1:26:P3:37:P2:38
X-27,2026-05-20,100.62,13.05,P1:26:P3:37:P2:38
X-27,2026-05-21,104.05,13.16,P1:26:P3:37:P2:38
X-27,2026-05-22,103.91,13.13,P1:26:P3:37:P2:38
X-27,2026-05-23,104.0,12.97,P1:26:P3:37:P2:38
X-27,2026-05-24,104.82,13.0,P1:26:P3:37:P2:38
X-27,2026-05-25,100.31,13.02,P1:26:P3:37:P2:38
X-27,2026-05-26,98.53,12.31,P1:26:P3:37:P2:38
X-27,2026-05-27,107.66,12.87,P1:26:P3:37:P2:38
X-27,2026-05-28,0.0,0.0,P1:26:P3:37:P2:38
X-27,2026-05-29,109.49,13.23,P1:26:P3:37:P2:38
X-27,2026-05-30,98.97,12.95,P1:26:P3:37:P2:38
X-27,2026-05-31,98.9,13.06,P1:26:P3:37:P2:38
X-27,2026-06-01,98.57,13.05,P1:26:P3:37:P2:38
X-27,2026-06-02,99.25,13.12,P1:26:P3:37:P2:38
X-27,2026-06-03,105.37,13.33,P1:26:P3:37:P2:38
X-27,2026-06-04,100.86,12.71,P1:26:P3:37:P2:38
X-27,2026-06-05,101.83,12.97,P1:26:P3:37:P2:38
X-27,2026-06-06,104.23,13.1,P1:26:P3:37:P2:38
X-27,2026-06-07,110.68,12.88,P1:26:P3:37:P2:38
X-27,2026-06-08,97.79,12.61,P1:26:P3:37:P2:38
X-27,2026-06-09,109.23,13.05,P1:26:P3:37:P2:38
X-27,2026-06-10,112.13,12.97,P1:26:P3:37:P2:38
X-27,2026-06-11,98.11,12.68,P1:26:P3:37:P2:38
X-27,2026-06-12,104.88,12.99,P1:26:P3:37:P2:38
X-27,2026-06-13,103.04,13.07,P1:26:P3:37:P2:38
X-27,2026-06-14,98.21,12.75,P1:26:P3:37:P2:38
X-27,2026-06-15,105.0,12.64,P1:26:P3:37:P2:38
X-27,2026-06-16,109.0,12.79,P1:26:P3:37:P2:38
X-27,2026-06-17,104.2,13.27,P1:26:P3:37:P2:38
X-27,2026-06-18,103.57,12.66,P1:26:P3:37:P2:38
X-27,2026-06-19,105.38,12.83,P1:26:P3:37:P2:38
X-27,2026-06-20,99.59,13.26,P1:26:P3:37:P2:38
X-27,2026-06-21,97.93,13.05,P1:26:P3:37:P2:38
X-27,2026-06-22,100.39,12.92,P1:26:P3:37:P2:38
X-27,2026-06-23,96.53,13.29,P1:26:P3:37:P2:38
X-27,2026-06-24,102.71,12.81,P1:26:P3:37:P2:38
X-27,2026-06-25,102.87,12.95,P1:26:P3:37:P2:38
X-27,2026-06-26,103.43,12.97,P1:26:P3:37:P2:38
X-27,2026-06-27,103.28,13.02,P1:26:P3:37:P2:38
X-27,2026-06-28,108.3,12.85,P1:26:P3:37:P2:38
X-27,2026-06-29,101.72,12.49,P1:26:P3:37:P2:38
X-27,2026-06-30,103.79,13.01,P1:26:P3:37:P2:38
X-27,2026-07-01,100.33,13.58,P1:26:P3:37:P2:38
X-27,2026-07-02,113.46,13.03,P1:26:P3:37:P2:38
X-27,2026-07-03,102.85,12.91,P1:26:P3:37:P2:38
X-27,2026-07-04,101.93,13.35,P1:26:P3:37:P2:38
X-27,2026-07-05,96.77,12.75,P1:26:P3:37:P2:38
X-27,2026-07-06,98.19,13.34,P1:26:P3:37:P2:38
X-27,2026-07-07,105.34,13.01,P1:26:P3:37:P2:38
X-27,2026-07-08,108.24,12.88,P1:26:P3:37:P2:38
X-27,2026-07-09,109.23,12.59,P1:26:P3:37:P2:38
X-27,2026-07-10,102.84,13.23,P1:26:P3:37:P2:38
X-27,2026-07-11,109.78,12.94,P1:26:P3:37:P2:38
X-27,2026-07-12,102.08,13.08,P1:26:P3:37:P2:38
X-27,2026-07-13,100.73,13.47,P1:26:P3:37:P2:38
X-27,2026-07-14,113.7,13.15,P1:26:P3:37:P2:38
X-27,2026-07-15,105.62,12.77,P1:26:P3:37:P2:38
X-27,2026-07-16,106.98,13.38,P1:26:P3:37:P2:38
X-27,2026-07-17,100.79,13.08,P1:26:P3:37:P2:38
X-27,2026-07-18,104.67,12.79,P1:26:P3:37:P2:38
X-27,2026-07-19,101.33,12.92,P1:26:P3:37:P2:38
X-27,2026-07-20,109.12,12.75,P1:26:P3:37:P2:38
X-27,2026-07-21,101.32,12.75,P1:26:P3:37:P2:38
X-27,2026-07-22,105.13,12.69,P1:26:P3:37:P2:38
X-27,2026-07-23,100.62,13.19,P1:26:P3:37:P2:38
X-27,2026-07-24,103.7,13.2,P1:26:P3:37:P2:38
X-27,2026-07-25,108.12,13.37,P1:26:P3:37:P2:38
X-27,2026-07-26,101.15,13.05,P1:26:P3:37:P2:38
X-27,2026-07-27,103.59,12.74,P1:26:P3:37:P2:38
X-27,2026-07-28,98.7,12.61,P1:26:P3:37:P2:38
X-27,2026-07-29,103.22,13.32,P1:26:P3:37:P2:38
X-27,2026-07-30,113.39,13.01,P1:26:P3:37:P2:38
X-27,2026-07-31,105.98,12.65,P1:26:P3:37:P2:38
X-27,2026-08-01,105.81,13.29,P1:26:P3:37:P2:38
X-27,2026-08-02,110.05,13.25,P1:26:P3:37:P2:38
X-27,2026-08-03,100.61,12.73,P1:26:P3:37:P2:38
X-27,2026-08-04,100.12,13.33,P1:26:P3:37:P2:38
X-27,2026-08-05,98.83,12.61,P1:26:P3:37:P2:38
X-27,2026-08-06,109.35,12.96,P1:26:P3:37:P2:38
X-27,2026-08-07,105.21,12.99,P1:26:P3:37:P2:38
X-27,2026-08-08,100.86,12.97,P1:26:P3:37:P2:38
X-27,2026-08-09,106.12,13.24,P1:26:P3:37:P2:38
X-27,2026-08-10,97.62,12.88,P1:26:P3:37:P2:38
X-27,2026-08-11,104.43,12.67,P1:26:P3:37:P2:38
X-27,2026-08-12,97.41,12.99,P1:26:P3:37:P2:38
X-27,2026-08-13,98.16,13.14,P1:26:P3:37:P2:38
X-27,2026-08-14,106.46,13.14,P1:26:P3:37:P2:38
X-27,2026-08-15,101.48,12.65,P1:26:P3:37:P2:38
X-27,2026-08-16,111.4,13.09,P1:26:P3:37:P2:38
X-27,2026-08-17,104.37,13.08,P1:26:P3:37:P2:38
X-27,2026-08-18,108.34,12.91,P1:26:P3:37:P2:38
X-27,2026-08-19,106.27,12.76,P1:26:P3:37:P2:38
X-27,2026-08-20,104.65,13.18,P1:26:P3:37:P2:38
X-27,2026-08-21,96.67,12.8,P1:26:P3:37:P2:38
X-27,2026-08-22,96.45,12.92,P1:26:P3:37:P2:38
X-27,2026-08-23,99.78,13.19,P1:26:P3:37:P2:38
X-27,2026-08-24,107.27,13.54,P1:26:P3:37:P2:38
X-27,2026-08-25,108.82,12.83,P1:26:P3:37:P2:38
X-27,2026-08-26,96.89,12.94,P1:26:P3:37:P2:38
X-27,2026-08-27,101.29,12.88,P1:26:P3:37:P2:38
X-27,2026-08-28,108.73,12.96,P1:26:P3:37:P2:38
X-27,2026-08-29,107.14,12.93,P1:26:P3:37:P2:38
X-27,2026-08-30,97.13,13.24,P1:26:P3:37:P2:38
X-27,2026-08-31,104.66,12.92,P1:26:P3:37:P2:38
N-32,2025-09-01,97.94,16.33,P1:48:P3:52
N-32,2025-09-02,106.79,16.26,P1:48:P3:52
N-32,2025-09-03,99.71,15.4,P1:48:P3:52
N-32,2025-09-04,111.65,16.08,P1:48:P3:52
N-32,2025-09-05,115.18,15.84,P1:48:P3:52
N-32,2025-09-06,108.37,15.85,P1:48:P3:52
N-32,2025-09-07,104.68,15.61,P1:48:P3:52
N-32,2025-09-08,108.91,15.76,P1:48:P3:52
N-32,2025-09-09,105.21,15.45,P1:48:P3:52
N-32,2025-09-10,106.99,16.67,P1:48:P3:52
N-32,2025-09-11,106.94,16.13,P1:48:P3:52
N-32,2025-09-12,114.5,15.88,P1:48:P3:52
N-32,2025-09-13,114.66,16.14,P1:48:P3:52
N-32,2025-09-14,0.0,0.0,P1:48:P3:52
N-32,2025-09-15,108.28,16.36,P1:48:P3:52
N-32,2025-09-16,116.87,16.21,P1:48:P3:52
N-32,2025-09-17,105.05,15.86,P1:48:P3:52
N-32,2025-09-18,106.08,15.78,P1:48:P3:52
N-32,2025-09-19,114.01,16.01,P1:48:P3:52
N-32,2025-09-20,108.69,15.87,P1:48:P3:52
N-32,2025-09-21,0.0,0.0,P1:48:P3:52
N-32,2025-09-22,109.22,15.95,P1:48:P3:52
N-32,2025-09-23,0.0,0.0,P1:48:P3:52
N-32,2025-09-24,105.41,16.35,P1:48:P3:52
N-32,2025-09-25,110.12,15.0,P1:48:P3:52
N-32,2025-09-26,109.79,16.53,P1:48:P3:52
N-32,2025-09-27,109.85,15.82,P1:48:P3:52
N-32,2025-09-28,105.93,16.23,P1:48:P3:52
N-32,2025-09-29,108.45,15.73,P1:48:P3:52
N-32,2025-09-30,109.91,15.57,P1:48:P3:52
N-32,2025-10-01,103.76,16.4,P1:48:P3:52
N-32,2025-10-02,113.98,15.81,P1:48:P3:52
N-32,2025-10-03,108.51,15.65,P1:48:P3:52
N-32,2025-10-04,104.13,16.21,P1:48:P3:52
N-32,2025-10-05,110.34,15.77,P1:48:P3:52
N-32,2025-10-06,104.11,16.0,P1:48:P3:52
N-32,2025-10-07,103.37,16.21,P1:48:P3:52
N-32,2025-10-08,109.31,15.73,P1:48:P3:52
N-32,2025-10-09,109.86,16.29,P1:48:P3:52
N-32,2025-10-10,103.93,15.96,P1:48:P3:52
N-32,2025-10-11,104.11,16.24,P1:48:P3:52
N-32,2025-10-12,106.9,15.86,P1:48:P3:52
N-32,2025-10-13,108.34,16.1,P1:48:P3:52
N-32,2025-10-14,111.01,15.55,P1:48:P3:52
N-32,2025-10-15,110.93,16.92,P1:48:P3:52
N-32,2025-10-16,107.99,15.8,P1:48:P3:52
N-32,2025-10-17,110.74,16.31,P1:48:P3:52
N-32,2025-10-18,109.08,16.26,P1:48:P3:52
N-32,2025-10-19,105.02,16.13,P1:48:P3:52
N-32,2025-10-20,105.87,15.48,P1:48:P3:52
N-32,2025-10-21,106.46,15.89,P1:48:P3:52
N-32,2025-10-22,107.89,15.27,P1:48:P3:52
N-32,2025-10-23,116.39,15.41,P1:48:P3:52
N-32,2025-10-24,111.23,15.93,P1:48:P3:52
N-32,2025-10-25,0.0,0.0,P1:48:P3:52
N-32,2025-10-26,111.71,15.99,P1:48:P3:52
N-32,2025-10-27,113.01,15.73,P1:48:P3:52
N-32,2025-10-28,113.59,15.71,P1:48:P3:52
N-32,2025-10-29,106.31,16.27,P1:48:P3:52
N-32,2025-10-30,100.99,16.43,P1:48:P3:52
N-32,2025-10-31,112.71,16.47,P1:48:P3:52
N-32,2025-11-01,104.71,16.63,P1:48:P3:52
N-32,2025-11-02,113.77,15.63,P1:48:P3:52
N-32,2025-11-03,102.56,15.93,P1:48:P3:52
N-32,2025-11-04,102.33,15.66,P1:48:P3:52
N-32,2025-11-05,109.19,15.73,P1:48:P3:52
N-32,2025-11-06,106.46,15.55,P1:48:P3:52
N-32,2025-11-07,106.39,15.75,P1:48:P3:52
N-32,2025-11-08,105.83,16.55,P1:48:P3:52
N-32,2025-11-09,104.41,15.58,P1:48:P3:52
N-32,2025-11-10,110.61,16.07,P1:48:P3:52
N-32,2025-11-11,111.52,15.92,P1:48:P3:52
N-32,2025-11-12,110.47,16.0,P1:48:P3:52
N-32,2025-11-13,103.68,16.09,P1:48:P3:52
N-32,2025-11-14,103.48,16.33,P1:48:P3:52
N-32,2025-11-15,111.31,16.27,P1:48:P3:52
N-32,2025-11-16,104.21,15.76,P1:48:P3:52
N-32,2025-11-17,113.31,15.5,P1:48:P3:52
N-32,2025-11-18,110.33,16.18,P1:48:P3:52
N-32,2025-11-19,109.69,16.3,P1:48:P3:52
N-32,2025-11-20,106.55,16.18,P1:48:P3:52
N-32,2025-11-21,100.05,15.53,P1:48:P3:52
N-32,2025-11-22,112.62,16.25,P1:48:P3:52
N-32,2025-11-23,110.33,15.77,P1:48:P3:52
N-32,2025-11-24,111.23,15.86,P1:48:P3:52
N-32,2025-11-25,115.93,15.92,P1:48:P3:52
N-32,2025-11-26,115.7,15.74,P1:48:P3:52
N-32,2025-11-27,110.3,16.11,P1:48:P3:52
N-32,2025-11-28,113.13,15.95,P1:48:P3:52
N-32,2025-11-29,106.76,16.17,P1:48:P3:52
N-32,2025-11-30,115.82,16.15,P1:48:P3:52
N-32,2025-12-01,106.65,15.53,P1:48:P3:52
N-32,2025-12-02,113.63,15.87,P1:48:P3:52
N-32,2025-12-03,112.27,15.83,P1:48:P3:52
N-32,2025-12-04,110.68,15.32,P1:48:P3:52
N-32,2025-12-05,103.96,15.85,P1:48:P3:52
N-32,2025-12-06,115.87,15.95,P1:48:P3:52
N-32,2025-12-07,108.53,15.94,P1:48:P3:52
N-32,2025-12-08,102.5,16.05,P1:48:P3:52
N-32,2025-12-09,105.83,15.83,P1:48:P3:52
N-32,2025-12-10,117.13,15.58,P1:48:P3:52
N-32,2025-12-11,116.83,16.24,P1:48:P3:52
N-32,2025-12-12,112.28,15.59,P1:48:P3:52
N-32,2025-12-13,116.77,15.87,P1:48:P3:52
N-32,2025-12-14,104.97,16.14,P1:48:P3:52
N-32,2025-12-15,110.12,15.17,P1:48:P3:52
N-32,2025-12-16,109.89,16.17,P1:48:P3:52
N-32,2025-12-17,106.69,16.05,P1:48:P3:52
N-32,2025-12-18,102.53,15.72,P1:48:P3:52
N-32,2025-12-19,0.0,0.0,P1:48:P3:52
N-32,2025-12-20,109.83,16.0,P1:48:P3:52
N-32,2025-12-21,108.45,15.96,P1:48:P3:52
N-32,2025-12-22,112.42,15.86,P1:48:P3:52
N-32,2025-12-23,106.7,16.15,P1:48:P3:52
N-32,2025-12-24,113.67,15.95,P1:48:P3:52
N-32,2025-12-25,106.27,16.17,P1:48:P3:52
N-32,2025-12-26,118.41,16.08,P1:48:P3:52
N-32,2025-12-27,107.46,15.99,P1:48:P3:52
N-32,2025-12-28,102.52,16.3,P1:48:P3:52
N-32,2025-12-29,111.02,16.04,P1:48:P3:52
N-32,2025-12-30,110.23,15.69,P1:48:P3:52
N-32,2025-12-31,103.78,15.8,P1:48:P3:52
N-32,2026-01-01,105.18,16.0,P1:48:P3:52
N-32,2026-01-02,101.86,15.84,P1:48:P3:52
N-32,2026-01-03,104.7,15.29,P1:48:P3:52
N-32,2026-01-04,109.87,15.92,P1:48:P3:52
N-32,2026-01-05,107.91,15.29,P1:48:P3:52
N-32,2026-01-06,112.73,15.94,P1:48:P3:52
N-32,2026-01-07,108.98,16.06,P1:48:P3:52
N-32,2026-01-08,104.43,15.76,P1:48:P3:52
N-32,2026-01-09,109.12,16.05,P1:48:P3:52
N-32,2026-01-10,107.89,15.67,P1:48:P3:52
N-32,2026-01-11,107.58,16.2,P1:48:P3:52
N-32,2026-01-12,108.78,15.5,P1:48:P3:52
N-32,2026-01-13,118.16,15.53,P1:48:P3:52
N-32,2026-01-14,110.08,15.98,P1:48:P3:52
N-32,2026-01-15,109.26,16.07,P1:48:P3:52
N-32,2026-01-16,110.14,16.09,P1:48:P3:52
N-32,2026-01-17,107.29,15.93,P1:48:P3:52
N-32,2026-01-18,108.34,15.82,P1:48:P3:52
N-32,2026-01-19,103.06,15.53,P1:48:P3:52
N-32,2026-01-20,112.47,15.48,P1:48:P3:52
N-32,2026-01-21,105.84,15.94,P1:48:P3:52
N-32,2026-01-22,99.1,16.43,P1:48:P3:52
N-32,2026-01-23,103.11,16.8,P1:48:P3:52
N-32,2026-01-24,104.99,15.88,P1:48:P3:52
N-32,2026-01-25,102.89,16.75,P1:48:P3:52
N-32,2026-01-26,108.66,15.76,P1:48:P3:52
N-32,2026-01-27,112.23,16.05,P1:48:P3:52
N-32,2026-01-28,106.61,15.87,P1:48:P3:52
N-32,2026-01-29,109.98,15.87,P1:48:P3:52
N-32,2026-01-30,106.74,16.11,P1:48:P3:52
N-32,2026-01-31,107.74,15.9,P1:48:P3:52
N-32,2026-02-01,115.78,15.95,P1:48:P3:52
N-32,2026-02-02,105.23,16.3,P1:48:P3:52
N-32,2026-02-03,111.45,15.49,P1:48:P3:52
N-32,2026-02-04,108.1,15.81,P1:48:P3:52
N-32,2026-02-05,111.21,16.88,P1:48:P3:52
N-32,2026-02-06,103.7,16.03,P1:48:P3:52
N-32,2026-02-07,111.91,16.03,P1:48:P3:52
N-32,2026-02-08,110.71,16.28,P1:48:P3:52
N-32,2026-02-09,110.62,15.88,P1:48:P3:52
N-32,2026-02-10,108.35,16.05,P1:48:P3:52
N-32,2026-02-11,109.11,15.79,P1:48:P3:52
N-32,2026-02-12,107.77,15.54,P1:48:P3:52
N-32,2026-02-13,106.9,15.33,P1:48:P3:52
N-32,2026-02-14,112.73,16.46,P1:48:P3:52
N-32,2026-02-15,110.97,15.98,P1:48:P3:52
N-32,2026-02-16,113.29,15.73,P1:48:P3:52
N-32,2026-02-17,109.04,16.41,P1:48:P3:52
N-32,2026-02-18,103.91,16.45,P1:48:P3:52
N-32,2026-02-19,112.59,15.71,P1:48:P3:52
N-32,2026-02-20,108.72,15.43,P1:48:P3:52
N-32,2026-02-21,104.12,16.13,P1:48:P3:52
N-32,2026-02-22,107.68,15.44,P1:48:P3:52
N-32,2026-02-23,100.89,16.06,P1:48:P3:52
N-32,2026-02-24,115.77,15.93,P1:48:P3:52
N-32,2026-02-25,106.52,15.72,P1:48:P3:52
N-32,2026-02-26,111.56,16.09,P1:48:P3:52
N-32,2026-02-27,113.89,15.78,P1:48:P3:52
N-32,2026-02-28,112.82,16.05,P1:48:P3:52
N-32,2026-03-01,111.39,16.17,P1:48:P3:52
N-32,2026-03-02,115.09,15.9,P1:48:P3:52
N-32,2026-03-03,105.04,16.27,P1:48:P3:52
N-32,2026-03-04,106.59,16.18,P1:48:P3:52
N-32,2026-03-05,107.67,15.41,P1:48:P3:52
N-32,2026-03-06,115.37,15.98,P1:48:P3:52
N-32,2026-03-07,100.84,15.53,P1:48:P3:52
N-32,2026-03-08,113.13,16.06,P1:48:P3:52
N-32,2026-03-09,115.49,15.89,P1:48:P3:52
N-32,2026-03-10,0.0,0.0,P1:48:P3:52
N-32,2026-03-11,108.53,16.11,P1:48:P3:52
N-32,2026-03-12,106.18,15.55,P1:48:P3:52
N-32,2026-03-13,103.08,15.74,P1:48:P3:52
N-32,2026-03-14,113.81,16.39,P1:48:P3:52
N-32,2026-03-15,117.75,15.74,P1:48:P3:52
N-32,2026-03-16,109.19,15.89,P1:48:P3:52
N-32,2026-03-17,101.04,16.07,P1:48:P3:52
N-32,2026-03-18,101.86,15.87,P1:48:P3:52
N-32,2026-03-19,106.2,15.74,P1:48:P3:52
N-32,2026-03-20,107.1,15.91,P1:48:P3:52
N-32,2026-03-21,110.37,15.98,P1:48:P3:52
N-32,2026-03-22,108.66,16.05,P1:48:P3:52
N-32,2026-03-23,116.78,15.17,P1:48:P3:52
N-32,2026-03-24,101.84,16.06,P1:48:P3:52
N-32,2026-03-25,105.33,16.65,P1:48:P3:52
N-32,2026-03-26,113.09,15.57,P1:48:P3:52
N-32,2026-03-27,106.02,16.16,P1:48:P3:52
N-32,2026-03-28,107.99,15.7,P1:48:P3:52
N-32,2026-03-29,110.56,16.62,P1:48:P3:52
N-32,2026-03-30,108.96,15.93,P1:48:P3:52
N-32,2026-03-31,106.43,16.23,P1:48:P3:52
N-32,2026-04-01,112.73,15.44,P1:48:P3:52
N-32,2026-04-02,98.76,15.63,P1:48:P3:52
N-32,2026-04-03,110.94,15.94,P1:48:P3:52
N-32,2026-04-04,100.78,16.2,P1:48:P3:52
N-32,2026-04-05,108.92,15.53,P1:48:P3:52
N-32,2026-04-06,112.3,15.8,P1:48:P3:52
N-32,2026-04-07,99.28,16.0,P1:48:P3:52
N-32,2026-04-08,111.62,15.81,P1:48:P3:52
N-32,2026-04-09,108.69,16.09,P1:48:P3:52
N-32,2026-04-10,108.31,15.94,P1:48:P3:52
N-32,2026-04-11,104.13,16.14,P1:48:P3:52
N-32,2026-04-12,112.31,16.37,P1:48:P3:52
N-32,2026-04-13,110.14,15.98,P1:48:P3:52
N-32,2026-04-14,107.1,15.35,P1:48:P3:52
N-32,2026-04-15,110.7,15.53,P1:48:P3:52
N-32,2026-04-16,108.73,15.93,P1:48:P3:52
N-32,2026-04-17,111.93,15.99,P1:48:P3:52
N-32,2026-04-18,111.62,15.92,P1:48:P3:52
N-32,2026-04-19,106.13,15.49,P1:48:P3:52
N-32,2026-04-20,105.35,15.7,P1:48:P3:52
N-32,2026-04-21,106.75,16.09,P1:48:P3:52
N-32,2026-04-22,103.3,16.74,P1:48:P3:52
N-32,2026-04-23,103.8,16.04,P1:48:P3:52
N-32,2026-04-24,106.33,15.65,P1:48:P3:52
N-32,2026-04-25,108.19,15.34,P1:48:P3:52
N-32,2026-04-26,106.36,15.52,P1:48:P3:52
N-32,2026-04-27,108.35,15.99,P1:48:P3:52
N-32,2026-04-28,112.61,16.24,P1:48:P3:52
N-32,2026-04-29,108.37,15.63,P1:48:P3:52
N-32,2026-04-30,111.85,15.95,P1:48:P3:52
N-32,2026-05-01,113.18,15.66,P1:48:P3:52
N-32,2026-05-02,109.55,16.16,P1:48:P3:52
N-32,2026-05-03,105.31,16.22,P1:48:P3:52
N-32,2026-05-04,121.4,16.2,P1:48:P3:52
N-32,2026-05-05,111.44,15.55,P1:48:P3:52
N-32,2026-05-06,102.69,15.96,P1:48:P3:52
N-32,2026-05-07,114.8,16.06,P1:48:P3:52
N-32,2026-05-08,109.44,15.92,P1:48:P3:52
N-32,2026-05-09,107.19,16.34,P1:48:P3:52
N-32,2026-05-10,109.73,16.17,P1:48:P3:52
N-32,2026-05-11,105.78,15.4,P1:48:P3:52
N-32,2026-05-12,104.02,16.01,P1:48:P3:52
N-32,2026-05-13,103.77,15.52,P1:48:P3:52
N-32,2026-05-14,107.99,15.48,P1:48:P3:52
N-32,2026-05-15,107.67,16.48,P1:48:P3:52
N-32,2026-05-16,105.52,15.52,P1:48:P3:52
N-32,2026-05-17,110.98,16.27,P1:48:P3:52
N-32,2026-05-18,110.03,16.15,P1:48:P3:52
N-32,2026-05-19,106.51,16.25,P1:48:P3:52
N-32,2026-05-20,113.26,15.52,P1:48:P3:52
N-32,2026-05-21,109.19,15.55,P1:48:P3:52
N-32,2026-05-22,111.06,16.16,P1:48:P3:52
N-32,2026-05-23,103.18,16.04,P1:48:P3:52
N-32,2026-05-24,107.63,15.76,P1:48:P3:52
N-32,2026-05-25,104.4,16.06,P1:48:P3:52
N-32,2026-05-26,111.74,15.82,P1:48:P3:52
N-32,2026-05-27,0.0,0.0,P1:48:P3:52
N-32,2026-05-28,110.79,15.92,P1:48:P3:52
N-32,2026-05-29,109.93,15.7,P1:48:P3:52
N-32,2026-05-30,112.42,16.05,P1:48:P3:52
N-32,2026-05-31,107.55,16.75,P1:48:P3:52
N-32,2026-06-01,103.96,15.78,P1:48:P3:52
N-32,2026-06-02,111.34,15.65,P1:48:P3:52
N-32,2026-06-03,108.74,16.15,P1:48:P3:52
N-32,2026-06-04,105.74,16.01,P1:48:P3:52
N-32,2026-06-05,107.26,15.69,P1:48:P3:52
N-32,2026-06-06,110.29,15.73,P1:48:P3:52
N-32,2026-06-07,98.19,16.05,P1:48:P3:52
N-32,2026-06-08,118.3,15.9,P1:48:P3:52
N-32,2026-06-09,112.77,16.6,P1:48:P3:52
N-32,2026-06-10,104.32,16.53,P1:48:P3:52
N-32,2026-06-11,103.53,15.93,P1:48:P3:52
N-32,2026-06-12,108.03,15.7,P1:48:P3:52
N-32,2026-06-13,108.16,16.41,P1:48:P3:52
N-32,2026-06-14,109.5,16.05,P1:48:P3:52
N-32,2026-06-15,104.62,16.24,P1:48:P3:52
N-32,2026-06-16,113.27,15.17,P1:48:P3:52
N-32,2026-06-17,113.26,16.16,P1:48:P3:52
N-32,2026-06-18,105.08,16.07,P1:48:P3:52
N-32,2026-06-19,110.79,15.85,P1:48:P3:52
N-32,2026-06-20,110.38,15.92,P1:48:P3:52
N-32,2026-06-21,108.32,16.04,P1:48:P3:52
N-32,2026-06-22,105.75,16.34,P1:48:P3:52
N-32,2026-06-23,111.39,16.31,P1:48:P3:52
N-32,2026-06-24,113.02,15.72,P1:48:P3:52
N-32,2026-06-25,101.17,16.02,P1:48:P3:52
N-32,2026-06-26,108.09,15.55,P1:48:P3:52
N-32,2026-06-27,119.52,15.8,P1:48:P3:52
N-32,2026-06-28,0.0,0.0,P1:48:P3:52
N-32,2026-06-29,112.07,16.01,P1:48:P3:52
N-32,2026-06-30,105.42,15.99,P1:48:P3:52
N-32,2026-07-01,115.38,16.16,P1:48:P3:52
N-32,2026-07-02,109.6,15.85,P1:48:P3:52
N-32,2026-07-03,111.52,16.66,P1:48:P3:52
N-32,2026-07-04,108.94,15.88,P1:48:P3:52
N-32,2026-07-05,105.42,15.63,P1:48:P3:52
N-32,2026-07-06,107.48,15.58,P1:48:P3:52
N-32,2026-07-07,109.3,15.62,P1:48:P3:52
N-32,2026-07-08,110.14,15.87,P1:48:P3:52
N-32,2026-07-09,111.19,15.99,P1:48:P3:52
N-32,2026-07-10,106.87,16.11,P1:48:P3:52
N-32,2026-07-11,115.12,15.92,P1:48:P3:52
N-32,2026-07-12,105.75,16.6,P1:48:P3:52
N-32,2026-07-13,111.26,15.73,P1:48:P3:52
N-32,2026-07-14,108.37,16.42,P1:48:P3:52
N-32,2026-07-15,111.43,15.75,P1:48:P3:52
N-32,2026-07-16,108.18,16.06,P1:48:P3:52
N-32,2026-07-17,109.03,16.1,P1:48:P3:52
N-32,2026-07-18,105.95,15.78,P1:48:P3:52
N-32,2026-07-19,107.02,16.22,P1:48:P3:52
N-32,2026-07-20,109.36,16.02,P1:48:P3:52
N-32,2026-07-21,108.44,16.07,P1:48:P3:52
N-32,2026-07-22,108.07,15.94,P1:48:P3:52
N-32,2026-07-23,113.25,15.5,P1:48:P3:52
N-32,2026-07-24,110.33,15.98,P1:48:P3:52
N-32,2026-07-25,106.59,15.67,P1:48:P3:52
N-32,2026-07-26,106.1,16.09,P1:48:P3:52
N-32,2026-07-27,110.86,15.44,P1:48:P3:52
N-32,2026-07-28,103.99,16.3,P1:48:P3:52
N-32,2026-07-29,105.7,15.59,P1:48:P3:52
N-32,2026-07-30,107.89,15.59,P1:48:P3:52
N-32,2026-07-31,104.19,15.72,P1:48:P3:52
N-32,2026-08-01,105.48,15.42,P1:48:P3:52
N-32,2026-08-02,105.18,16.34,P1:48:P3:52
N-32,2026-08-03,105.63,15.81,P1:48:P3:52
N-32,2026-08-04,105.11,16.07,P1:48:P3:52
N-32,2026-08-05,97.63,15.89,P1:48:P3:52
N-32,2026-08-06,110.44,15.84,P1:48:P3:52
N-32,2026-08-07,100.44,15.42,P1:48:P3:52
N-32,2026-08-08,107.83,16.34,P1:48:P3:52
N-32,2026-08-09,107.53,16.22,P1:48:P3:52
N-32,2026-08-10,113.35,15.54,P1:48:P3:52
N-32,2026-08-11,104.68,16.45,P1:48:P3:52
N-32,2026-08-12,100.83,16.06,P1:48:P3:52
N-32,2026-08-13,108.3,15.59,P1:48:P3:52
N-32,2026-08-14,110.04,16.26,P1:48:P3:52
N-32,2026-08-15,110.96,16.46,P1:48:P3:52
N-32,2026-08-16,105.78,15.72,P1:48:P3:52
N-32,2026-08-17,112.14,16.14,P1:48:P3:52
N-32,2026-08-18,116.16,15.76,P1:48:P3:52
N-32,2026-08-19,109.34,15.77,P1:48:P3:52
N-32,2026-08-20,110.12,16.12,P1:48:P3:52
N-32,2026-08-21,107.42,16.32,P1:48:P3:52
N-32,2026-08-22,112.31,15.73,P1:48:P3:52
N-32,2026-08-23,110.68,15.59,P1:48:P3:52
N-32,2026-08-24,107.48,15.17,P1:48:P3:52
N-32,2026-08-25,113.0,16.04,P1:48:P3:52
N-32,2026-08-26,106.59,15.82,P1:48:P3:52
N-32,2026-08-27,101.26,15.82,P1:48:P3:52
N-32,2026-08-28,110.37,15.32,P1:48:P3:52
N-32,2026-08-29,104.63,15.54,P1:48:P3:52
N-32,2026-08-30,111.05,15.76,P1:48:P3:52
N-32,2026-08-31,106.37,16.02,P1:48:P3:52
N-33,2025-09-01,177.51,10.31,P1:39:P2:32:P3:28
N-33,2025-09-02,171.84,10.18,P1:39:P2:32:P3:28
N-33,2025-09-03,169.82,10.95,P1:39:P2:32:P3:28
N-33,2025-09-04,165.95,10.37,P1:39:P2:32:P3:28
N-33,2025-09-05,182.79,10.99,P1:39:P2:32:P3:28
N-33,2025-09-06,0.0,0.0,P1:39:P2:32:P3:28
N-33,2025-09-07,173.93,10.13,P1:39:P2:32:P3:28
N-33,2025-09-08,167.44,10.57,P1:39:P2:32:P3:28
N-33,2025-09-09,162.59,10.75,P1:39:P2:32:P3:28
N-33,2025-09-10,162.39,10.36,P1:39:P2:32:P3:28
N-33,2025-09-11,165.84,10.58,P1:39:P2:32:P3:28
N-33,2025-09-12,163.59,10.74,P1:39:P2:32:P3:28
N-33,2025-09-13,160.06,10.92,P1:39:P2:32:P3:28
N-33,2025-09-14,166.98,10.95,P1:39:P2:32:P3:28
N-33,2025-09-15,173.13,10.6,P1:39:P2:32:P3:28
N-33,2025-09-16,162.37,10.36,P1:39:P2:32:P3:28
N-33,2025-09-17,161.89,10.41,P1:39:P2:32:P3:28
N-33,2025-09-18,168.15,10.78,P1:39:P2:32:P3:28
N-33,2025-09-19,163.36,10.75,P1:39:P2:32:P3:28
N-33,2025-09-20,163.58,10.98,P1:39:P2:32:P3:28
N-33,2025-09-21,167.97,11.27,P1:39:P2:32:P3:28
N-33,2025-09-22,154.66,10.76,P1:39:P2:32:P3:28
N-33,2025-09-23,169.44,10.62,P1:39:P2:32:P3:28
N-33,2025-09-24,160.73,10.91,P1:39:P2:32:P3:28
N-33,2025-09-25,192.38,10.47,P1:39:P2:32:P3:28
N-33,2025-09-26,152.43,10.85,P1:39:P2:32:P3:28
N-33,2025-09-27,164.79,10.24,P1:39:P2:32:P3:28
N-33,2025-09-28,170.32,10.6,P1:39:P2:32:P3:28
N-33,2025-09-29,173.53,10.55,P1:39:P2:32:P3:28
N-33,2025-09-30,161.27,10.4,P1:39:P2:32:P3:28
N-33,2025-10-01,174.08,10.68,P1:39:P2:32:P3:28
N-33,2025-10-02,168.08,10.56,P1:39:P2:32:P3:28
N-33,2025-10-03,167.19,11.18,P1:39:P2:32:P3:28
N-33,2025-10-04,159.63,10.6,P1:39:P2:32:P3:28
N-33,2025-10-05,151.98,10.78,P1:39:P2:32:P3:28
N-33,2025-10-06,169.73,11.32,P1:39:P2:32:P3:28
N-33,2025-10-07,163.08,10.76,P1:39:P2:32:P3:28
N-33,2025-10-08,168.91,10.58,P1:39:P2:32:P3:28
N-33,2025-10-09,164.37,10.48,P1:39:P2:32:P3:28
N-33,2025-10-10,185.93,11.11,P1:39:P2:32:P3:28
N-33,2025-10-11,0.0,0.0,P1:39:P2:32:P3:28
N-33,2025-10-12,163.78,10.64,P1:39:P2:32:P3:28
N-33,2025-10-13,165.88,10.28,P1:39:P2:32:P3:28
N-33,2025-10-14,173.91,10.56,P1:39:P2:32:P3:28
N-33,2025-10-15,175.88,10.99,P1:39:P2:32:P3:28
N-33,2025-10-16,151.38,10.46,P1:39:P2:32:P3:28
N-33,2025-10-17,168.64,10.54,P1:39:P2:32:P3:28
N-33,2025-10-18,158.4,10.4,P1:39:P2:32:P3:28
N-33,2025-10-19,167.86,10.46,P1:39:P2:32:P3:28
N-33,2025-10-20,163.48,10.21,P1:39:P2:32:P3:28
N-33,2025-10-21,158.94,11.11,P1:39:P2:32:P3:28
N-33,2025-10-22,166.47,10.73,P1:39:P2:32:P3:28
N-33,2025-10-23,168.85,10.35,P1:39:P2:32:P3:28
N-33,2025-10-24,168.93,10.7,P1:39:P2:32:P3:28
N-33,2025-10-25,165.34,10.61,P1:39:P2:32:P3:28
N-33,2025-10-26,166.09,10.68,P1:39:P2:32:P3:28
N-33,2025-10-27,168.71,11.02,P1:39:P2:32:P3:28
N-33,2025-10-28,167.61,10.33,P1:39:P2:32:P3:28
N-33,2025-10-29,156.71,10.56,P1:39:P2:32:P3:28
N-33,2025-10-30,151.06,10.8,P1:39:P2:32:P3:28
N-33,2025-10-31,178.55,10.87,P1:39:P2:32:P3:28
N-33,2025-11-01,163.3,10.89,P1:39:P2:32:P3:28
N-33,2025-11-02,172.22,11.21,P1:39:P2:32:P3:28
N-33,2025-11-03,161.9,10.78,P1:39:P2:32:P3:28
N-33,2025-11-04,165.77,10.17,P1:39:P2:32:P3:28
N-33,2025-11-05,168.64,10.5,P1:39:P2:32:P3:28
N-33,2025-11-06,165.0,10.55,P1:39:P2:32:P3:28
N-33,2025-11-07,174.58,10.72,P1:39:P2:32:P3:28
N-33,2025-11-08,158.8,10.7,P1:39:P2:32:P3:28
N-33,2025-11-09,167.26,10.59,P1:39:P2:32:P3:28
N-33,2025-11-10,172.19,10.33,P1:39:P2:32:P3:28
N-33,2025-11-11,163.73,10.04,P1:39:P2:32:P3:28
N-33,2025-11-12,172.73,10.92,P1:39:P2:32:P3:28
N-33,2025-11-13,168.86,10.4,P1:39:P2:32:P3:28
N-33,2025-11-14,164.89,10.39,P1:39:P2:32:P3:28
N-33,2025-11-15,166.68,10.63,P1:39:P2:32:P3:28
N-33,2025-11-16,177.27,10.93,P1:39:P2:32:P3:28
N-33,2025-11-17,171.86,10.84,P1:39:P2:32:P3:28
N-33,2025-11-18,169.65,10.7,P1:39:P2:32:P3:28
N-33,2025-11-19,171.21,10.45,P1:39:P2:32:P3:28
N-33,2025-11-20,168.04,10.39,P1:39:P2:32:P3:28
N-33,2025-11-21,159.48,10.94,P1:39:P2:32:P3:28
N-33,2025-11-22,164.11,10.49,P1:39:P2:32:P3:28
N-33,2025-11-23,162.7,10.91,P1:39:P2:32:P3:28
N-33,2025-11-24,0.0,0.0,P1:39:P2:32:P3:28
N-33,2025-11-25,165.63,10.66,P1:39:P2:32:P3:28
N-33,2025-11-26,156.98,10.32,P1:39:P2:32:P3:28
N-33,2025-11-27,162.06,10.68,P1:39:P2:32:P3:28
N-33,2025-11-28,177.44,10.95,P1:39:P2:32:P3:28
N-33,2025-11-29,174.12,9.73,P1:39:P2:32:P3:28
N-33,2025-11-30,166.01,10.59,P1:39:P2:32:P3:28
N-33,2025-12-01,176.54,10.91,P1:39:P2:32:P3:28
N-33,2025-12-02,173.64,10.85,P1:39:P2:32:P3:28
N-33,2025-12-03,161.39,10.54,P1:39:P2:32:P3:28
N-33,2025-12-04,166.35,10.83,P1:39:P2:32:P3:28
N-33,2025-12-05,166.05,10.65,P1:39:P2:32:P3:28
N-33,2025-12-06,177.98,11.34,P1:39:P2:32:P3:28
N-33,2025-12-07,159.9,10.85,P1:39:P2:32:P3:28
N-33,2025-12-08,157.61,10.83,P1:39:P2:32:P3:28
N-33,2025-12-09,158.33,10.85,P1:39:P2:32:P3:28
N-33,2025-12-10,171.9,10.87,P1:39:P2:32:P3:28
N-33,2025-12-11,161.18,10.8,P1:39:P2:32:P3:28
N-33,2025-12-12,172.29,10.61,P1:39:P2:32:P3:28
N-33,2025-12-13,162.7,10.46,P1:39:P2:32:P3:28
N-33,2025-12-14,164.3,10.41,P1:39:P2:32:P3:28
N-33,2025-12-15,167.66,10.74,P1:39:P2:32:P3:28
N-33,2025-12-16,156.82,10.87,P1:39:P2:32:P3:28
N-33,2025-12-17,164.33,10.49,P1:39:P2:32:P3:28
N-33,2025-12-18,168.36,10.83,P1:39:P2:32:P3:28
N-33,2025-12-19,169.4,11.16,P1:39:P2:32:P3:28
N-33,2025-12-20,177.12,11.11,P1:39:P2:32:P3:28
N-33,2025-12-21,159.66,10.62,P1:39:P2:32:P3:28
N-33,2025-12-22,167.03,10.87,P1:39:P2:32:P3:28
N-33,2025-12-23,160.6,10.44,P1:39:P2:32:P3:28
N-33,2025-12-24,159.63,10.3,P1:39:P2:32:P3:28
N-33,2025-12-25,168.32,11.13,P1:39:P2:32:P3:28
N-33,2025-12-26,160.71,10.54,P1:39:P2:32:P3:28
N-33,2025-12-27,156.61,10.34,P1:39:P2:32:P3:28
N-33,2025-12-28,169.28,10.79,P1:39:P2:32:P3:28
N-33,2025-12-29,161.06,10.61,P1:39:P2:32:P3:28
N-33,2025-12-30,158.91,10.57,P1:39:P2:32:P3:28
N-33,2025-12-31,168.37,10.21,P1:39:P2:32:P3:28
N-33,2026-01-01,168.11,10.46,P1:39:P2:32:P3:28
N-33,2026-01-02,167.47,10.57,P1:39:P2:32:P3:28
N-33,2026-01-03,161.3,10.66,P1:39:P2:32:P3:28
N-33,2026-01-04,155.53,10.3,P1:39:P2:32:P3:28
N-33,2026-01-05,169.52,10.72,P1:39:P2:32:P3:28
N-33,2026-01-06,173.07,11.12,P1:39:P2:32:P3:28
N-33,2026-01-07,170.49,10.94,P1:39:P2:32:P3:28
N-33,2026-01-08,162.41,10.49,P1:39:P2:32:P3:28
N-33,2026-01-09,160.91,10.59,P1:39:P2:32:P3:28
N-33,2026-01-10,158.81,10.56,P1:39:P2:32:P3:28
N-33,2026-01-11,162.72,10.61,P1:39:P2:32:P3:28
N-33,2026-01-12,164.14,10.69,P1:39:P2:32:P3:28
N-33,2026-01-13,152.28,10.42,P1:39:P2:32:P3:28
N-33,2026-01-14,163.18,10.69,P1:39:P2:32:P3:28
N-33,2026-01-15,174.42,10.85,P1:39:P2:32:P3:28
N-33,2026-01-16,178.23,10.6,P1:39:P2:32:P3:28
N-33,2026-01-17,157.5,10.7,P1:39:P2:32:P3:28
N-33,2026-01-18,162.09,10.49,P1:39:P2:32:P3:28
N-33,2026-01-19,165.39,11.26,P1:39:P2:32:P3:28
N-33,2026-01-20,171.04,10.71,P1:39:P2:32:P3:28
N-33,2026-01-21,163.05,10.94,P1:39:P2:32:P3:28
N-33,2026-01-22,165.44,11.42,P1:39:P2:32:P3:28
N-33,2026-01-23,155.57,10.33,P1:39:P2:32:P3:28
N-33,2026-01-24,171.21,11.1,P1:39:P2:32:P3:28
N-33,2026-01-25,163.49,11.17,P1:39:P2:32:P3:28
N-33,2026-01-26,170.2,10.88,P1:39:P2:32:P3:28
N-33,2026-01-27,165.75,11.17,P1:39:P2:32:P3:28
N-33,2026-01-28,168.87,10.58,P1:39:P2:32:P3:28
N-33,2026-01-29,174.63,10.85,P1:39:P2:32:P3:28
N-33,2026-01-30,157.64,10.69,P1:39:P2:32:P3:28
N-33,2026-01-31,167.1,10.77,P1:39:P2:32:P3:28
N-33,2026-02-01,175.5,10.57,P1:39:P2:32:P3:28
N-33,2026-02-02,162.14,10.62,P1:39:P2:32:P3:28
N-33,2026-02-03,175.4,10.83,P1:39:P2:32:P3:28
N-33,2026-02-04,168.36,10.38,P1:39:P2:32:P3:28
N-33,2026-02-05,159.06,11.11,P1:39:P2:32:P3:28
N-33,2026-02-06,156.16,11.0,P1:39:P2:32:P3:28
N-33,2026-02-07,164.17,10.5,P1:39:P2:32:P3:28
N-33,2026-02-08,169.16,10.5,P1:39:P2:32:P3:28
N-33,2026-02-09,160.1,10.72,P1:39:P2:32:P3:28
N-33,2026-02-10,171.37,11.04,P1:39:P2:32:P3:28
N-33,2026-02-11,167.7,10.23,P1:39:P2:32:P3:28
N-33,2026-02-12,165.18,11.02,P1:39:P2:32:P3:28
N-33,2026-02-13,165.73,10.47,P1:39:P2:32:P3:28
N-33,2026-02-14,172.73,10.55,P1:39:P2:32:P3:28
N-33,2026-02-15,175.4,10.68,P1:39:P2:32:P3:28
N-33,2026-02-16,164.59,10.9,P1:39:P2:32:P3:28
N-33,2026-02-17,177.8,10.65,P1:39:P2:32:P3:28
N-33,2026-02-18,162.23,10.64,P1:39:P2:32:P3:28
N-33,2026-02-19,167.66,10.82,P1:39:P2:32:P3:28
N-33,2026-02-20,164.58,10.03,P1:39:P2:32:P3:28
N-33,2026-02-21,163.96,10.65,P1:39:P2:32:P3:28
N-33,2026-02-22,172.23,11.11,P1:39:P2:32:P3:28
N-33,2026-02-23,164.5,10.08,P1:39:P2:32:P3:28
N-33,2026-02-24,180.0,10.76,P1:39:P2:32:P3:28
N-33,2026-02-25,164.35,10.91,P1:39:P2:32:P3:28
N-33,2026-02-26,161.57,11.53,P1:39:P2:32:P3:28
N-33,2026-02-27,174.29,11.01,P1:39:P2:32:P3:28
N-33,2026-02-28,173.6,10.31,P1:39:P2:32:P3:28
N-33,2026-03-01,172.81,10.57,P1:39:P2:32:P3:28
N-33,2026-03-02,162.95,10.72,P1:39:P2:32:P3:28
N-33,2026-03-03,175.78,10.57,P1:39:P2:32:P3:28
N-33,2026-03-04,180.09,10.63,P1:39:P2:32:P3:28
N-33,2026-03-05,179.11,11.15,P1:39:P2:32:P3:28
N-33,2026-03-06,160.34,10.64,P1:39:P2:32:P3:28
N-33,2026-03-07,166.91,10.5,P1:39:P2:32:P3:28
N-33,2026-03-08,163.34,10.83,P1:39:P2:32:P3:28
N-33,2026-03-09,168.49,10.75,P1:39:P2:32:P3:28
N-33,2026-03-10,174.27,10.44,P1:39:P2:32:P3:28
N-33,2026-03-11,170.29,10.41,P1:39:P2:32:P3:28
N-33,2026-03-12,167.02,10.69,P1:39:P2:32:P3:28
N-33,2026-03-13,0.0,0.0,P1:39:P2:32:P3:28
N-33,2026-03-14,179.47,11.0,P1:39:P2:32:P3:28
N-33,2026-03-15,168.78,10.3,P1:39:P2:32:P3:28
N-33,2026-03-16,163.6,10.42,P1:39:P2:32:P3:28
N-33,2026-03-17,174.15,11.14,P1:39:P2:32:P3:28
N-33,2026-03-18,160.9,10.58,P1:39:P2:32:P3:28
N-33,2026-03-19,0.0,0.0,P1:39:P2:32:P3:28
N-33,2026-03-20,160.54,10.59,P1:39:P2:32:P3:28
N-33,2026-03-21,177.08,10.22,P1:39:P2:32:P3:28
N-33,2026-03-22,161.58,10.01,P1:39:P2:32:P3:28
N-33,2026-03-23,182.67,10.67,P1:39:P2:32:P3:28
N-33,2026-03-24,164.04,10.57,P1:39:P2:32:P3:28
N-33,2026-03-25,166.87,10.31,P1:39:P2:32:P3:28
N-33,2026-03-26,179.19,10.52,P1:39:P2:32:P3:28
N-33,2026-03-27,172.84,10.68,P1:39:P2:32:P3:28
N-33,2026-03-28,162.5,10.46,P1:39:P2:32:P3:28
N-33,2026-03-29,159.78,10.72,P1:39:P2:32:P3:28
N-33,2026-03-30,0.0,0.0,P1:39:P2:32:P3:28
N-33,2026-03-31,172.3,10.79,P1:39:P2:32:P3:28
N-33,2026-04-01,168.07,10.75,P1:39:P2:32:P3:28
N-33,2026-04-02,173.38,10.67,P1:39:P2:32:P3:28
N-33,2026-04-03,172.26,10.28,P1:39:P2:32:P3:28
N-33,2026-04-04,162.12,10.47,P1:39:P2:32:P3:28
N-33,2026-04-05,0.0,0.0,P1:39:P2:32:P3:28
N-33,2026-04-06,169.05,10.99,P1:39:P2:32:P3:28
N-33,2026-04-07,171.49,10.98,P1:39:P2:32:P3:28
N-33,2026-04-08,165.9,9.94,P1:39:P2:32:P3:28
N-33,2026-04-09,166.27,11.02,P1:39:P2:32:P3:28
N-33,2026-04-10,181.02,10.82,P1:39:P2:32:P3:28
N-33,2026-04-11,166.45,10.89,P1:39:P2:32:P3:28
N-33,2026-04-12,179.86,10.83,P1:39:P2:32:P3:28
N-33,2026-04-13,161.5,10.87,P1:39:P2:32:P3:28
N-33,2026-04-14,169.71,10.4,P1:39:P2:32:P3:28
N-33,2026-04-15,169.92,10.51,P1:39:P2:32:P3:28
N-33,2026-04-16,169.73,10.7,P1:39:P2:32:P3:28
N-33,2026-04-17,176.67,10.52,P1:39:P2:32:P3:28
N-33,2026-04-18,158.65,10.1,P1:39:P2:32:P3:28
N-33,2026-04-19,160.94,10.56,P1:39:P2:32:P3:28
N-33,2026-04-20,167.06,10.45,P1:39:P2:32:P3:28
N-33,2026-04-21,159.55,10.76,P1:39:P2:32:P3:28
N-33,2026-04-22,170.44,10.65,P1:39:P2:32:P3:28
N-33,2026-04-23,164.54,10.64,P1:39:P2:32:P3:28
N-33,2026-04-24,161.38,10.64,P1:39:P2:32:P3:28
N-33,2026-04-25,167.66,10.25,P1:39:P2:32:P3:28
N-33,2026-04-26,157.43,10.75,P1:39:P2:32:P3:28
N-33,2026-04-27,168.42,11.09,P1:39:P2:32:P3:28
N-33,2026-04-28,162.85,11.04,P1:39:P2:32:P3:28
N-33,2026-04-29,168.5,10.88,P1:39:P2:32:P3:28
N-33,2026-04-30,174.45,10.09,P1:39:P2:32:P3:28
N-33,2026-05-01,176.65,11.01,P1:39:P2:32:P3:28
N-33,2026-05-02,168.43,10.86,P1:39:P2:32:P3:28
N-33,2026-05-03,175.46,10.49,P1:39:P2:32:P3:28
N-33,2026-05-04,170.38,10.71,P1:39:P2:32:P3:28
N-33,2026-05-05,159.82,10.67,P1:39:P2:32:P3:28
N-33,2026-05-06,158.24,10.59,P1:39:P2:32:P3:28
N-33,2026-05-07,169.12,10.31,P1:39:P2:32:P3:28
N-33,2026-05-08,162.9,10.99,P1:39:P2:32:P3:28
N-33,2026-05-09,165.49,11.05,P1:39:P2:32:P3:28
N-33,2026-05-10,171.06,10.36,P1:39:P2:32:P3:28
N-33,2026-05-11,151.8,10.72,P1:39:P2:32:P3:28
N-33,2026-05-12,172.96,10.8,P1:39:P2:32:P3:28
N-33,2026-05-13,157.59,11.08,P1:39:P2:32:P3:28
N-33,2026-05-14,170.24,10.78,P1:39:P2:32:P3:28
N-33,2026-05-15,161.7,10.43,P1:39:P2:32:P3:28
N-33,2026-05-16,160.26,10.36,P1:39:P2:32:P3:28
N-33,2026-05-17,175.74,10.78,P1:39:P2:32:P3:28
N-33,2026-05-18,170.6,11.02,P1:39:P2:32:P3:28
N-33,2026-05-19,165.95,11.09,P1:39:P2:32:P3:28
N-33,2026-05-20,157.94,10.06,P1:39:P2:32:P3:28
N-33,2026-05-21,173.49,11.04,P1:39:P2:32:P3:28
N-33,2026-05-22,172.88,10.5,P1:39:P2:32:P3:28
N-33,2026-05-23,159.02,10.25,P1:39:P2:32:P3:28
N-33,2026-05-24,177.01,10.69,P1:39:P2:32:P3:28
N-33,2026-05-25,164.69,10.89,P1:39:P2:32:P3:28
N-33,2026-05-26,168.87,10.46,P1:39:P2:32:P3:28
N-33,2026-05-27,158.47,10.6,P1:39:P2:32:P3:28
N-33,2026-05-28,166.19,10.51,P1:39:P2:32:P3:28
N-33,2026-05-29,176.49,10.69,P1:39:P2:32:P3:28
N-33,2026-05-30,168.54,10.92,P1:39:P2:32:P3:28
N-33,2026-05-31,170.73,10.61,P1:39:P2:32:P3:28
N-33,2026-06-01,173.94,10.83,P1:39:P2:32:P3:28
N-33,2026-06-02,169.03,10.98,P1:39:P2:32:P3:28
N-33,2026-06-03,176.26,10.81,P1:39:P2:32:P3:28
N-33,2026-06-04,160.93,10.87,P1:39:P2:32:P3:28
N-33,2026-06-05,168.73,10.91,P1:39:P2:32:P3:28
N-33,2026-06-06,169.06,10.54,P1:39:P2:32:P3:28
N-33,2026-06-07,174.33,10.81,P1:39:P2:32:P3:28
N-33,2026-06-08,175.46,11.13,P1:39:P2:32:P3:28
N-33,2026-06-09,177.26,11.13,P1:39:P2:32:P3:28
N-33,2026-06-10,179.43,10.77,P1:39:P2:32:P3:28
N-33,2026-06-11,165.39,10.02,P1:39:P2:32:P3:28
N-33,2026-06-12,176.96,10.72,P1:39:P2:32:P3:28
N-33,2026-06-13,173.82,10.88,P1:39:P2:32:P3:28
N-33,2026-06-14,171.34,11.31,P1:39:P2:32:P3:28
N-33,2026-06-15,167.09,10.94,P1:39:P2:32:P3:28
N-33,2026-06-16,160.75,10.83,P1:39:P2:32:P3:28
N-33,2026-06-17,157.93,10.36,P1:39:P2:32:P3:28
N-33,2026-06-18,166.79,10.74,P1:39:P2:32:P3:28
N-33,2026-06-19,161.53,10.82,P1:39:P2:32:P3:28
N-33,2026-06-20,168.22,10.58,P1:39:P2:32:P3:28
N-33,2026-06-21,169.67,10.79,P1:39:P2:32:P3:28
N-33,2026-06-22,158.66,10.65,P1:39:P2:32:P3:28
N-33,2026-06-23,168.91,10.89,P1:39:P2:32:P3:28
N-33,2026-06-24,169.76,10.67,P1:39:P2:32:P3:28
N-33,2026-06-25,182.09,11.0,P1:39:P2:32:P3:28
N-33,2026-06-26,173.15,10.77,P1:39:P2:32:P3:28
N-33,2026-06-27,163.51,10.93,P1:39:P2:32:P3:28
N-33,2026-06-28,173.13,10.49,P1:39:P2:32:P3:28
N-33,2026-06-29,163.82,10.77,P1:39:P2:32:P3:28
N-33,2026-06-30,163.31,10.19,P1:39:P2:32:P3:28
N-33,2026-07-01,159.44,10.79,P1:39:P2:32:P3:28
N-33,2026-07-02,161.35,10.33,P1:39:P2:32:P3:28
N-33,2026-07-03,166.86,10.95,P1:39:P2:32:P3:28
N-33,2026-07-04,163.21,10.56,P1:39:P2:32:P3:28
N-33,2026-07-05,172.94,10.44,P1:39:P2:32:P3:28
N-33,2026-07-06,164.81,10.89,P1:39:P2:32:P3:28
N-33,2026-07-07,161.57,10.35,P1:39:P2:32:P3:28
N-33,2026-07-08,170.11,11.13,P1:39:P2:32:P3:28
N-33,2026-07-09,170.81,10.75,P1:39:P2:32:P3:28
N-33,2026-07-10,165.65,10.38,P1:39:P2:32:P3:28
N-33,2026-07-11,168.27,10.56,P1:39:P2:32:P3:28
N-33,2026-07-12,164.18,11.03,P1:39:P2:32:P3:28
N-33,2026-07-13,156.57,10.36,P1:39:P2:32:P3:28
N-33,2026-07-14,166.89,10.43,P1:39:P2:32:P3:28
N-33,2026-07-15,154.22,10.32,P1:39:P2:32:P3:28
N-33,2026-07-16,158.14,10.68,P1:39:P2:32:P3:28
N-33,2026-07-17,169.5,11.04,P1:39:P2:32:P3:28
N-33,2026-07-18,182.77,10.71,P1:39:P2:32:P3:28
N-33,2026-07-19,152.49,10.3,P1:39:P2:32:P3:28
N-33,2026-07-20,163.17,10.72,P1:39:P2:32:P3:28
N-33,2026-07-21,161.84,10.93,P1:39:P2:32:P3:28
N-33,2026-07-22,162.34,10.57,P1:39:P2:32:P3:28
N-33,2026-07-23,171.02,10.5,P1:39:P2:32:P3:28
N-33,2026-07-24,163.27,11.06,P1:39:P2:32:P3:28
N-33,2026-07-25,163.99,10.71,P1:39:P2:32:P3:28
N-33,2026-07-26,159.3,10.64,P1:39:P2:32:P3:28
N-33,2026-07-27,166.44,10.25,P1:39:P2:32:P3:28
N-33,2026-07-28,158.7,10.86,P1:39:P2:32:P3:28
N-33,2026-07-29,168.74,10.88,P1:39:P2:32:P3:28
N-33,2026-07-30,161.53,10.48,P1:39:P2:32:P3:28
N-33,2026-07-31,173.56,10.74,P1:39:P2:32:P3:28
N-33,2026-08-01,169.94,10.68,P1:39:P2:32:P3:28
N-33,2026-08-02,162.77,10.55,P1:39:P2:32:P3:28
N-33,2026-08-03,181.28,10.85,P1:39:P2:32:P3:28
N-33,2026-08-04,157.9,10.32,P1:39:P2:32:P3:28
N-33,2026-08-05,0.0,0.0,P1:39:P2:32:P3:28
N-33,2026-08-06,166.97,11.14,P1:39:P2:32:P3:28
N-33,2026-08-07,173.78,10.79,P1:39:P2:32:P3:28
N-33,2026-08-08,151.65,11.6,P1:39:P2:32:P3:28
N-33,2026-08-09,169.15,10.09,P1:39:P2:32:P3:28
N-33,2026-08-10,0.0,0.0,P1:39:P2:32:P3:28
N-33,2026-08-11,163.68,10.59,P1:39:P2:32:P3:28
N-33,2026-08-12,166.36,11.03,P1:39:P2:32:P3:28
N-33,2026-08-13,159.02,10.58,P1:39:P2:32:P3:28
N-33,2026-08-14,169.76,10.4,P1:39:P2:32:P3:28
N-33,2026-08-15,173.95,10.63,P1:39:P2:32:P3:28
N-33,2026-08-16,176.64,10.76,P1:39:P2:32:P3:28
N-33,2026-08-17,164.25,10.43,P1:39:P2:32:P3:28
N-33,2026-08-18,159.51,10.46,P1:39:P2:32:P3:28
N-33,2026-08-19,169.46,10.78,P1:39:P2:32:P3:28
N-33,2026-08-20,169.51,11.33,P1:39:P2:32:P3:28
N-33,2026-08-21,167.5,10.61,P1:39:P2:32:P3:28
N-33,2026-08-22,162.06,10.35,P1:39:P2:32:P3:28
N-33,2026-08-23,155.98,10.86,P1:39:P2:32:P3:28
N-33,2026-08-24,168.49,10.35,P1:39:P2:32:P3:28
N-33,2026-08-25,174.56,10.4,P1:39:P2:32:P3:28
N-33,2026-08-26,162.55,10.91,P1:39:P2:32:P3:28
N-33,2026-08-27,169.33,10.14,P1:39:P2:32:P3:28
N-33,2026-08-28,173.14,10.83,P1:39:P2:32:P3:28
N-33,2026-08-29,175.25,10.76,P1:39:P2:32:P3:28
N-33,2026-08-30,175.82,10.97,P1:39:P2:32:P3:28
N-33,2026-08-31,162.19,11.15,P1:39:P2:32:P3:28
N-34,2025-09-01,163.37,8.54,P3:50:P1:17:P2:32
N-34,2025-09-02,161.1,8.54,P3:50:P1:17:P2:32
N-34,2025-09-03,156.2,8.31,P3:50:P1:17:P2:32
N-34,2025-09-04,167.01,8.55,P3:50:P1:17:P2:32
N-34,2025-09-05,160.81,8.18,P3:50:P1:17:P2:32
N-34,2025-09-06,166.4,8.92,P3:50:P1:17:P2:32
N-34,2025-09-07,152.77,8.8,P3:50:P1:17:P2:32
N-34,2025-09-08,162.54,8.48,P3:50:P1:17:P2:32
N-34,2025-09-09,158.09,8.42,P3:50:P1:17:P2:32
N-34,2025-09-10,172.55,8.21,P3:50:P1:17:P2:32
N-34,2025-09-11,169.82,8.6,P3:50:P1:17:P2:32
N-34,2025-09-12,156.26,8.46,P3:50:P1:17:P2:32
N-34,2025-09-13,160.91,8.52,P3:50:P1:17:P2:32
N-34,2025-09-14,159.8,8.85,P3:50:P1:17:P2:32
N-34,2025-09-15,159.3,8.28,P3:50:P1:17:P2:32
N-34,2025-09-16,166.15,8.04,P3:50:P1:17:P2:32
N-34,2025-09-17,158.61,8.42,P3:50:P1:17:P2:32
N-34,2025-09-18,156.64,8.64,P3:50:P1:17:P2:32
N-34,2025-09-19,166.4,8.54,P3:50:P1:17:P2:32
N-34,2025-09-20,160.49,8.9,P3:50:P1:17:P2:32
N-34,2025-09-21,165.51,8.23,P3:50:P1:17:P2:32
N-34,2025-09-22,157.48,8.46,P3:50:P1:17:P2:32
N-34,2025-09-23,155.19,8.29,P3:50:P1:17:P2:32
N-34,2025-09-24,157.36,8.41,P3:50:P1:17:P2:32
N-34,2025-09-25,164.59,8.07,P3:50:P1:17:P2:32
N-34,2025-09-26,163.66,8.97,P3:50:P1:17:P2:32
N-34,2025-09-27,164.21,7.96,P3:50:P1:17:P2:32
N-34,2025-09-28,159.09,8.28,P3:50:P1:17:P2:32
N-34,2025-09-29,161.92,8.66,P3:50:P1:17:P2:32
N-34,2025-09-30,161.16,8.43,P3:50:P1:17:P2:32
N-34,2025-10-01,162.73,8.17,P3:50:P1:17:P2:32
N-34,2025-10-02,161.64,8.21,P3:50:P1:17:P2:32
N-34,2025-10-03,170.52,8.52,P3:50:P1:17:P2:32
N-34,2025-10-04,168.47,7.86,P3:50:P1:17:P2:32
N-34,2025-10-05,158.04,8.8,P3:50:P1:17:P2:32
N-34,2025-10-06,168.79,7.83,P3:50:P1:17:P2:32
N-34,2025-10-07,170.5,8.02,P3:50:P1:17:P2:32
N-34,2025-10-08,161.75,8.03,P3:50:P1:17:P2:32
N-34,2025-10-09,148.27,8.63,P3:50:P1:17:P2:32
N-34,2025-10-10,171.23,8.38,P3:50:P1:17:P2:32
N-34,2025-10-11,155.55,8.94,P3:50:P1:17:P2:32
N-34,2025-10-12,150.13,8.58,P3:50:P1:17:P2:32
N-34,2025-10-13,163.41,8.65,P3:50:P1:17:P2:32
N-34,2025-10-14,174.42,8.11,P3:50:P1:17:P2:32
N-34,2025-10-15,175.92,8.47,P3:50:P1:17:P2:32
N-34,2025-10-16,153.89,8.83,P3:50:P1:17:P2:32
N-34,2025-10-17,164.48,8.52,P3:50:P1:17:P2:32
N-34,2025-10-18,151.03,9.1,P3:50:P1:17:P2:32
N-34,2025-10-19,156.5,8.23,P3:50:P1:17:P2:32
N-34,2025-10-20,166.44,8.94,P3:50:P1:17:P2:32
N-34,2025-10-21,169.02,8.07,P3:50:P1:17:P2:32
N-34,2025-10-22,176.34,8.42,P3:50:P1:17:P2:32
N-34,2025-10-23,162.6,7.76,P3:50:P1:17:P2:32
N-34,2025-10-24,166.58,8.44,P3:50:P1:17:P2:32
N-34,2025-10-25,150.64,8.72,P3:50:P1:17:P2:32
N-34,2025-10-26,156.01,8.21,P3:50:P1:17:P2:32
N-34,2025-10-27,162.41,8.65,P3:50:P1:17:P2:32
N-34,2025-10-28,154.37,8.49,P3:50:P1:17:P2:32
N-34,2025-10-29,155.18,8.69,P3:50:P1:17:P2:32
N-34,2025-10-30,155.55,8.51,P3:50:P1:17:P2:32
N-34,2025-10-31,160.3,8.5,P3:50:P1:17:P2:32
N-34,2025-11-01,159.85,8.08,P3:50:P1:17:P2:32
N-34,2025-11-02,166.07,8.21,P3:50:P1:17:P2:32
N-34,2025-11-03,148.84,8.43,P3:50:P1:17:P2:32
N-34,2025-11-04,161.8,8.26,P3:50:P1:17:P2:32
N-34,2025-11-05,168.41,8.61,P3:50:P1:17:P2:32
N-34,2025-11-06,158.08,8.99,P3:50:P1:17:P2:32
N-34,2025-11-07,156.87,8.93,P3:50:P1:17:P2:32
N-34,2025-11-08,170.18,8.46,P3:50:P1:17:P2:32
N-34,2025-11-09,166.23,8.59,P3:50:P1:17:P2:32
N-34,2025-11-10,170.75,8.63,P3:50:P1:17:P2:32
N-34,2025-11-11,166.8,8.68,P3:50:P1:17:P2:32
N-34,2025-11-12,173.34,8.74,P3:50:P1:17:P2:32
N-34,2025-11-13,159.45,8.71,P3:50:P1:17:P2:32
N-34,2025-11-14,155.12,8.71,P3:50:P1:17:P2:32
N-34,2025-11-15,156.59,8.77,P3:50:P1:17:P2:32
N-34,2025-11-16,156.83,8.2,P3:50:P1:17:P2:32
N-34,2025-11-17,153.36,8.46,P3:50:P1:17:P2:32
N-34,2025-11-18,149.72,8.22,P3:50:P1:17:P2:32
N-34,2025-11-19,162.28,8.43,P3:50:P1:17:P2:32
N-34,2025-11-20,160.46,8.03,P3:50:P1:17:P2:32
N-34,2025-11-21,164.78,8.58,P3:50:P1:17:P2:32
N-34,2025-11-22,168.63,8.22,P3:50:P1:17:P2:32
N-34,2025-11-23,169.41,8.52,P3:50:P1:17:P2:32
N-34,2025-11-24,164.68,9.16,P3:50:P1:17:P2:32
N-34,2025-11-25,162.66,8.29,P3:50:P1:17:P2:32
N-34,2025-11-26,172.31,8.61,P3:50:P1:17:P2:32
N-34,2025-11-27,165.01,8.66,P3:50:P1:17:P2:32
N-34,2025-11-28,160.36,7.77,P3:50:P1:17:P2:32
N-34,2025-11-29,152.31,8.53,P3:50:P1:17:P2:32
N-34,2025-11-30,155.77,8.33,P3:50:P1:17:P2:32
N-34,2025-12-01,171.91,8.4,P3:50:P1:17:P2:32
N-34,2025-12-02,165.02,8.02,P3:50:P1:17:P2:32
N-34,2025-12-03,0.0,0.0,P3:50:P1:17:P2:32
N-34,2025-12-04,150.81,9.21,P3:50:P1:17:P2:32
N-34,2025-12-05,149.84,8.47,P3:50:P1:17:P2:32
N-34,2025-12-06,166.87,8.53,P3:50:P1:17:P2:32
N-34,2025-12-07,160.54,8.28,P3:50:P1:17:P2:32
N-34,2025-12-08,155.08,8.78,P3:50:P1:17:P2:32
N-34,2025-12-09,158.8,8.35,P3:50:P1:17:P2:32
N-34,2025-12-10,160.13,8.5,P3:50:P1:17:P2:32
N-34,2025-12-11,167.88,8.66,P3:50:P1:17:P2:32
N-34,2025-12-12,162.36,8.21,P3:50:P1:17:P2:32
N-34,2025-12-13,174.66,8.91,P3:50:P1:17:P2:32
N-34,2025-12-14,159.79,8.08,P3:50:P1:17:P2:32
N-34,2025-12-15,163.4,8.15,P3:50:P1:17:P2:32
N-34,2025-12-16,165.15,8.41,P3:50:P1:17:P2:32
N-34,2025-12-17,158.0,8.35,P3:50:P1:17:P2:32
N-34,2025-12-18,162.84,8.5,P3:50:P1:17:P2:32
N-34,2025-12-19,164.63,8.5,P3:50:P1:17:P2:32
N-34,2025-12-20,156.15,7.92,P3:50:P1:17:P2:32
N-34,2025-12-21,154.05,8.47,P3:50:P1:17:P2:32
N-34,2025-12-22,172.49,8.51,P3:50:P1:17:P2:32
N-34,2025-12-23,160.85,8.77,P3:50:P1:17:P2:32
N-34,2025-12-24,153.97,8.45,P3:50:P1:17:P2:32
N-34,2025-12-25,166.54,8.29,P3:50:P1:17:P2:32
N-34,2025-12-26,162.51,8.37,P3:50:P1:17:P2:32
N-34,2025-12-27,154.68,8.47,P3:50:P1:17:P2:32
N-34,2025-12-28,160.56,8.4,P3:50:P1:17:P2:32
N-34,2025-12-29,155.09,8.46,P3:50:P1:17:P2:32
N-34,2025-12-30,165.78,8.88,P3:50:P1:17:P2:32
N-34,2025-12-31,162.85,9.03,P3:50:P1:17:P2:32
N-34,2026-01-01,150.02,8.73,P3:50:P1:17:P2:32
N-34,2026-01-02,165.95,8.54,P3:50:P1:17:P2:32
N-34,2026-01-03,159.04,8.46,P3:50:P1:17:P2:32
N-34,2026-01-04,171.33,8.23,P3:50:P1:17:P2:32
N-34,2026-01-05,170.32,8.47,P3:50:P1:17:P2:32
N-34,2026-01-06,164.38,8.95,P3:50:P1:17:P2:32
N-34,2026-01-07,151.38,8.72,P3:50:P1:17:P2:32
N-34,2026-01-08,161.92,8.04,P3:50:P1:17:P2:32
N-34,2026-01-09,160.93,8.25,P3:50:P1:17:P2:32
N-34,2026-01-10,166.87,8.03,P3:50:P1:17:P2:32
N-34,2026-01-11,161.59,8.54,P3:50:P1:17:P2:32
N-34,2026-01-12,160.95,8.48,P3:50:P1:17:P2:32
N-34,2026-01-13,164.41,8.3,P3:50:P1:17:P2:32
N-34,2026-01-14,164.85,8.26,P3:50:P1:17:P2:32
N-34,2026-01-15,155.36,8.33,P3:50:P1:17:P2:32
N-34,2026-01-16,162.75,8.38,P3:50:P1:17:P2:32
N-34,2026-01-17,162.41,8.55,P3:50:P1:17:P2:32
N-34,2026-01-18,165.08,9.01,P3:50:P1:17:P2:32
N-34,2026-01-19,156.87,8.86,P3:50:P1:17:P2:32
N-34,2026-01-20,163.28,8.35,P3:50:P1:17:P2:32
N-34,2026-01-21,147.64,8.46,P3:50:P1:17:P2:32
N-34,2026-01-22,157.58,8.67,P3:50:P1:17:P2:32
N-34,2026-01-23,165.35,8.6,P3:50:P1:17:P2:32
N-34,2026-01-24,175.86,9.02,P3:50:P1:17:P2:32
N-34,2026-01-25,169.59,8.43,P3:50:P1:17:P2:32
N-34,2026-01-26,163.32,8.39,P3:50:P1:17:P2:32
N-34,2026-01-27,161.77,8.63,P3:50:P1:17:P2:32
N-34,2026-01-28,162.85,8.63,P3:50:P1:17:P2:32
N-34,2026-01-29,150.67,8.43,P3:50:P1:17:P2:32
N-34,2026-01-30,171.1,8.8,P3:50:P1:17:P2:32
N-34,2026-01-31,158.75,8.13,P3:50:P1:17:P2:32
N-34,2026-02-01,172.29,8.82,P3:50:P1:17:P2:32
N-34,2026-02-02,168.57,7.93,P3:50:P1:17:P2:32
N-34,2026-02-03,156.48,8.12,P3:50:P1:17:P2:32
N-34,2026-02-04,170.5,8.76,P3:50:P1:17:P2:32
N-34,2026-02-05,159.85,8.68,P3:50:P1:17:P2:32
N-34,2026-02-06,155.43,8.08,P3:50:P1:17:P2:32
N-34,2026-02-07,163.43,8.75,P3:50:P1:17:P2:32
N-34,2026-02-08,161.37,8.82,P3:50:P1:17:P2:32
N-34,2026-02-09,0.0,0.0,P3:50:P1:17:P2:32
N-34,2026-02-10,152.94,8.67,P3:50:P1:17:P2:32
N-34,2026-02-11,157.71,8.52,P3:50:P1:17:P2:32
N-34,2026-02-12,156.32,8.44,P3:50:P1:17:P2:32
N-34,2026-02-13,163.07,8.44,P3:50:P1:17:P2:32
N-34,2026-02-14,164.22,8.27,P3:50:P1:17:P2:32
N-34,2026-02-15,178.82,8.46,P3:50:P1:17:P2:32
N-34,2026-02-16,171.3,8.54,P3:50:P1:17:P2:32
N-34,2026-02-17,163.76,8.42,P3:50:P1:17:P2:32
N-34,2026-02-18,165.16,7.89,P3:50:P1:17:P2:32
N-34,2026-02-19,172.73,8.63,P3:50:P1:17:P2:32
N-34,2026-02-20,167.71,9.17,P3:50:P1:17:P2:32
N-34,2026-02-21,157.76,8.38,P3:50:P1:17:P2:32
N-34,2026-02-22,172.43,8.44,P3:50:P1:17:P2:32
N-34,2026-02-23,167.08,8.06,P3:50:P1:17:P2:32
N-34,2026-02-24,154.76,8.45,P3:50:P1:17:P2:32
N-34,2026-02-25,169.98,8.48,P3:50:P1:17:P2:32
N-34,2026-02-26,158.65,8.12,P3:50:P1:17:P2:32
N-34,2026-02-27,161.71,8.55,P3:50:P1:17:P2:32
N-34,2026-02-28,144.7,8.13,P3:50:P1:17:P2:32
N-34,2026-03-01,161.82,8.41,P3:50:P1:17:P2:32
N-34,2026-03-02,158.59,8.15,P3:50:P1:17:P2:32
N-34,2026-03-03,145.59,8.53,P3:50:P1:17:P2:32
N-34,2026-03-04,157.55,8.12,P3:50:P1:17:P2:32
N-34,2026-03-05,166.74,8.55,P3:50:P1:17:P2:32
N-34,2026-03-06,164.22,8.6,P3:50:P1:17:P2:32
N-34,2026-03-07,154.83,9.09,P3:50:P1:17:P2:32
N-34,2026-03-08,153.87,8.34,P3:50:P1:17:P2:32
N-34,2026-03-09,161.8,8.26,P3:50:P1:17:P2:32
N-34,2026-03-10,158.63,8.46,P3:50:P1:17:P2:32
N-34,2026-03-11,156.59,8.5,P3:50:P1:17:P2:32
N-34,2026-03-12,171.18,8.25,P3:50:P1:17:P2:32
N-34,2026-03-13,166.34,8.55,P3:50:P1:17:P2:32
N-34,2026-03-14,161.76,8.52,P3:50:P1:17:P2:32
N-34,2026-03-15,167.81,8.31,P3:50:P1:17:P2:32
N-34,2026-03-16,161.39,8.99,P3:50:P1:17:P2:32
N-34,2026-03-17,168.15,8.48,P3:50:P1:17:P2:32
N-34,2026-03-18,154.72,8.18,P3:50:P1:17:P2:32
N-34,2026-03-19,168.94,8.48,P3:50:P1:17:P2:32
N-34,2026-03-20,169.16,7.96,P3:50:P1:17:P2:32
N-34,2026-03-21,142.02,7.83,P3:50:P1:17:P2:32
N-34,2026-03-22,173.16,8.69,P3:50:P1:17:P2:32
N-34,2026-03-23,174.27,7.93,P3:50:P1:17:P2:32
N-34,2026-03-24,0.0,0.0,P3:50:P1:17:P2:32
N-34,2026-03-25,168.19,8.4,P3:50:P1:17:P2:32
N-34,2026-03-26,160.01,8.19,P3:50:P1:17:P2:32
N-34,2026-03-27,166.33,9.56,P3:50:P1:17:P2:32
N-34,2026-03-28,167.81,8.77,P3:50:P1:17:P2:32
N-34,2026-03-29,170.84,8.48,P3:50:P1:17:P2:32
N-34,2026-03-30,157.62,8.54,P3:50:P1:17:P2:32
N-34,2026-03-31,158.86,8.47,P3:50:P1:17:P2:32
N-34,2026-04-01,168.21,8.56,P3:50:P1:17:P2:32
N-34,2026-04-02,149.12,8.41,P3:50:P1:17:P2:32
N-34,2026-04-03,164.34,9.04,P3:50:P1:17:P2:32
N-34,2026-04-04,167.4,8.23,P3:50:P1:17:P2:32
N-34,2026-04-05,170.79,8.16,P3:50:P1:17:P2:32
N-34,2026-04-06,160.1,8.74,P3:50:P1:17:P2:32
N-34,2026-04-07,157.48,8.25,P3:50:P1:17:P2:32
N-34,2026-04-08,162.57,8.09,P3:50:P1:17:P2:32
N-34,2026-04-09,164.4,8.2,P3:50:P1:17:P2:32
N-34,2026-04-10,158.24,8.32,P3:50:P1:17:P2:32
N-34,2026-04-11,165.93,8.49,P3:50:P1:17:P2:32
N-34,2026-04-12,169.2,8.21,P3:50:P1:17:P2:32
N-34,2026-04-13,162.32,8.54,P3:50:P1:17:P2:32
N-34,2026-04-14,170.49,8.16,P3:50:P1:17:P2:32
N-34,2026-04-15,165.34,8.48,P3:50:P1:17:P2:32
N-34,2026-04-16,173.35,8.73,P3:50:P1:17:P2:32
N-34,2026-04-17,177.45,8.22,P3:50:P1:17:P2:32
N-34,2026-04-18,161.67,8.16,P3:50:P1:17:P2:32
N-34,2026-04-19,174.11,8.22,P3:50:P1:17:P2:32
N-34,2026-04-20,160.02,8.46,P3:50:P1:17:P2:32
N-34,2026-04-21,154.75,8.65,P3:50:P1:17:P2:32
N-34,2026-04-22,167.49,8.25,P3:50:P1:17:P2:32
N-34,2026-04-23,153.59,8.71,P3:50:P1:17:P2:32
N-34,2026-04-24,167.62,8.76,P3:50:P1:17:P2:32
N-34,2026-04-25,161.35,8.35,P3:50:P1:17:P2:32
N-34,2026-04-26,169.71,8.12,P3:50:P1:17:P2:32
N-34,2026-04-27,0.0,0.0,P3:50:P1:17:P2:32
N-34,2026-04-28,166.67,8.65,P3:50:P1:17:P2:32
N-34,2026-04-29,160.67,8.81,P3:50:P1:17:P2:32
N-34,2026-04-30,174.64,8.49,P3:50:P1:17:P2:32
N-34,2026-05-01,172.16,8.5,P3:50:P1:17:P2:32
N-34,2026-05-02,165.58,8.87,P3:50:P1:17:P2:32
N-34,2026-05-03,166.31,8.23,P3:50:P1:17:P2:32
N-34,2026-05-04,159.96,8.49,P3:50:P1:17:P2:32
N-34,2026-05-05,162.37,8.0,P3:50:P1:17:P2:32
N-34,2026-05-06,158.11,8.17,P3:50:P1:17:P2:32
N-34,2026-05-07,161.26,9.11,P3:50:P1:17:P2:32
N-34,2026-05-08,158.13,8.2,P3:50:P1:17:P2:32
N-34,2026-05-09,167.19,8.94,P3:50:P1:17:P2:32
N-34,2026-05-10,157.23,8.36,P3:50:P1:17:P2:32
N-34,2026-05-11,159.42,8.24,P3:50:P1:17:P2:32
N-34,2026-05-12,165.63,8.26,P3:50:P1:17:P2:32
N-34,2026-05-13,169.97,8.22,P3:50:P1:17:P2:32
N-34,2026-05-14,167.02,8.65,P3:50:P1:17:P2:32
N-34,2026-05-15,162.89,8.68,P3:50:P1:17:P2:32
N-34,2026-05-16,165.34,8.42,P3:50:P1:17:P2:32
N-34,2026-05-17,166.59,8.71,P3:50:P1:17:P2:32
N-34,2026-05-18,172.76,8.86,P3:50:P1:17:P2:32
N-34,2026-05-19,169.82,8.78,P3:50:P1:17:P2:32
N-34,2026-05-20,167.8,8.6,P3:50:P1:17:P2:32
N-34,2026-05-21,160.31,8.41,P3:50:P1:17:P2:32
N-34,2026-05-22,173.55,8.32,P3:50:P1:17:P2:32
N-34,2026-05-23,167.11,8.66,P3:50:P1:17:P2:32
N-34,2026-05-24,167.8,8.29,P3:50:P1:17:P2:32
N-34,2026-05-25,170.63,8.12,P3:50:P1:17:P2:32
N-34,2026-05-26,164.66,8.36,P3:50:P1:17:P2:32
N-34,2026-05-27,168.29,8.94,P3:50:P1:17:P2:32
N-34,2026-05-28,163.54,8.38,P3:50:P1:17:P2:32
N-34,2026-05-29,160.36,8.03,P3:50:P1:17:P2:32
N-34,2026-05-30,162.06,8.29,P3:50:P1:17:P2:32
N-34,2026-05-31,154.4,8.37,P3:50:P1:17:P2:32
N-34,2026-06-01,160.54,8.48,P3:50:P1:17:P2:32
N-34,2026-06-02,170.47,8.34,P3:50:P1:17:P2:32
N-34,2026-06-03,159.96,8.29,P3:50:P1:17:P2:32
N-34,2026-06-04,170.49,8.63,P3:50:P1:17:P2:32
N-34,2026-06-05,164.24,8.64,P3:50:P1:17:P2:32
N-34,2026-06-06,178.42,8.56,P3:50:P1:17:P2:32
N-34,2026-06-07,171.87,8.81,P3:50:P1:17:P2:32
N-34,2026-06-08,178.09,8.28,P3:50:P1:17:P2:32
N-34,2026-06-09,158.84,8.52,P3:50:P1:17:P2:32
N-34,2026-06-10,155.14,8.63,P3:50:P1:17:P2:32
N-34,2026-06-11,160.57,8.37,P3:50:P1:17:P2:32
N-34,2026-06-12,171.79,9.2,P3:50:P1:17:P2:32
N-34,2026-06-13,159.18,7.94,P3:50:P1:17:P2:32
N-34,2026-06-14,153.71,8.37,P3:50:P1:17:P2:32
N-34,2026-06-15,147.71,8.37,P3:50:P1:17:P2:32
N-34,2026-06-16,165.09,8.59,P3:50:P1:17:P2:32
N-34,2026-06-17,156.35,8.66,P3:50:P1:17:P2:32
N-34,2026-06-18,161.81,8.4,P3:50:P1:17:P2:32
N-34,2026-06-19,160.43,8.62,P3:50:P1:17:P2:32
N-34,2026-06-20,161.57,8.25,P3:50:P1:17:P2:32
N-34,2026-06-21,158.85,8.69,P3:50:P1:17:P2:32
N-34,2026-06-22,166.01,9.09,P3:50:P1:17:P2:32
N-34,2026-06-23,172.52,8.38,P3:50:P1:17:P2:32
N-34,2026-06-24,173.12,8.05,P3:50:P1:17:P2:32
N-34,2026-06-25,170.78,9.22,P3:50:P1:17:P2:32
N-34,2026-06-26,160.18,8.85,P3:50:P1:17:P2:32
N-34,2026-06-27,165.95,8.96,P3:50:P1:17:P2:32
N-34,2026-06-28,158.71,8.62,P3:50:P1:17:P2:32
N-34,2026-06-29,167.5,8.65,P3:50:P1:17:P2:32
N-34,2026-06-30,175.64,8.6,P3:50:P1:17:P2:32
N-34,2026-07-01,169.25,8.78,P3:50:P1:17:P2:32
N-34,2026-07-02,160.47,8.14,P3:50:P1:17:P2:32
N-34,2026-07-03,160.82,8.39,P3:50:P1:17:P2:32
N-34,2026-07-04,171.83,8.36,P3:50:P1:17:P2:32
N-34,2026-07-05,168.38,8.27,P3:50:P1:17:P2:32
N-34,2026-07-06,153.42,8.79,P3:50:P1:17:P2:32
N-34,2026-07-07,166.2,9.06,P3:50:P1:17:P2:32
N-34,2026-07-08,166.5,7.98,P3:50:P1:17:P2:32
N-34,2026-07-09,157.61,8.79,P3:50:P1:17:P2:32
N-34,2026-07-10,162.44,8.52,P3:50:P1:17:P2:32
N-34,2026-07-11,155.76,8.5,P3:50:P1:17:P2:32
N-34,2026-07-12,161.86,8.57,P3:50:P1:17:P2:32
N-34,2026-07-13,178.01,9.42,P3:50:P1:17:P2:32
N-34,2026-07-14,158.66,8.26,P3:50:P1:17:P2:32
N-34,2026-07-15,163.45,8.48,P3:50:P1:17:P2:32
N-34,2026-07-16,178.91,8.53,P3:50:P1:17:P2:32
N-34,2026-07-17,149.39,8.98,P3:50:P1:17:P2:32
N-34,2026-07-18,153.34,8.34,P3:50:P1:17:P2:32
N-34,2026-07-19,160.58,9.27,P3:50:P1:17:P2:32
N-34,2026-07-20,165.13,8.51,P3:50:P1:17:P2:32
N-34,2026-07-21,153.11,7.76,P3:50:P1:17:P2:32
N-34,2026-07-22,0.0,0.0,P3:50:P1:17:P2:32
N-34,2026-07-23,159.61,8.6,P3:50:P1:17:P2:32
N-34,2026-07-24,162.85,8.86,P3:50:P1:17:P2:32
N-34,2026-07-25,160.36,8.87,P3:50:P1:17:P2:32
N-34,2026-07-26,169.98,8.65,P3:50:P1:17:P2:32
N-34,2026-07-27,161.0,8.18,P3:50:P1:17:P2:32
N-34,2026-07-28,170.42,8.89,P3:50:P1:17:P2:32
N-34,2026-07-29,157.99,8.44,P3:50:P1:17:P2:32
N-34,2026-07-30,168.8,9.06,P3:50:P1:17:P2:32
N-34,2026-07-31,167.58,8.54,P3:50:P1:17:P2:32
N-34,2026-08-01,0.0,0.0,P3:50:P1:17:P2:32
N-34,2026-08-02,166.51,8.14,P3:50:P1:17:P2:32
N-34,2026-08-03,157.28,8.36,P3:50:P1:17:P2:32
N-34,2026-08-04,157.11,8.27,P3:50:P1:17:P2:32
N-34,2026-08-05,167.75,9.14,P3:50:P1:17:P2:32
N-34,2026-08-06,177.89,8.46,P3:50:P1:17:P2:32
N-34,2026-08-07,159.66,8.66,P3:50:P1:17:P2:32
N-34,2026-08-08,167.45,8.62,P3:50:P1:17:P2:32
N-34,2026-08-09,156.16,7.87,P3:50:P1:17:P2:32
N-34,2026-08-10,157.42,8.2,P3:50:P1:17:P2:32
N-34,2026-08-11,167.95,8.68,P3:50:P1:17:P2:32
N-34,2026-08-12,160.23,8.45,P3:50:P1:17:P2:32
N-34,2026-08-13,161.35,8.16,P3:50:P1:17:P2:32
N-34,2026-08-14,166.32,8.12,P3:50:P1:17:P2:32
N-34,2026-08-15,163.86,8.12,P3:50:P1:17:P2:32
N-34,2026-08-16,156.58,8.34,P3:50:P1:17:P2:32
N-34,2026-08-17,161.02,8.18,P3:50:P1:17:P2:32
N-34,2026-08-18,176.45,8.04,P3:50:P1:17:P2:32
N-34,2026-08-19,156.53,8.6,P3:50:P1:17:P2:32
N-34,2026-08-20,157.79,8.1,P3:50:P1:17:P2:32
N-34,2026-08-21,163.38,8.17,P3:50:P1:17:P2:32
N-34,2026-08-22,153.55,8.27,P3:50:P1:17:P2:32
N-34,2026-08-23,162.17,8.66,P3:50:P1:17:P2:32
N-34,2026-08-24,170.34,8.76,P3:50:P1:17:P2:32
N-34,2026-08-25,175.68,8.29,P3:50:P1:17:P2:32
N-34,2026-08-26,163.89,9.03,P3:50:P1:17:P2:32
N-34,2026-08-27,162.33,8.05,P3:50:P1:17:P2:32
N-34,2026-08-28,158.52,8.49,P3:50:P1:17:P2:32
N-34,2026-08-29,0.0,0.0,P3:50:P1:17:P2:32
N-34,2026-08-30,157.07,8.34,P3:50:P1:17:P2:32
N-34,2026-08-31,168.6,8.03,P3:50:P1:17:P2:32
N-35,2025-09-01,105.54,11.89,P3:68:P1:32
N-35,2025-09-02,107.62,12.41,P3:68:P1:32
N-35,2025-09-03,111.8,11.99,P3:68:P1:32
N-35,2025-09-04,120.15,12.07,P3:68:P1:32
N-35,2025-09-05,110.83,12.38,P3:68:P1:32
N-35,2025-09-06,118.8,12.15,P3:68:P1:32
N-35,2025-09-07,118.6,12.08,P3:68:P1:32
N-35,2025-09-08,96.67,12.67,P3:68:P1:32
N-35,2025-09-09,108.28,12.55,P3:68:P1:32
N-35,2025-09-10,110.15,12.15,P3:68:P1:32
N-35,2025-09-11,109.54,12.27,P3:68:P1:32
N-35,2025-09-12,115.4,11.99,P3:68:P1:32
N-35,2025-09-13,111.25,12.42,P3:68:P1:32
N-35,2025-09-14,0.0,0.0,P3:68:P1:32
N-35,2025-09-15,110.41,12.28,P3:68:P1:32
N-35,2025-09-16,109.1,12.45,P3:68:P1:32
N-35,2025-09-17,115.82,12.27,P3:68:P1:32
N-35,2025-09-18,117.11,11.99,P3:68:P1:32
N-35,2025-09-19,120.06,11.96,P3:68:P1:32
N-35,2025-09-20,113.69,11.87,P3:68:P1:32
N-35,2025-09-21,109.98,12.07,P3:68:P1:32
N-35,2025-09-22,112.13,12.03,P3:68:P1:32
N-35,2025-09-23,124.89,11.93,P3:68:P1:32
N-35,2025-09-24,119.04,12.63,P3:68:P1:32
N-35,2025-09-25,116.86,12.79,P3:68:P1:32
N-35,2025-09-26,99.7,12.15,P3:68:P1:32
N-35,2025-09-27,117.52,11.99,P3:68:P1:32
N-35,2025-09-28,114.88,11.96,P3:68:P1:32
N-35,2025-09-29,113.53,12.25,P3:68:P1:32
N-35,2025-09-30,113.78,12.16,P3:68:P1:32
N-35,2025-10-01,115.97,12.19,P3:68:P1:32
N-35,2025-10-02,0.0,0.0,P3:68:P1:32
N-35,2025-10-03,118.56,12.31,P3:68:P1:32
N-35,2025-10-04,120.7,12.0,P3:68:P1:32
N-35,2025-10-05,105.65,12.05,P3:68:P1:32
N-35,2025-10-06,108.38,12.37,P3:68:P1:32
N-35,2025-10-07,112.01,12.36,P3:68:P1:32
N-35,2025-10-08,106.4,12.07,P3:68:P1:32
N-35,2025-10-09,111.87,12.55,P3:68:P1:32
N-35,2025-10-10,105.84,11.97,P3:68:P1:32
N-35,2025-10-11,106.5,12.18,P3:68:P1:32
N-35,2025-10-12,113.87,12.08,P3:68:P1:32
N-35,2025-10-13,108.71,12.63,P3:68:P1:32
N-35,2025-10-14,115.42,12.51,P3:68:P1:32
N-35,2025-10-15,110.73,12.57,P3:68:P1:32
N-35,2025-10-16,104.57,12.17,P3:68:P1:32
N-35,2025-10-17,111.24,12.39,P3:68:P1:32
N-35,2025-10-18,115.6,12.25,P3:68:P1:32
N-35,2025-10-19,112.9,12.14,P3:68:P1:32
N-35,2025-10-20,105.46,12.78,P3:68:P1:32
N-35,2025-10-21,115.99,11.99,P3:68:P1:32
N-35,2025-10-22,107.96,11.98,P3:68:P1:32
N-35,2025-10-23,109.33,12.29,P3:68:P1:32
N-35,2025-10-24,117.55,12.38,P3:68:P1:32
N-35,2025-10-25,117.93,12.3,P3:68:P1:32
N-35,2025-10-26,119.28,12.21,P3:68:P1:32
N-35,2025-10-27,119.13,12.28,P3:68:P1:32
N-35,2025-10-28,109.74,12.13,P3:68:P1:32
N-35,2025-10-29,112.99,12.69,P3:68:P1:32
N-35,2025-10-30,118.7,12.64,P3:68:P1:32
N-35,2025-10-31,110.59,12.16,P3:68:P1:32
N-35,2025-11-01,117.88,12.1,P3:68:P1:32
N-35,2025-11-02,109.26,11.78,P3:68:P1:32
N-35,2025-11-03,104.63,11.7,P3:68:P1:32
N-35,2025-11-04,118.5,12.05,P3:68:P1:32
N-35,2025-11-05,102.41,12.49,P3:68:P1:32
N-35,2025-11-06,102.99,12.3,P3:68:P1:32
N-35,2025-11-07,112.89,12.43,P3:68:P1:32
N-35,2025-11-08,111.44,12.32,P3:68:P1:32
N-35,2025-11-09,107.29,11.91,P3:68:P1:32
N-35,2025-11-10,107.32,12.25,P3:68:P1:32
N-35,2025-11-11,107.22,11.95,P3:68:P1:32
N-35,2025-11-12,114.33,12.3,P3:68:P1:32
N-35,2025-11-13,111.17,12.27,P3:68:P1:32
N-35,2025-11-14,119.87,11.73,P3:68:P1:32
N-35,2025-11-15,108.36,12.03,P3:68:P1:32
N-35,2025-11-16,115.36,11.76,P3:68:P1:32
N-35,2025-11-17,116.68,11.98,P3:68:P1:32
N-35,2025-11-18,113.31,12.45,P3:68:P1:32
N-35,2025-11-19,112.06,12.06,P3:68:P1:32
N-35,2025-11-20,111.24,12.15,P3:68:P1:32
N-35,2025-11-21,115.08,12.2,P3:68:P1:32
N-35,2025-11-22,113.77,12.11,P3:68:P1:32
N-35,2025-11-23,111.08,12.05,P3:68:P1:32
N-35,2025-11-24,112.12,12.13,P3:68:P1:32
N-35,2025-11-25,109.17,11.87,P3:68:P1:32
N-35,2025-11-26,105.85,11.84,P3:68:P1:32
N-35,2025-11-27,119.49,12.44,P3:68:P1:32
N-35,2025-11-28,108.89,11.85,P3:68:P1:32
N-35,2025-11-29,111.47,12.33,P3:68:P1:32
N-35,2025-11-30,103.64,12.5,P3:68:P1:32
N-35,2025-12-01,119.59,12.59,P3:68:P1:32
N-35,2025-12-02,110.99,12.08,P3:68:P1:32
N-35,2025-12-03,116.36,12.25,P3:68:P1:32
N-35,2025-12-04,120.41,12.13,P3:68:P1:32
N-35,2025-12-05,116.09,12.42,P3:68:P1:32
N-35,2025-12-06,113.57,12.63,P3:68:P1:32
N-35,2025-12-07,114.46,12.37,P3:68:P1:32
N-35,2025-12-08,107.16,12.16,P3:68:P1:32
N-35,2025-12-09,113.49,12.33,P3:68:P1:32
N-35,2025-12-10,107.37,12.08,P3:68:P1:32
N-35,2025-12-11,106.25,12.51,P3:68:P1:32
N-35,2025-12-12,114.93,12.01,P3:68:P1:32
N-35,2025-12-13,102.86,12.64,P3:68:P1:32
N-35,2025-12-14,113.93,12.46,P3:68:P1:32
N-35,2025-12-15,115.23,12.4,P3:68:P1:32
N-35,2025-12-16,106.54,12.36,P3:68:P1:32
N-35,2025-12-17,111.55,12.27,P3:68:P1:32
N-35,2025-12-18,114.51,12.16,P3:68:P1:32
N-35,2025-12-19,105.43,12.11,P3:68:P1:32
N-35,2025-12-20,118.97,12.16,P3:68:P1:32
N-35,2025-12-21,117.76,12.04,P3:68:P1:32
N-35,2025-12-22,113.84,12.67,P3:68:P1:32
N-35,2025-12-23,104.24,12.67,P3:68:P1:32
N-35,2025-12-24,112.27,13.05,P3:68:P1:32
N-35,2025-12-25,111.63,11.75,P3:68:P1:32
N-35,2025-12-26,109.15,12.31,P3:68:P1:32
N-35,2025-12-27,112.19,11.81,P3:68:P1:32
N-35,2025-12-28,113.41,12.47,P3:68:P1:32
N-35,2025-12-29,112.49,11.66,P3:68:P1:32
N-35,2025-12-30,107.33,11.66,P3:68:P1:32
N-35,2025-12-31,110.97,11.69,P3:68:P1:32
N-35,2026-01-01,118.69,12.11,P3:68:P1:32
N-35,2026-01-02,106.19,11.92,P3:68:P1:32
N-35,2026-01-03,112.24,12.33,P3:68:P1:32
N-35,2026-01-04,112.85,12.61,P3:68:P1:32
N-35,2026-01-05,118.94,12.66,P3:68:P1:32
N-35,2026-01-06,113.97,12.43,P3:68:P1:32
N-35,2026-01-07,107.72,11.8,P3:68:P1:32
N-35,2026-01-08,108.24,12.22,P3:68:P1:32
N-35,2026-01-09,109.83,12.18,P3:68:P1:32
N-35,2026-01-10,103.59,12.09,P3:68:P1:32
N-35,2026-01-11,108.92,12.03,P3:68:P1:32
N-35,2026-01-12,115.36,11.52,P3:68:P1:32
N-35,2026-01-13,113.74,12.02,P3:68:P1:32
N-35,2026-01-14,115.42,12.35,P3:68:P1:32
N-35,2026-01-15,111.24,12.64,P3:68:P1:32
N-35,2026-01-16,115.85,11.79,P3:68:P1:32
N-35,2026-01-17,105.25,12.31,P3:68:P1:32
N-35,2026-01-18,103.88,12.07,P3:68:P1:32
N-35,2026-01-19,113.52,12.44,P3:68:P1:32
N-35,2026-01-20,121.52,11.61,P3:68:P1:32
N-35,2026-01-21,110.07,12.21,P3:68:P1:32
N-35,2026-01-22,108.26,11.86,P3:68:P1:32
N-35,2026-01-23,114.98,11.83,P3:68:P1:32
N-35,2026-01-24,115.41,12.68,P3:68:P1:32
N-35,2026-01-25,112.96,12.79,P3:68:P1:32
N-35,2026-01-26,109.76,12.42,P3:68:P1:32
N-35,2026-01-27,124.04,12.25,P3:68:P1:32
N-35,2026-01-28,114.62,11.93,P3:68:P1:32
N-35,2026-01-29,106.28,12.41,P3:68:P1:32
N-35,2026-01-30,117.79,12.35,P3:68:P1:32
N-35,2026-01-31,104.51,12.23,P3:68:P1:32
N-35,2026-02-01,114.31,11.84,P3:68:P1:32
N-35,2026-02-02,116.24,12.4,P3:68:P1:32
N-35,2026-02-03,107.08,12.05,P3:68:P1:32
N-35,2026-02-04,113.58,12.5,P3:68:P1:32
N-35,2026-02-05,110.61,12.58,P3:68:P1:32
N-35,2026-02-06,119.53,12.6,P3:68:P1:32
N-35,2026-02-07,115.5,12.28,P3:68:P1:32
N-35,2026-02-08,109.93,12.65,P3:68:P1:32
N-35,2026-02-09,116.5,11.87,P3:68:P1:32
N-35,2026-02-10,112.29,12.11,P3:68:P1:32
N-35,2026-02-11,113.42,12.29,P3:68:P1:32
N-35,2026-02-12,112.15,12.48,P3:68:P1:32
N-35,2026-02-13,108.85,12.12,P3:68:P1:32
N-35,2026-02-14,112.96,12.13,P3:68:P1:32
N-35,2026-02-15,115.96,11.98,P3:68:P1:32
N-35,2026-02-16,113.78,11.83,P3:68:P1:32
N-35,2026-02-17,111.09,12.12,P3:68:P1:32
N-35,2026-02-18,123.19,11.71,P3:68:P1:32
N-35,2026-02-19,110.93,12.35,P3:68:P1:32
N-35,2026-02-20,115.68,12.18,P3:68:P1:32
N-35,2026-02-21,110.56,12.31,P3:68:P1:32
N-35,2026-02-22,117.9,12.63,P3:68:P1:32
N-35,2026-02-23,110.76,11.33,P3:68:P1:32
N-35,2026-02-24,104.62,12.11,P3:68:P1:32
N-35,2026-02-25,110.11,12.24,P3:68:P1:32
N-35,2026-02-26,107.44,12.34,P3:68:P1:32
N-35,2026-02-27,0.0,0.0,P3:68:P1:32
N-35,2026-02-28,120.83,12.09,P3:68:P1:32
N-35,2026-03-01,104.97,11.92,P3:68:P1:32
N-35,2026-03-02,108.18,12.1,P3:68:P1:32
N-35,2026-03-03,112.96,11.34,P3:68:P1:32
N-35,2026-03-04,117.23,12.21,P3:68:P1:32
N-35,2026-03-05,113.62,12.62,P3:68:P1:32
N-35,2026-03-06,117.48,12.45,P3:68:P1:32
N-35,2026-03-07,111.58,12.69,P3:68:P1:32
N-35,2026-03-08,118.78,12.19,P3:68:P1:32
N-35,2026-03-09,113.24,12.02,P3:68:P1:32
N-35,2026-03-10,109.8,12.16,P3:68:P1:32
N-35,2026-03-11,112.54,12.45,P3:68:P1:32
N-35,2026-03-12,111.32,12.22,P3:68:P1:32
N-35,2026-03-13,115.79,12.52,P3:68:P1:32
N-35,2026-03-14,113.19,11.62,P3:68:P1:32
N-35,2026-03-15,0.0,0.0,P3:68:P1:32
N-35,2026-03-16,113.04,12.5,P3:68:P1:32
N-35,2026-03-17,108.52,12.02,P3:68:P1:32
N-35,2026-03-18,118.33,11.88,P3:68:P1:32
N-35,2026-03-19,115.51,12.37,P3:68:P1:32
N-35,2026-03-20,115.14,12.01,P3:68:P1:32
N-35,2026-03-21,117.83,11.92,P3:68:P1:32
N-35,2026-03-22,104.6,11.81,P3:68:P1:32
N-35,2026-03-23,108.82,12.25,P3:68:P1:32
N-35,2026-03-24,109.05,12.57,P3:68:P1:32
N-35,2026-03-25,104.03,12.07,P3:68:P1:32
N-35,2026-03-26,110.79,12.49,P3:68:P1:32
N-35,2026-03-27,108.01,12.07,P3:68:P1:32
N-35,2026-03-28,111.54,11.91,P3:68:P1:32
N-35,2026-03-29,112.46,12.69,P3:68:P1:32
N-35,2026-03-30,109.09,12.58,P3:68:P1:32
N-35,2026-03-31,115.1,12.1,P3:68:P1:32
N-35,2026-04-01,110.18,12.32,P3:68:P1:32
N-35,2026-04-02,115.26,11.73,P3:68:P1:32
N-35,2026-04-03,107.47,12.13,P3:68:P1:32
N-35,2026-04-04,107.65,12.09,P3:68:P1:32
N-35,2026-04-05,118.75,12.32,P3:68:P1:32
N-35,2026-04-06,109.21,12.23,P3:68:P1:32
N-35,2026-04-07,110.63,12.14,P3:68:P1:32
N-35,2026-04-08,112.79,12.48,P3:68:P1:32
N-35,2026-04-09,111.67,11.92,P3:68:P1:32
N-35,2026-04-10,109.09,12.38,P3:68:P1:32
N-35,2026-04-11,108.98,12.22,P3:68:P1:32
N-35,2026-04-12,110.6,12.27,P3:68:P1:32
N-35,2026-04-13,119.3,12.52,P3:68:P1:32
N-35,2026-04-14,110.29,12.16,P3:68:P1:32
N-35,2026-04-15,115.16,11.87,P3:68:P1:32
N-35,2026-04-16,114.39,11.8,P3:68:P1:32
N-35,2026-04-17,108.81,12.36,P3:68:P1:32
N-35,2026-04-18,109.96,12.19,P3:68:P1:32
N-35,2026-04-19,114.57,12.06,P3:68:P1:32
N-35,2026-04-20,115.77,12.37,P3:68:P1:32
N-35,2026-04-21,105.32,12.39,P3:68:P1:32
N-35,2026-04-22,0.0,0.0,P3:68:P1:32
N-35,2026-04-23,109.77,11.87,P3:68:P1:32
N-35,2026-04-24,114.69,11.99,P3:68:P1:32
N-35,2026-04-25,112.02,12.42,P3:68:P1:32
N-35,2026-04-26,110.83,12.12,P3:68:P1:32
N-35,2026-04-27,112.98,12.12,P3:68:P1:32
N-35,2026-04-28,112.51,12.19,P3:68:P1:32
N-35,2026-04-29,112.25,11.92,P3:68:P1:32
N-35,2026-04-30,114.09,11.74,P3:68:P1:32
N-35,2026-05-01,117.45,12.02,P3:68:P1:32
N-35,2026-05-02,101.33,12.4,P3:68:P1:32
N-35,2026-05-03,105.83,12.94,P3:68:P1:32
N-35,2026-05-04,106.42,11.84,P3:68:P1:32
N-35,2026-05-05,108.97,11.95,P3:68:P1:32
N-35,2026-05-06,114.91,12.19,P3:68:P1:32
N-35,2026-05-07,114.73,12.29,P3:68:P1:32
N-35,2026-05-08,112.07,12.12,P3:68:P1:32
N-35,2026-05-09,115.73,12.29,P3:68:P1:32
N-35,2026-05-10,0.0,0.0,P3:68:P1:32
N-35,2026-05-11,115.37,12.45,P3:68:P1:32
N-35,2026-05-12,115.22,12.49,P3:68:P1:32
N-35,2026-05-13,119.42,12.43,P3:68:P1:32
N-35,2026-05-14,114.43,11.84,P3:68:P1:32
N-35,2026-05-15,111.61,12.3,P3:68:P1:32
N-35,2026-05-16,109.87,12.07,P3:68:P1:32
N-35,2026-05-17,111.64,12.43,P3:68:P1:32
N-35,2026-05-18,112.35,12.91,P3:68:P1:32
N-35,2026-05-19,107.94,13.0,P3:68:P1:32
N-35,2026-05-20,111.72,11.82,P3:68:P1:32
N-35,2026-05-21,119.13,11.33,P3:68:P1:32
N-35,2026-05-22,110.02,11.92,P3:68:P1:32
N-35,2026-05-23,111.93,12.42,P3:68:P1:32
N-35,2026-05-24,112.38,12.52,P3:68:P1:32
N-35,2026-05-25,113.08,12.13,P3:68:P1:32
N-35,2026-05-26,112.82,12.32,P3:68:P1:32
N-35,2026-05-27,110.68,12.12,P3:68:P1:32
N-35,2026-05-28,107.36,12.46,P3:68:P1:32
N-35,2026-05-29,115.0,11.83,P3:68:P1:32
N-35,2026-05-30,109.59,11.96,P3:68:P1:32
N-35,2026-05-31,112.14,12.02,P3:68:P1:32
N-35,2026-06-01,107.55,11.82,P3:68:P1:32
N-35,2026-06-02,107.51,12.14,P3:68:P1:32
N-35,2026-06-03,118.41,13.1,P3:68:P1:32
N-35,2026-06-04,0.0,0.0,P3:68:P1:32
N-35,2026-06-05,115.51,12.43,P3:68:P1:32
N-35,2026-06-06,118.41,12.35,P3:68:P1:32
N-35,2026-06-07,0.0,0.0,P3:68:P1:32
N-35,2026-06-08,113.93,12.22,P3:68:P1:32
N-35,2026-06-09,117.2,12.01,P3:68:P1:32
N-35,2026-06-10,115.9,12.47,P3:68:P1:32
N-35,2026-06-11,117.95,12.35,P3:68:P1:32
N-35,2026-06-12,117.76,12.4,P3:68:P1:32
N-35,2026-06-13,106.82,12.66,P3:68:P1:32
N-35,2026-06-14,115.97,12.11,P3:68:P1:32
N-35,2026-06-15,110.57,12.13,P3:68:P1:32
N-35,2026-06-16,112.45,12.31,P3:68:P1:32
N-35,2026-06-17,113.6,11.86,P3:68:P1:32
N-35,2026-06-18,113.01,12.31,P3:68:P1:32
N-35,2026-06-19,111.8,12.38,P3:68:P1:32
N-35,2026-06-20,109.79,12.85,P3:68:P1:32
N-35,2026-06-21,114.05,12.27,P3:68:P1:32
N-35,2026-06-22,113.04,11.62,P3:68:P1:32
N-35,2026-06-23,117.6,12.28,P3:68:P1:32
N-35,2026-06-24,114.85,11.95,P3:68:P1:32
N-35,2026-06-25,117.83,12.29,P3:68:P1:32
N-35,2026-06-26,113.55,11.88,P3:68:P1:32
N-35,2026-06-27,112.25,11.93,P3:68:P1:32
N-35,2026-06-28,116.66,12.22,P3:68:P1:32
N-35,2026-06-29,112.97,12.25,P3:68:P1:32
N-35,2026-06-30,111.65,11.56,P3:68:P1:32
N-35,2026-07-01,113.56,12.8,P3:68:P1:32
N-35,2026-07-02,103.42,12.07,P3:68:P1:32
N-35,2026-07-03,113.34,12.39,P3:68:P1:32
N-35,2026-07-04,118.56,12.01,P3:68:P1:32
N-35,2026-07-05,118.53,11.97,P3:68:P1:32
N-35,2026-07-06,110.75,12.13,P3:68:P1:32
N-35,2026-07-07,107.57,12.56,P3:68:P1:32
N-35,2026-07-08,112.09,11.94,P3:68:P1:32
N-35,2026-07-09,111.87,11.97,P3:68:P1:32
N-35,2026-07-10,112.12,12.06,P3:68:P1:32
N-35,2026-07-11,105.69,12.24,P3:68:P1:32
N-35,2026-07-12,113.39,12.36,P3:68:P1:32
N-35,2026-07-13,113.24,12.2,P3:68:P1:32
N-35,2026-07-14,113.52,12.61,P3:68:P1:32
N-35,2026-07-15,110.7,12.49,P3:68:P1:32
N-35,2026-07-16,117.67,12.46,P3:68:P1:32
N-35,2026-07-17,106.53,12.06,P3:68:P1:32
N-35,2026-07-18,112.98,11.62,P3:68:P1:32
N-35,2026-07-19,108.77,12.2,P3:68:P1:32
N-35,2026-07-20,109.52,11.82,P3:68:P1:32
N-35,2026-07-21,111.46,12.16,P3:68:P1:32
N-35,2026-07-22,116.89,12.33,P3:68:P1:32
N-35,2026-07-23,119.58,12.29,P3:68:P1:32
N-35,2026-07-24,114.11,12.02,P3:68:P1:32
N-35,2026-07-25,118.32,12.07,P3:68:P1:32
N-35,2026-07-26,117.08,12.22,P3:68:P1:32
N-35,2026-07-27,107.01,12.46,P3:68:P1:32
N-35,2026-07-28,113.13,12.8,P3:68:P1:32
N-35,2026-07-29,107.56,11.78,P3:68:P1:32
N-35,2026-07-30,110.87,12.42,P3:68:P1:32
N-35,2026-07-31,113.73,12.14,P3:68:P1:32
N-35,2026-08-01,107.6,11.71,P3:68:P1:32
N-35,2026-08-02,111.53,12.07,P3:68:P1:32
N-35,2026-08-03,108.04,12.57,P3:68:P1:32
N-35,2026-08-04,116.52,11.83,P3:68:P1:32
N-35,2026-08-05,108.87,12.44,P3:68:P1:32
N-35,2026-08-06,109.2,11.63,P3:68:P1:32
N-35,2026-08-07,114.87,12.2,P3:68:P1:32
N-35,2026-08-08,117.59,12.03,P3:68:P1:32
N-35,2026-08-09,113.23,12.22,P3:68:P1:32
N-35,2026-08-10,105.05,12.13,P3:68:P1:32
N-35,2026-08-11,106.2,12.29,P3:68:P1:32
N-35,2026-08-12,113.75,11.81,P3:68:P1:32
N-35,2026-08-13,111.52,11.91,P3:68:P1:32
N-35,2026-08-14,107.04,12.35,P3:68:P1:32
N-35,2026-08-15,123.89,12.2,P3:68:P1:32
N-35,2026-08-16,117.46,11.85,P3:68:P1:32
N-35,2026-08-17,124.02,12.38,P3:68:P1:32
N-35,2026-08-18,108.83,12.19,P3:68:P1:32
N-35,2026-08-19,112.59,12.59,P3:68:P1:32
N-35,2026-08-20,113.03,12.17,P3:68:P1:32
N-35,2026-08-21,110.93,12.53,P3:68:P1:32
N-35,2026-08-22,108.67,11.8,P3:68:P1:32
N-35,2026-08-23,115.91,12.24,P3:68:P1:32
N-35,2026-08-24,117.22,12.57,P3:68:P1:32
N-35,2026-08-25,115.66,12.31,P3:68:P1:32
N-35,2026-08-26,106.02,11.77,P3:68:P1:32
N-35,2026-08-27,112.2,12.46,P3:68:P1:32
N-35,2026-08-28,111.21,12.57,P3:68:P1:32
N-35,2026-08-29,105.65,12.55,P3:68:P1:32
N-35,2026-08-30,110.1,11.95,P3:68:P1:32
N-35,2026-08-31,121.39,12.18,P3:68:P1:32
X-28,2025-09-01,172.9,8.68,P1:62:P2:38
X-28,2025-09-02,164.86,8.47,P1:62:P2:38
X-28,2025-09-03,149.74,8.48,P1:62:P2:38
X-28,2025-09-04,171.0,8.56,P1:62:P2:38
X-28,2025-09-05,168.42,8.73,P1:62:P2:38
X-28,2025-09-06,163.87,8.57,P1:62:P2:38
X-28,2025-09-07,170.12,9.42,P1:62:P2:38
X-28,2025-09-08,146.9,8.66,P1:62:P2:38
X-28,2025-09-09,159.75,8.77,P1:62:P2:38
X-28,2025-09-10,170.59,8.46,P1:62:P2:38
X-28,2025-09-11,168.52,8.47,P1:62:P2:38
X-28,2025-09-12,159.69,8.49,P1:62:P2:38
X-28,2025-09-13,170.27,8.89,P1:62:P2:38
X-28,2025-09-14,162.78,8.23,P1:62:P2:38
X-28,2025-09-15,152.27,8.23,P1:62:P2:38
X-28,2025-09-16,159.16,9.01,P1:62:P2:38
X-28,2025-09-17,157.63,8.69,P1:62:P2:38
X-28,2025-09-18,164.15,8.67,P1:62:P2:38
X-28,2025-09-19,160.61,8.92,P1:62:P2:38
X-28,2025-09-20,152.5,8.76,P1:62:P2:38
X-28,2025-09-21,161.93,8.58,P1:62:P2:38
X-28,2025-09-22,157.91,8.55,P1:62:P2:38
X-28,2025-09-23,167.13,8.31,P1:62:P2:38
X-28,2025-09-24,160.47,8.61,P1:62:P2:38
X-28,2025-09-25,165.05,7.77,P1:62:P2:38
X-28,2025-09-26,169.4,8.88,P1:62:P2:38
X-28,2025-09-27,158.2,8.31,P1:62:P2:38
X-28,2025-09-28,160.36,9.17,P1:62:P2:38
X-28,2025-09-29,156.4,8.63,P1:62:P2:38
X-28,2025-09-30,155.6,8.63,P1:62:P2:38
X-28,2025-10-01,154.72,8.38,P1:62:P2:38
X-28,2025-10-02,168.95,8.96,P1:62:P2:38
X-28,2025-10-03,153.28,8.81,P1:62:P2:38
X-28,2025-10-04,157.67,8.74,P1:62:P2:38
X-28,2025-10-05,148.22,8.8,P1:62:P2:38
X-28,2025-10-06,146.7,7.96,P1:62:P2:38
X-28,2025-10-07,161.93,8.42,P1:62:P2:38
X-28,2025-10-08,149.37,8.71,P1:62:P2:38
X-28,2025-10-09,173.49,8.58,P1:62:P2:38
X-28,2025-10-10,159.7,8.67,P1:62:P2:38
X-28,2025-10-11,160.66,8.92,P1:62:P2:38
X-28,2025-10-12,154.31,8.01,P1:62:P2:38
X-28,2025-10-13,160.15,8.54,P1:62:P2:38
X-28,2025-10-14,162.75,8.49,P1:62:P2:38
X-28,2025-10-15,157.8,8.23,P1:62:P2:38
X-28,2025-10-16,159.95,8.55,P1:62:P2:38
X-28,2025-10-17,152.57,9.36,P1:62:P2:38
X-28,2025-10-18,168.22,8.07,P1:62:P2:38
X-28,2025-10-19,0.0,0.0,P1:62:P2:38
X-28,2025-10-20,167.29,8.79,P1:62:P2:38
X-28,2025-10-21,164.16,9.07,P1:62:P2:38
X-28,2025-10-22,159.82,8.65,P1:62:P2:38
X-28,2025-10-23,166.41,8.67,P1:62:P2:38
X-28,2025-10-24,161.97,8.71,P1:62:P2:38
X-28,2025-10-25,163.9,8.38,P1:62:P2:38
X-28,2025-10-26,171.98,8.78,P1:62:P2:38
X-28,2025-10-27,160.51,8.54,P1:62:P2:38
X-28,2025-10-28,160.11,9.06,P1:62:P2:38
X-28,2025-10-29,152.52,8.72,P1:62:P2:38
X-28,2025-10-30,169.52,8.48,P1:62:P2:38
X-28,2025-10-31,171.85,8.46,P1:62:P2:38
X-28,2025-11-01,153.05,8.09,P1:62:P2:38
X-28,2025-11-02,169.91,8.78,P1:62:P2:38
X-28,2025-11-03,161.61,8.7,P1:62:P2:38
X-28,2025-11-04,169.88,8.51,P1:62:P2:38
X-28,2025-11-05,161.13,8.6,P1:62:P2:38
X-28,2025-11-06,152.92,8.43,P1:62:P2:38
X-28,2025-11-07,160.81,8.46,P1:62:P2:38
X-28,2025-11-08,157.72,8.43,P1:62:P2:38
X-28,2025-11-09,154.55,8.12,P1:62:P2:38
X-28,2025-11-10,0.0,0.0,P1:62:P2:38
X-28,2025-11-11,161.96,9.03,P1:62:P2:38
X-28,2025-11-12,163.51,8.35,P1:62:P2:38
X-28,2025-11-13,165.82,8.55,P1:62:P2:38
X-28,2025-11-14,160.27,8.36,P1:62:P2:38
X-28,2025-11-15,168.92,8.28,P1:62:P2:38
X-28,2025-11-16,164.36,9.05,P1:62:P2:38
X-28,2025-11-17,0.0,0.0,P1:62:P2:38
X-28,2025-11-18,161.88,9.13,P1:62:P2:38
X-28,2025-11-19,158.5,8.9,P1:62:P2:38
X-28,2025-11-20,154.0,9.13,P1:62:P2:38
X-28,2025-11-21,165.21,8.36,P1:62:P2:38
X-28,2025-11-22,164.07,8.93,P1:62:P2:38
X-28,2025-11-23,155.43,8.88,P1:62:P2:38
X-28,2025-11-24,171.16,8.27,P1:62:P2:38
X-28,2025-11-25,159.89,8.42,P1:62:P2:38
X-28,2025-11-26,162.54,8.98,P1:62:P2:38
X-28,2025-11-27,169.94,8.77,P1:62:P2:38
X-28,2025-11-28,159.7,8.97,P1:62:P2:38
X-28,2025-11-29,171.3,7.93,P1:62:P2:38
X-28,2025-11-30,166.22,8.15,P1:62:P2:38
X-28,2025-12-01,163.52,8.26,P1:62:P2:38
X-28,2025-12-02,163.51,8.33,P1:62:P2:38
X-28,2025-12-03,162.83,8.41,P1:62:P2:38
X-28,2025-12-04,154.52,8.66,P1:62:P2:38
X-28,2025-12-05,164.13,8.81,P1:62:P2:38
X-28,2025-12-06,159.55,8.95,P1:62:P2:38
X-28,2025-12-07,162.34,8.11,P1:62:P2:38
X-28,2025-12-08,164.52,8.69,P1:62:P2:38
X-28,2025-12-09,167.92,8.48,P1:62:P2:38
X-28,2025-12-10,150.71,8.87,P1:62:P2:38
X-28,2025-12-11,163.28,8.07,P1:62:P2:38
X-28,2025-12-12,170.1,7.95,P1:62:P2:38
X-28,2025-12-13,168.45,8.78,P1:62:P2:38
X-28,2025-12-14,168.87,8.76,P1:62:P2:38
X-28,2025-12-15,156.49,9.22,P1:62:P2:38
X-28,2025-12-16,157.88,8.11,P1:62:P2:38
X-28,2025-12-17,157.24,8.81,P1:62:P2:38
X-28,2025-12-18,170.44,8.61,P1:62:P2:38
X-28,2025-12-19,166.07,8.06,P1:62:P2:38
X-28,2025-12-20,158.93,8.13,P1:62:P2:38
X-28,2025-12-21,170.33,8.02,P1:62:P2:38
X-28,2025-12-22,155.88,8.47,P1:62:P2:38
X-28,2025-12-23,164.34,8.62,P1:62:P2:38
X-28,2025-12-24,0.0,0.0,P1:62:P2:38
X-28,2025-12-25,150.13,8.4,P1:62:P2:38
X-28,2025-12-26,158.33,8.39,P1:62:P2:38
X-28,2025-12-27,0.0,0.0,P1:62:P2:38
X-28,2025-12-28,164.12,8.85,P1:62:P2:38
X-28,2025-12-29,155.32,8.6,P1:62:P2:38
X-28,2025-12-30,158.91,8.5,P1:62:P2:38
X-28,2025-12-31,158.78,8.58,P1:62:P2:38
X-28,2026-01-01,156.97,8.59,P1:62:P2:38
X-28,2026-01-02,161.4,8.68,P1:62:P2:38
X-28,2026-01-03,157.66,8.58,P1:62:P2:38
X-28,2026-01-04,147.82,8.83,P1:62:P2:38
X-28,2026-01-05,165.55,8.21,P1:62:P2:38
X-28,2026-01-06,0.0,0.0,P1:62:P2:38
X-28,2026-01-07,162.1,8.76,P1:62:P2:38
X-28,2026-01-08,168.16,8.52,P1:62:P2:38
X-28,2026-01-09,0.0,0.0,P1:62:P2:38
X-28,2026-01-10,153.51,8.16,P1:62:P2:38
X-28,2026-01-11,157.52,8.68,P1:62:P2:38
X-28,2026-01-12,171.74,8.35,P1:62:P2:38
X-28,2026-01-13,167.84,9.09,P1:62:P2:38
X-28,2026-01-14,156.33,8.5,P1:62:P2:38
X-28,2026-01-15,163.27,8.29,P1:62:P2:38
X-28,2026-01-16,162.7,8.28,P1:62:P2:38
X-28,2026-01-17,140.87,8.61,P1:62:P2:38
X-28,2026-01-18,161.04,8.76,P1:62:P2:38
X-28,2026-01-19,147.34,8.81,P1:62:P2:38
X-28,2026-01-20,151.28,8.68,P1:62:P2:38
X-28,2026-01-21,156.62,8.86,P1:62:P2:38
X-28,2026-01-22,161.75,8.53,P1:62:P2:38
X-28,2026-01-23,162.61,8.36,P1:62:P2:38
X-28,2026-01-24,168.64,9.22,P1:62:P2:38
X-28,2026-01-25,160.35,9.18,P1:62:P2:38
X-28,2026-01-26,152.27,8.36,P1:62:P2:38
X-28,2026-01-27,158.31,9.18,P1:62:P2:38
X-28,2026-01-28,162.84,8.18,P1:62:P2:38
X-28,2026-01-29,164.88,7.91,P1:62:P2:38
X-28,2026-01-30,157.83,8.81,P1:62:P2:38
X-28,2026-01-31,155.02,8.8,P1:62:P2:38
X-28,2026-02-01,160.3,8.64,P1:62:P2:38
X-28,2026-02-02,168.32,9.05,P1:62:P2:38
X-28,2026-02-03,165.78,8.53,P1:62:P2:38
X-28,2026-02-04,160.3,8.42,P1:62:P2:38
X-28,2026-02-05,158.64,8.64,P1:62:P2:38
X-28,2026-02-06,152.24,8.88,P1:62:P2:38
X-28,2026-02-07,162.96,8.55,P1:62:P2:38
X-28,2026-02-08,159.53,8.43,P1:62:P2:38
X-28,2026-02-09,153.18,8.43,P1:62:P2:38
X-28,2026-02-10,163.27,8.59,P1:62:P2:38
X-28,2026-02-11,0.0,0.0,P1:62:P2:38
X-28,2026-02-12,171.91,8.56,P1:62:P2:38
X-28,2026-02-13,153.16,8.01,P1:62:P2:38
X-28,2026-02-14,161.61,8.92,P1:62:P2:38
X-28,2026-02-15,160.07,8.77,P1:62:P2:38
X-28,2026-02-16,169.23,8.24,P1:62:P2:38
X-28,2026-02-17,164.97,8.54,P1:62:P2:38
X-28,2026-02-18,157.58,8.86,P1:62:P2:38
X-28,2026-02-19,162.71,8.85,P1:62:P2:38
X-28,2026-02-20,158.85,8.45,P1:62:P2:38
X-28,2026-02-21,143.94,8.65,P1:62:P2:38
X-28,2026-02-22,155.95,9.0,P1:62:P2:38
X-28,2026-02-23,169.33,8.56,P1:62:P2:38
X-28,2026-02-24,154.96,8.54,P1:62:P2:38
X-28,2026-02-25,158.62,8.87,P1:62:P2:38
X-28,2026-02-26,175.84,8.58,P1:62:P2:38
X-28,2026-02-27,159.29,8.44,P1:62:P2:38
X-28,2026-02-28,149.0,8.85,P1:62:P2:38
X-28,2026-03-01,149.88,8.68,P1:62:P2:38
X-28,2026-03-02,160.53,8.76,P1:62:P2:38
X-28,2026-03-03,157.1,8.46,P1:62:P2:38
X-28,2026-03-04,157.15,8.73,P1:62:P2:38
X-28,2026-03-05,164.38,8.85,P1:62:P2:38
X-28,2026-03-06,154.48,8.64,P1:62:P2:38
X-28,2026-03-07,155.64,8.26,P1:62:P2:38
X-28,2026-03-08,163.18,8.26,P1:62:P2:38
X-28,2026-03-09,160.72,8.14,P1:62:P2:38
X-28,2026-03-10,154.83,8.65,P1:62:P2:38
X-28,2026-03-11,157.06,8.86,P1:62:P2:38
X-28,2026-03-12,164.27,8.44,P1:62:P2:38
X-28,2026-03-13,142.08,9.39,P1:62:P2:38
X-28,2026-03-14,176.0,8.59,P1:62:P2:38
X-28,2026-03-15,167.36,9.51,P1:62:P2:38
X-28,2026-03-16,159.86,9.09,P1:62:P2:38
X-28,2026-03-17,174.7,8.88,P1:62:P2:38
X-28,2026-03-18,173.26,8.66,P1:62:P2:38
X-28,2026-03-19,159.55,8.32,P1:62:P2:38
X-28,2026-03-20,156.05,8.92,P1:62:P2:38
X-28,2026-03-21,170.07,8.28,P1:62:P2:38
X-28,2026-03-22,163.71,8.73,P1:62:P2:38
X-28,2026-03-23,155.62,8.37,P1:62:P2:38
X-28,2026-03-24,162.9,8.92,P1:62:P2:38
X-28,2026-03-25,169.54,8.29,P1:62:P2:38
X-28,2026-03-26,163.78,8.35,P1:62:P2:38
X-28,2026-03-27,152.75,8.2,P1:62:P2:38
X-28,2026-03-28,147.22,8.92,P1:62:P2:38
X-28,2026-03-29,161.89,8.86,P1:62:P2:38
X-28,2026-03-30,164.18,8.39,P1:62:P2:38
X-28,2026-03-31,155.06,8.49,P1:62:P2:38
X-28,2026-04-01,170.99,8.55,P1:62:P2:38
X-28,2026-04-02,163.2,8.74,P1:62:P2:38
X-28,2026-04-03,165.77,8.37,P1:62:P2:38
X-28,2026-04-04,156.63,8.89,P1:62:P2:38
X-28,2026-04-05,161.19,8.8,P1:62:P2:38
X-28,2026-04-06,167.93,8.25,P1:62:P2:38
X-28,2026-04-07,166.8,8.83,P1:62:P2:38
X-28,2026-04-08,166.98,8.81,P1:62:P2:38
X-28,2026-04-09,159.5,8.82,P1:62:P2:38
X-28,2026-04-10,159.46,8.97,P1:62:P2:38
X-28,2026-04-11,158.22,8.22,P1:62:P2:38
X-28,2026-04-12,169.92,8.62,P1:62:P2:38
X-28,2026-04-13,159.75,8.44,P1:62:P2:38
X-28,2026-04-14,162.28,8.76,P1:62:P2:38
X-28,2026-04-15,165.85,8.55,P1:62:P2:38
X-28,2026-04-16,163.0,8.47,P1:62:P2:38
X-28,2026-04-17,161.26,8.83,P1:62:P2:38
X-28,2026-04-18,166.44,8.67,P1:62:P2:38
X-28,2026-04-19,146.77,9.16,P1:62:P2:38
X-28,2026-04-20,162.03,8.74,P1:62:P2:38
X-28,2026-04-21,166.99,8.74,P1:62:P2:38
X-28,2026-04-22,161.22,8.45,P1:62:P2:38
X-28,2026-04-23,168.43,8.54,P1:62:P2:38
X-28,2026-04-24,168.33,8.73,P1:62:P2:38
X-28,2026-04-25,163.63,8.64,P1:62:P2:38
X-28,2026-04-26,166.36,8.77,P1:62:P2:38
X-28,2026-04-27,165.03,8.8,P1:62:P2:38
X-28,2026-04-28,166.02,8.58,P1:62:P2:38
X-28,2026-04-29,146.12,8.86,P1:62:P2:38
X-28,2026-04-30,161.78,8.72,P1:62:P2:38
X-28,2026-05-01,170.52,8.51,P1:62:P2:38
X-28,2026-05-02,150.49,8.93,P1:62:P2:38
X-28,2026-05-03,162.55,8.85,P1:62:P2:38
X-28,2026-05-04,153.58,8.47,P1:62:P2:38
X-28,2026-05-05,160.81,8.19,P1:62:P2:38
X-28,2026-05-06,150.98,8.53,P1:62:P2:38
X-28,2026-05-07,173.85,8.6,P1:62:P2:38
X-28,2026-05-08,161.85,8.14,P1:62:P2:38
X-28,2026-05-09,165.73,8.49,P1:62:P2:38
X-28,2026-05-10,151.03,8.81,P1:62:P2:38
X-28,2026-05-11,160.8,8.68,P1:62:P2:38
X-28,2026-05-12,155.33,8.45,P1:62:P2:38
X-28,2026-05-13,153.38,8.2,P1:62:P2:38
X-28,2026-05-14,161.3,8.34,P1:62:P2:38
X-28,2026-05-15,160.17,8.36,P1:62:P2:38
X-28,2026-05-16,154.38,8.97,P1:62:P2:38
X-28,2026-05-17,162.13,8.9,P1:62:P2:38
X-28,2026-05-18,160.85,8.42,P1:62:P2:38
X-28,2026-05-19,160.95,8.64,P1:62:P2:38
X-28,2026-05-20,165.4,7.94,P1:62:P2:38
X-28,2026-05-21,154.47,8.62,P1:62:P2:38
X-28,2026-05-22,166.56,8.52,P1:62:P2:38
X-28,2026-05-23,168.6,8.41,P1:62:P2:38
X-28,2026-05-24,166.96,8.27,P1:62:P2:38
X-28,2026-05-25,160.63,8.83,P1:62:P2:38
X-28,2026-05-26,163.44,8.81,P1:62:P2:38
X-28,2026-05-27,162.78,8.54,P1:62:P2:38
X-28,2026-05-28,164.85,8.25,P1:62:P2:38
X-28,2026-05-29,160.39,8.92,P1:62:P2:38
X-28,2026-05-30,166.96,8.32,P1:62:P2:38
X-28,2026-05-31,0.0,0.0,P1:62:P2:38
X-28,2026-06-01,162.2,8.72,P1:62:P2:38
X-28,2026-06-02,159.37,8.95,P1:62:P2:38
X-28,2026-06-03,151.83,8.53,P1:62:P2:38
X-28,2026-06-04,147.79,8.05,P1:62:P2:38
X-28,2026-06-05,162.6,8.29,P1:62:P2:38
X-28,2026-06-06,158.02,8.64,P1:62:P2:38
X-28,2026-06-07,161.9,8.26,P1:62:P2:38
X-28,2026-06-08,161.17,8.74,P1:62:P2:38
X-28,2026-06-09,160.74,8.62,P1:62:P2:38
X-28,2026-06-10,158.43,9.09,P1:62:P2:38
X-28,2026-06-11,164.97,8.26,P1:62:P2:38
X-28,2026-06-12,161.42,8.46,P1:62:P2:38
X-28,2026-06-13,167.09,8.58,P1:62:P2:38
X-28,2026-06-14,153.23,8.51,P1:62:P2:38
X-28,2026-06-15,164.32,8.93,P1:62:P2:38
X-28,2026-06-16,163.0,8.56,P1:62:P2:38
X-28,2026-06-17,167.87,8.21,P1:62:P2:38
X-28,2026-06-18,162.89,8.72,P1:62:P2:38
X-28,2026-06-19,156.25,8.51,P1:62:P2:38
X-28,2026-06-20,149.96,8.91,P1:62:P2:38
X-28,2026-06-21,164.47,8.59,P1:62:P2:38
X-28,2026-06-22,162.22,8.7,P1:62:P2:38
X-28,2026-06-23,159.15,8.36,P1:62:P2:38
X-28,2026-06-24,162.1,8.49,P1:62:P2:38
X-28,2026-06-25,164.32,8.9,P1:62:P2:38
X-28,2026-06-26,158.09,8.57,P1:62:P2:38
X-28,2026-06-27,153.74,8.72,P1:62:P2:38
X-28,2026-06-28,151.85,8.42,P1:62:P2:38
X-28,2026-06-29,160.33,8.2,P1:62:P2:38
X-28,2026-06-30,167.74,8.76,P1:62:P2:38
X-28,2026-07-01,153.82,7.97,P1:62:P2:38
X-28,2026-07-02,162.73,8.62,P1:62:P2:38
X-28,2026-07-03,168.55,8.45,P1:62:P2:38
X-28,2026-07-04,150.46,8.37,P1:62:P2:38
X-28,2026-07-05,151.19,8.88,P1:62:P2:38
X-28,2026-07-06,163.9,8.28,P1:62:P2:38
X-28,2026-07-07,165.33,9.25,P1:62:P2:38
X-28,2026-07-08,160.23,9.05,P1:62:P2:38
X-28,2026-07-09,161.88,8.65,P1:62:P2:38
X-28,2026-07-10,157.02,8.66,P1:62:P2:38
X-28,2026-07-11,158.98,9.26,P1:62:P2:38
X-28,2026-07-12,149.7,8.62,P1:62:P2:38
X-28,2026-07-13,156.49,8.5,P1:62:P2:38
X-28,2026-07-14,162.27,8.22,P1:62:P2:38
X-28,2026-07-15,165.48,8.51,P1:62:P2:38
X-28,2026-07-16,154.74,8.73,P1:62:P2:38
X-28,2026-07-17,155.63,9.03,P1:62:P2:38
X-28,2026-07-18,158.13,8.43,P1:62:P2:38
X-28,2026-07-19,149.68,9.0,P1:62:P2:38
X-28,2026-07-20,168.69,8.47,P1:62:P2:38
X-28,2026-07-21,153.05,8.21,P1:62:P2:38
X-28,2026-07-22,156.47,8.51,P1:62:P2:38
X-28,2026-07-23,170.51,8.67,P1:62:P2:38
X-28,2026-07-24,161.45,8.75,P1:62:P2:38
X-28,2026-07-25,159.37,9.2,P1:62:P2:38
X-28,2026-07-26,163.54,8.52,P1:62:P2:38
X-28,2026-07-27,162.13,8.94,P1:62:P2:38
X-28,2026-07-28,171.4,8.36,P1:62:P2:38
X-28,2026-07-29,160.11,8.66,P1:62:P2:38
X-28,2026-07-30,159.41,9.0,P1:62:P2:38
X-28,2026-07-31,153.53,8.99,P1:62:P2:38
X-28,2026-08-01,156.12,8.81,P1:62:P2:38
X-28,2026-08-02,158.19,8.25,P1:62:P2:38
X-28,2026-08-03,161.77,9.08,P1:62:P2:38
X-28,2026-08-04,145.18,8.29,P1:62:P2:38
X-28,2026-08-05,162.88,8.59,P1:62:P2:38
X-28,2026-08-06,174.02,8.3,P1:62:P2:38
X-28,2026-08-07,153.32,8.67,P1:62:P2:38
X-28,2026-08-08,158.07,8.47,P1:62:P2:38
X-28,2026-08-09,167.0,8.64,P1:62:P2:38
X-28,2026-08-10,161.12,8.3,P1:62:P2:38
X-28,2026-08-11,152.68,9.26,P1:62:P2:38
X-28,2026-08-12,157.63,8.32,P1:62:P2:38
X-28,2026-08-13,174.17,8.95,P1:62:P2:38
X-28,2026-08-14,152.7,8.57,P1:62:P2:38
X-28,2026-08-15,0.0,0.0,P1:62:P2:38
X-28,2026-08-16,160.56,8.75,P1:62:P2:38
X-28,2026-08-17,160.68,8.4,P1:62:P2:38
X-28,2026-08-18,155.54,7.73,P1:62:P2:38
X-28,2026-08-19,163.83,8.38,P1:62:P2:38
X-28,2026-08-20,161.34,8.51,P1:62:P2:38
X-28,2026-08-21,170.03,8.4,P1:62:P2:38
X-28,2026-08-22,162.35,8.33,P1:62:P2:38
X-28,2026-08-23,166.51,8.5,P1:62:P2:38
X-28,2026-08-24,161.69,8.61,P1:62:P2:38
X-28,2026-08-25,154.51,8.56,P1:62:P2:38
X-28,2026-08-26,155.55,8.79,P1:62:P2:38
X-28,2026-08-27,157.07,8.33,P1:62:P2:38
X-28,2026-08-28,156.26,8.71,P1:62:P2:38
X-28,2026-08-29,153.67,8.73,P1:62:P2:38
X-28,2026-08-30,155.02,8.08,P1:62:P2:38
X-28,2026-08-31,155.29,7.95,P1:62:P2:38
N-36,2025-09-01,135.95,11.19,P1:39:P2:31:P3:30
N-36,2025-09-02,134.62,10.64,P1:39:P2:31:P3:30
N-36,2025-09-03,146.39,11.13,P1:39:P2:31:P3:30
N-36,2025-09-04,143.79,10.8,P1:39:P2:31:P3:30
N-36,2025-09-05,146.64,10.68,P1:39:P2:31:P3:30
N-36,2025-09-06,138.52,10.87,P1:39:P2:31:P3:30
N-36,2025-09-07,140.09,11.01,P1:39:P2:31:P3:30
N-36,2025-09-08,136.41,10.41,P1:39:P2:31:P3:30
N-36,2025-09-09,136.37,10.76,P1:39:P2:31:P3:30
N-36,2025-09-10,143.23,10.16,P1:39:P2:31:P3:30
N-36,2025-09-11,137.88,10.91,P1:39:P2:31:P3:30
N-36,2025-09-12,145.35,10.44,P1:39:P2:31:P3:30
N-36,2025-09-13,146.89,11.12,P1:39:P2:31:P3:30
N-36,2025-09-14,139.13,11.03,P1:39:P2:31:P3:30
N-36,2025-09-15,135.91,10.77,P1:39:P2:31:P3:30
N-36,2025-09-16,134.64,10.53,P1:39:P2:31:P3:30
N-36,2025-09-17,138.54,10.57,P1:39:P2:31:P3:30
N-36,2025-09-18,139.35,11.43,P1:39:P2:31:P3:30
N-36,2025-09-19,139.68,11.21,P1:39:P2:31:P3:30
N-36,2025-09-20,150.27,10.84,P1:39:P2:31:P3:30
N-36,2025-09-21,133.4,10.71,P1:39:P2:31:P3:30
N-36,2025-09-22,140.14,10.29,P1:39:P2:31:P3:30
N-36,2025-09-23,133.12,10.38,P1:39:P2:31:P3:30
N-36,2025-09-24,138.09,10.81,P1:39:P2:31:P3:30
N-36,2025-09-25,129.53,11.02,P1:39:P2:31:P3:30
N-36,2025-09-26,135.58,10.47,P1:39:P2:31:P3:30
N-36,2025-09-27,133.39,10.83,P1:39:P2:31:P3:30
N-36,2025-09-28,129.65,10.76,P1:39:P2:31:P3:30
N-36,2025-09-29,138.87,10.78,P1:39:P2:31:P3:30
N-36,2025-09-30,141.56,11.14,P1:39:P2:31:P3:30
N-36,2025-10-01,142.75,10.72,P1:39:P2:31:P3:30
N-36,2025-10-02,139.8,10.61,P1:39:P2:31:P3:30
N-36,2025-10-03,137.96,10.85,P1:39:P2:31:P3:30
N-36,2025-10-04,139.48,11.07,P1:39:P2:31:P3:30
N-36,2025-10-05,139.25,10.92,P1:39:P2:31:P3:30
N-36,2025-10-06,134.96,11.33,P1:39:P2:31:P3:30
N-36,2025-10-07,145.83,10.74,P1:39:P2:31:P3:30
N-36,2025-10-08,135.86,11.21,P1:39:P2:31:P3:30
N-36,2025-10-09,123.63,10.58,P1:39:P2:31:P3:30
N-36,2025-10-10,144.27,10.99,P1:39:P2:31:P3:30
N-36,2025-10-11,126.64,11.14,P1:39:P2:31:P3:30
N-36,2025-10-12,148.47,10.79,P1:39:P2:31:P3:30
N-36,2025-10-13,135.62,11.15,P1:39:P2:31:P3:30
N-36,2025-10-14,142.7,10.44,P1:39:P2:31:P3:30
N-36,2025-10-15,137.83,10.73,P1:39:P2:31:P3:30
N-36,2025-10-16,146.03,10.66,P1:39:P2:31:P3:30
N-36,2025-10-17,142.01,10.91,P1:39:P2:31:P3:30
N-36,2025-10-18,0.0,0.0,P1:39:P2:31:P3:30
N-36,2025-10-19,128.01,10.89,P1:39:P2:31:P3:30
N-36,2025-10-20,136.83,10.97,P1:39:P2:31:P3:30
N-36,2025-10-21,137.66,10.86,P1:39:P2:31:P3:30
N-36,2025-10-22,148.49,11.03,P1:39:P2:31:P3:30
N-36,2025-10-23,138.89,11.03,P1:39:P2:31:P3:30
N-36,2025-10-24,145.67,10.57,P1:39:P2:31:P3:30
N-36,2025-10-25,141.04,10.76,P1:39:P2:31:P3:30
N-36,2025-10-26,138.57,11.01,P1:39:P2:31:P3:30
N-36,2025-10-27,137.04,11.08,P1:39:P2:31:P3:30
N-36,2025-10-28,134.68,11.28,P1:39:P2:31:P3:30
N-36,2025-10-29,131.61,10.79,P1:39:P2:31:P3:30
N-36,2025-10-30,141.49,11.1,P1:39:P2:31:P3:30
N-36,2025-10-31,138.64,10.75,P1:39:P2:31:P3:30
N-36,2025-11-01,132.37,10.93,P1:39:P2:31:P3:30
N-36,2025-11-02,137.87,10.81,P1:39:P2:31:P3:30
N-36,2025-11-03,136.33,10.83,P1:39:P2:31:P3:30
N-36,2025-11-04,132.68,10.26,P1:39:P2:31:P3:30
N-36,2025-11-05,137.6,10.86,P1:39:P2:31:P3:30
N-36,2025-11-06,142.3,10.75,P1:39:P2:31:P3:30
N-36,2025-11-07,125.98,10.92,P1:39:P2:31:P3:30
N-36,2025-11-08,136.81,10.91,P1:39:P2:31:P3:30
N-36,2025-11-09,133.2,10.71,P1:39:P2:31:P3:30
N-36,2025-11-10,137.81,10.97,P1:39:P2:31:P3:30
N-36,2025-11-11,136.68,10.73,P1:39:P2:31:P3:30
N-36,2025-11-12,136.15,11.21,P1:39:P2:31:P3:30
N-36,2025-11-13,133.01,10.81,P1:39:P2:31:P3:30
N-36,2025-11-14,141.42,10.81,P1:39:P2:31:P3:30
N-36,2025-11-15,132.12,10.94,P1:39:P2:31:P3:30
N-36,2025-11-16,141.0,10.52,P1:39:P2:31:P3:30
N-36,2025-11-17,135.11,10.92,P1:39:P2:31:P3:30
N-36,2025-11-18,139.9,11.06,P1:39:P2:31:P3:30
N-36,2025-11-19,136.65,11.13,P1:39:P2:31:P3:30
N-36,2025-11-20,131.46,10.28,P1:39:P2:31:P3:30
N-36,2025-11-21,132.48,10.9,P1:39:P2:31:P3:30
N-36,2025-11-22,137.43,11.03,P1:39:P2:31:P3:30
N-36,2025-11-23,146.41,10.85,P1:39:P2:31:P3:30
N-36,2025-11-24,137.01,11.05,P1:39:P2:31:P3:30
N-36,2025-11-25,127.71,10.81,P1:39:P2:31:P3:30
N-36,2025-11-26,137.81,11.05,P1:39:P2:31:P3:30
N-36,2025-11-27,135.18,11.09,P1:39:P2:31:P3:30
N-36,2025-11-28,141.11,10.93,P1:39:P2:31:P3:30
N-36,2025-11-29,141.37,10.52,P1:39:P2:31:P3:30
N-36,2025-11-30,128.14,10.82,P1:39:P2:31:P3:30
N-36,2025-12-01,144.71,10.63,P1:39:P2:31:P3:30
N-36,2025-12-02,140.93,11.03,P1:39:P2:31:P3:30
N-36,2025-12-03,132.95,10.58,P1:39:P2:31:P3:30
N-36,2025-12-04,128.69,10.92,P1:39:P2:31:P3:30
N-36,2025-12-05,133.57,10.91,P1:39:P2:31:P3:30
N-36,2025-12-06,133.09,10.83,P1:39:P2:31:P3:30
N-36,2025-12-07,139.15,11.12,P1:39:P2:31:P3:30
N-36,2025-12-08,142.83,11.12,P1:39:P2:31:P3:30
N-36,2025-12-09,128.49,10.71,P1:39:P2:31:P3:30
N-36,2025-12-10,135.87,10.0,P1:39:P2:31:P3:30
N-36,2025-12-11,140.52,10.8,P1:39:P2:31:P3:30
N-36,2025-12-12,130.53,10.79,P1:39:P2:31:P3:30
N-36,2025-12-13,145.06,10.59,P1:39:P2:31:P3:30
N-36,2025-12-14,134.87,10.61,P1:39:P2:31:P3:30
N-36,2025-12-15,136.5,11.45,P1:39:P2:31:P3:30
N-36,2025-12-16,131.67,10.54,P1:39:P2:31:P3:30
N-36,2025-12-17,139.19,11.61,P1:39:P2:31:P3:30
N-36,2025-12-18,140.9,10.97,P1:39:P2:31:P3:30
N-36,2025-12-19,134.49,11.36,P1:39:P2:31:P3:30
N-36,2025-12-20,130.91,10.46,P1:39:P2:31:P3:30
N-36,2025-12-21,138.59,10.91,P1:39:P2:31:P3:30
N-36,2025-12-22,129.21,10.71,P1:39:P2:31:P3:30
N-36,2025-12-23,148.36,10.74,P1:39:P2:31:P3:30
N-36,2025-12-24,135.07,11.02,P1:39:P2:31:P3:30
N-36,2025-12-25,140.27,10.97,P1:39:P2:31:P3:30
N-36,2025-12-26,140.98,10.95,P1:39:P2:31:P3:30
N-36,2025-12-27,0.0,0.0,P1:39:P2:31:P3:30
N-36,2025-12-28,134.62,10.86,P1:39:P2:31:P3:30
N-36,2025-12-29,140.3,10.89,P1:39:P2:31:P3:30
N-36,2025-12-30,137.85,10.74,P1:39:P2:31:P3:30
N-36,2025-12-31,137.84,10.52,P1:39:P2:31:P3:30
N-36,2026-01-01,134.99,10.64,P1:39:P2:31:P3:30
N-36,2026-01-02,134.56,10.76,P1:39:P2:31:P3:30
N-36,2026-01-03,127.31,10.96,P1:39:P2:31:P3:30
N-36,2026-01-04,136.95,10.72,P1:39:P2:31:P3:30
N-36,2026-01-05,145.41,11.22,P1:39:P2:31:P3:30
N-36,2026-01-06,143.67,11.01,P1:39:P2:31:P3:30
N-36,2026-01-07,141.69,10.42,P1:39:P2:31:P3:30
N-36,2026-01-08,134.54,11.3,P1:39:P2:31:P3:30
N-36,2026-01-09,135.86,10.9,P1:39:P2:31:P3:30
N-36,2026-01-10,150.12,10.83,P1:39:P2:31:P3:30
N-36,2026-01-11,142.29,10.98,P1:39:P2:31:P3:30
N-36,2026-01-12,150.0,10.99,P1:39:P2:31:P3:30
N-36,2026-01-13,133.73,11.04,P1:39:P2:31:P3:30
N-36,2026-01-14,140.29,11.31,P1:39:P2:31:P3:30
N-36,2026-01-15,144.17,10.77,P1:39:P2:31:P3:30
N-36,2026-01-16,0.0,0.0,P1:39:P2:31:P3:30
N-36,2026-01-17,138.11,11.53,P1:39:P2:31:P3:30
N-36,2026-01-18,136.21,11.38,P1:39:P2:31:P3:30
N-36,2026-01-19,142.77,11.25,P1:39:P2:31:P3:30
N-36,2026-01-20,134.95,10.65,P1:39:P2:31:P3:30
N-36,2026-01-21,128.42,11.87,P1:39:P2:31:P3:30
N-36,2026-01-22,135.76,11.14,P1:39:P2:31:P3:30
N-36,2026-01-23,135.89,11.35,P1:39:P2:31:P3:30
N-36,2026-01-24,138.07,10.7,P1:39:P2:31:P3:30
N-36,2026-01-25,143.33,11.16,P1:39:P2:31:P3:30
N-36,2026-01-26,134.58,10.51,P1:39:P2:31:P3:30
N-36,2026-01-27,127.2,11.48,P1:39:P2:31:P3:30
N-36,2026-01-28,132.92,10.59,P1:39:P2:31:P3:30
N-36,2026-01-29,144.43,10.52,P1:39:P2:31:P3:30
N-36,2026-01-30,142.34,11.0,P1:39:P2:31:P3:30
N-36,2026-01-31,147.46,10.9,P1:39:P2:31:P3:30
N-36,2026-02-01,142.01,11.15,P1:39:P2:31:P3:30
N-36,2026-02-02,131.31,11.5,P1:39:P2:31:P3:30
N-36,2026-02-03,133.45,11.16,P1:39:P2:31:P3:30
N-36,2026-02-04,138.77,10.53,P1:39:P2:31:P3:30
N-36,2026-02-05,137.59,10.81,P1:39:P2:31:P3:30
N-36,2026-02-06,133.45,10.85,P1:39:P2:31:P3:30
N-36,2026-02-07,133.47,11.06,P1:39:P2:31:P3:30
N-36,2026-02-08,143.63,11.42,P1:39:P2:31:P3:30
N-36,2026-02-09,135.99,11.25,P1:39:P2:31:P3:30
N-36,2026-02-10,130.61,11.1,P1:39:P2:31:P3:30
N-36,2026-02-11,132.13,11.2,P1:39:P2:31:P3:30
N-36,2026-02-12,132.03,11.02,P1:39:P2:31:P3:30
N-36,2026-02-13,135.76,11.03,P1:39:P2:31:P3:30
N-36,2026-02-14,138.35,11.21,P1:39:P2:31:P3:30
N-36,2026-02-15,142.33,10.8,P1:39:P2:31:P3:30
N-36,2026-02-16,131.85,10.68,P1:39:P2:31:P3:30
N-36,2026-02-17,136.28,11.77,P1:39:P2:31:P3:30
N-36,2026-02-18,140.03,10.72,P1:39:P2:31:P3:30
N-36,2026-02-19,141.85,10.81,P1:39:P2:31:P3:30
N-36,2026-02-20,140.35,11.15,P1:39:P2:31:P3:30
N-36,2026-02-21,0.0,0.0,P1:39:P2:31:P3:30
N-36,2026-02-22,140.02,10.78,P1:39:P2:31:P3:30
N-36,2026-02-23,147.04,11.0,P1:39:P2:31:P3:30
N-36,2026-02-24,136.63,10.76,P1:39:P2:31:P3:30
N-36,2026-02-25,141.79,10.64,P1:39:P2:31:P3:30
N-36,2026-02-26,139.83,10.62,P1:39:P2:31:P3:30
N-36,2026-02-27,133.16,11.17,P1:39:P2:31:P3:30
N-36,2026-02-28,134.7,11.34,P1:39:P2:31:P3:30
N-36,2026-03-01,135.81,10.86,P1:39:P2:31:P3:30
N-36,2026-03-02,139.81,10.62,P1:39:P2:31:P3:30
N-36,2026-03-03,132.67,11.14,P1:39:P2:31:P3:30
N-36,2026-03-04,128.43,10.29,P1:39:P2:31:P3:30
N-36,2026-03-05,147.14,11.21,P1:39:P2:31:P3:30
N-36,2026-03-06,143.15,11.48,P1:39:P2:31:P3:30
N-36,2026-03-07,136.18,11.1,P1:39:P2:31:P3:30
N-36,2026-03-08,135.17,10.47,P1:39:P2:31:P3:30
N-36,2026-03-09,141.24,10.96,P1:39:P2:31:P3:30
N-36,2026-03-10,142.13,11.25,P1:39:P2:31:P3:30
N-36,2026-03-11,142.63,11.27,P1:39:P2:31:P3:30
N-36,2026-03-12,135.86,10.93,P1:39:P2:31:P3:30
N-36,2026-03-13,132.63,11.52,P1:39:P2:31:P3:30
N-36,2026-03-14,143.79,10.85,P1:39:P2:31:P3:30
N-36,2026-03-15,141.72,10.83,P1:39:P2:31:P3:30
N-36,2026-03-16,141.17,10.7,P1:39:P2:31:P3:30
N-36,2026-03-17,134.64,10.81,P1:39:P2:31:P3:30
N-36,2026-03-18,144.64,10.86,P1:39:P2:31:P3:30
N-36,2026-03-19,142.69,10.64,P1:39:P2:31:P3:30
N-36,2026-03-20,128.13,11.44,P1:39:P2:31:P3:30
N-36,2026-03-21,137.79,11.35,P1:39:P2:31:P3:30
N-36,2026-03-22,142.86,10.34,P1:39:P2:31:P3:30
N-36,2026-03-23,146.32,10.62,P1:39:P2:31:P3:30
N-36,2026-03-24,134.94,10.45,P1:39:P2:31:P3:30
N-36,2026-03-25,138.68,10.6,P1:39:P2:31:P3:30
N-36,2026-03-26,134.96,9.87,P1:39:P2:31:P3:30
N-36,2026-03-27,137.71,11.05,P1:39:P2:31:P3:30
N-36,2026-03-28,141.14,10.79,P1:39:P2:31:P3:30
N-36,2026-03-29,135.04,11.22,P1:39:P2:31:P3:30
N-36,2026-03-30,137.91,10.89,P1:39:P2:31:P3:30
N-36,2026-03-31,135.5,10.67,P1:39:P2:31:P3:30
N-36,2026-04-01,144.6,11.03,P1:39:P2:31:P3:30
N-36,2026-04-02,134.54,10.48,P1:39:P2:31:P3:30
N-36,2026-04-03,136.81,11.17,P1:39:P2:31:P3:30
N-36,2026-04-04,140.85,10.97,P1:39:P2:31:P3:30
N-36,2026-04-05,139.91,11.23,P1:39:P2:31:P3:30
N-36,2026-04-06,140.55,10.87,P1:39:P2:31:P3:30
N-36,2026-04-07,132.94,10.28,P1:39:P2:31:P3:30
N-36,2026-04-08,138.62,10.67,P1:39:P2:31:P3:30
N-36,2026-04-09,135.42,10.83,P1:39:P2:31:P3:30
N-36,2026-04-10,0.0,0.0,P1:39:P2:31:P3:30
N-36,2026-04-11,145.08,10.55,P1:39:P2:31:P3:30
N-36,2026-04-12,138.77,10.45,P1:39:P2:31:P3:30
N-36,2026-04-13,133.72,10.97,P1:39:P2:31:P3:30
N-36,2026-04-14,135.39,11.03,P1:39:P2:31:P3:30
N-36,2026-04-15,0.0,0.0,P1:39:P2:31:P3:30
N-36,2026-04-16,131.41,10.51,P1:39:P2:31:P3:30
N-36,2026-04-17,143.46,11.34,P1:39:P2:31:P3:30
N-36,2026-04-18,144.14,11.42,P1:39:P2:31:P3:30
N-36,2026-04-19,127.87,10.37,P1:39:P2:31:P3:30
N-36,2026-04-20,140.19,10.91,P1:39:P2:31:P3:30
N-36,2026-04-21,139.65,10.83,P1:39:P2:31:P3:30
N-36,2026-04-22,144.61,11.07,P1:39:P2:31:P3:30
N-36,2026-04-23,133.69,11.16,P1:39:P2:31:P3:30
N-36,2026-04-24,142.48,10.48,P1:39:P2:31:P3:30
N-36,2026-04-25,135.2,10.47,P1:39:P2:31:P3:30
N-36,2026-04-26,147.72,10.95,P1:39:P2:31:P3:30
N-36,2026-04-27,137.44,11.31,P1:39:P2:31:P3:30
N-36,2026-04-28,145.93,11.26,P1:39:P2:31:P3:30
N-36,2026-04-29,136.32,10.61,P1:39:P2:31:P3:30
N-36,2026-04-30,144.96,11.13,P1:39:P2:31:P3:30
N-36,2026-05-01,146.02,10.8,P1:39:P2:31:P3:30
N-36,2026-05-02,142.77,10.94,P1:39:P2:31:P3:30
N-36,2026-05-03,138.59,10.59,P1:39:P2:31:P3:30
N-36,2026-05-04,147.1,11.36,P1:39:P2:31:P3:30
N-36,2026-05-05,143.93,11.18,P1:39:P2:31:P3:30
N-36,2026-05-06,130.84,11.01,P1:39:P2:31:P3:30
N-36,2026-05-07,135.05,10.66,P1:39:P2:31:P3:30
N-36,2026-05-08,134.91,11.13,P1:39:P2:31:P3:30
N-36,2026-05-09,138.12,11.19,P1:39:P2:31:P3:30
N-36,2026-05-10,147.78,11.09,P1:39:P2:31:P3:30
N-36,2026-05-11,135.97,10.54,P1:39:P2:31:P3:30
N-36,2026-05-12,137.09,11.1,P1:39:P2:31:P3:30
N-36,2026-05-13,147.92,11.03,P1:39:P2:31:P3:30
N-36,2026-05-14,131.31,10.64,P1:39:P2:31:P3:30
N-36,2026-05-15,139.53,10.93,P1:39:P2:31:P3:30
N-36,2026-05-16,138.53,11.64,P1:39:P2:31:P3:30
N-36,2026-05-17,137.62,10.99,P1:39:P2:31:P3:30
N-36,2026-05-18,138.03,10.94,P1:39:P2:31:P3:30
N-36,2026-05-19,132.2,11.25,P1:39:P2:31:P3:30
N-36,2026-05-20,151.26,11.01,P1:39:P2:31:P3:30
N-36,2026-05-21,138.55,10.84,P1:39:P2:31:P3:30
N-36,2026-05-22,138.09,10.89,P1:39:P2:31:P3:30
N-36,2026-05-23,144.64,10.25,P1:39:P2:31:P3:30
N-36,2026-05-24,135.19,10.82,P1:39:P2:31:P3:30
N-36,2026-05-25,131.75,10.97,P1:39:P2:31:P3:30
N-36,2026-05-26,130.96,10.2,P1:39:P2:31:P3:30
N-36,2026-05-27,134.54,11.79,P1:39:P2:31:P3:30
N-36,2026-05-28,143.33,11.22,P1:39:P2:31:P3:30
N-36,2026-05-29,130.98,10.95,P1:39:P2:31:P3:30
N-36,2026-05-30,132.31,11.19,P1:39:P2:31:P3:30
N-36,2026-05-31,128.23,10.93,P1:39:P2:31:P3:30
N-36,2026-06-01,141.33,10.9,P1:39:P2:31:P3:30
N-36,2026-06-02,142.85,10.85,P1:39:P2:31:P3:30
N-36,2026-06-03,139.02,10.19,P1:39:P2:31:P3:30
N-36,2026-06-04,126.91,11.14,P1:39:P2:31:P3:30
N-36,2026-06-05,140.94,10.83,P1:39:P2:31:P3:30
N-36,2026-06-06,138.07,10.6,P1:39:P2:31:P3:30
N-36,2026-06-07,139.47,10.79,P1:39:P2:31:P3:30
N-36,2026-06-08,141.72,10.86,P1:39:P2:31:P3:30
N-36,2026-06-09,126.26,10.43,P1:39:P2:31:P3:30
N-36,2026-06-10,135.11,10.84,P1:39:P2:31:P3:30
N-36,2026-06-11,145.29,11.63,P1:39:P2:31:P3:30
N-36,2026-06-12,130.99,10.85,P1:39:P2:31:P3:30
N-36,2026-06-13,149.06,11.04,P1:39:P2:31:P3:30
N-36,2026-06-14,142.27,11.41,P1:39:P2:31:P3:30
N-36,2026-06-15,144.35,10.8,P1:39:P2:31:P3:30
N-36,2026-06-16,133.27,10.79,P1:39:P2:31:P3:30
N-36,2026-06-17,132.98,11.54,P1:39:P2:31:P3:30
N-36,2026-06-18,146.75,10.61,P1:39:P2:31:P3:30
N-36,2026-06-19,133.59,10.95,P1:39:P2:31:P3:30
N-36,2026-06-20,136.05,11.52,P1:39:P2:31:P3:30
N-36,2026-06-21,140.6,10.51,P1:39:P2:31:P3:30
N-36,2026-06-22,0.0,0.0,P1:39:P2:31:P3:30
N-36,2026-06-23,141.4,10.76,P1:39:P2:31:P3:30
N-36,2026-06-24,130.9,11.19,P1:39:P2:31:P3:30
N-36,2026-06-25,144.24,11.12,P1:39:P2:31:P3:30
N-36,2026-06-26,140.17,11.73,P1:39:P2:31:P3:30
N-36,2026-06-27,135.64,10.76,P1:39:P2:31:P3:30
N-36,2026-06-28,133.34,11.08,P1:39:P2:31:P3:30
N-36,2026-06-29,129.57,11.29,P1:39:P2:31:P3:30
N-36,2026-06-30,138.99,11.48,P1:39:P2:31:P3:30
N-36,2026-07-01,134.56,10.56,P1:39:P2:31:P3:30
N-36,2026-07-02,135.65,11.02,P1:39:P2:31:P3:30
N-36,2026-07-03,140.27,11.39,P1:39:P2:31:P3:30
N-36,2026-07-04,142.61,10.9,P1:39:P2:31:P3:30
N-36,2026-07-05,140.27,11.53,P1:39:P2:31:P3:30
N-36,2026-07-06,131.01,10.54,P1:39:P2:31:P3:30
N-36,2026-07-07,136.1,10.78,P1:39:P2:31:P3:30
N-36,2026-07-08,140.18,10.88,P1:39:P2:31:P3:30
N-36,2026-07-09,130.46,11.17,P1:39:P2:31:P3:30
N-36,2026-07-10,141.6,10.58,P1:39:P2:31:P3:30
N-36,2026-07-11,137.27,10.9,P1:39:P2:31:P3:30
N-36,2026-07-12,0.0,0.0,P1:39:P2:31:P3:30
N-36,2026-07-13,135.14,11.02,P1:39:P2:31:P3:30
N-36,2026-07-14,141.3,11.4,P1:39:P2:31:P3:30
N-36,2026-07-15,134.3,11.03,P1:39:P2:31:P3:30
N-36,2026-07-16,129.66,11.1,P1:39:P2:31:P3:30
N-36,2026-07-17,141.72,11.35,P1:39:P2:31:P3:30
N-36,2026-07-18,149.88,11.07,P1:39:P2:31:P3:30
N-36,2026-07-19,134.0,10.47,P1:39:P2:31:P3:30
N-36,2026-07-20,149.6,11.11,P1:39:P2:31:P3:30
N-36,2026-07-21,140.12,11.19,P1:39:P2:31:P3:30
N-36,2026-07-22,130.2,10.94,P1:39:P2:31:P3:30
N-36,2026-07-23,145.61,10.5,P1:39:P2:31:P3:30
N-36,2026-07-24,134.51,11.21,P1:39:P2:31:P3:30
N-36,2026-07-25,139.34,10.48,P1:39:P2:31:P3:30
N-36,2026-07-26,135.26,10.87,P1:39:P2:31:P3:30
N-36,2026-07-27,140.15,10.92,P1:39:P2:31:P3:30
N-36,2026-07-28,135.25,10.93,P1:39:P2:31:P3:30
N-36,2026-07-29,139.14,10.7,P1:39:P2:31:P3:30
N-36,2026-07-30,133.98,10.82,P1:39:P2:31:P3:30
N-36,2026-07-31,137.22,11.29,P1:39:P2:31:P3:30
N-36,2026-08-01,136.75,10.69,P1:39:P2:31:P3:30
N-36,2026-08-02,137.65,11.07,P1:39:P2:31:P3:30
N-36,2026-08-03,130.41,11.03,P1:39:P2:31:P3:30
N-36,2026-08-04,137.16,10.63,P1:39:P2:31:P3:30
N-36,2026-08-05,144.21,10.5,P1:39:P2:31:P3:30
N-36,2026-08-06,140.94,10.78,P1:39:P2:31:P3:30
N-36,2026-08-07,137.12,10.79,P1:39:P2:31:P3:30
N-36,2026-08-08,143.71,11.26,P1:39:P2:31:P3:30
N-36,2026-08-09,140.27,11.39,P1:39:P2:31:P3:30
N-36,2026-08-10,146.26,11.29,P1:39:P2:31:P3:30
N-36,2026-08-11,138.23,11.26,P1:39:P2:31:P3:30
N-36,2026-08-12,140.54,11.4,P1:39:P2:31:P3:30
N-36,2026-08-13,152.73,10.71,P1:39:P2:31:P3:30
N-36,2026-08-14,147.21,10.44,P1:39:P2:31:P3:30
N-36,2026-08-15,145.9,11.4,P1:39:P2:31:P3:30
N-36,2026-08-16,143.11,10.85,P1:39:P2:31:P3:30
N-36,2026-08-17,131.57,10.4,P1:39:P2:31:P3:30
N-36,2026-08-18,131.84,10.53,P1:39:P2:31:P3:30
N-36,2026-08-19,132.1,11.35,P1:39:P2:31:P3:30
N-36,2026-08-20,141.14,11.22,P1:39:P2:31:P3:30
N-36,2026-08-21,141.61,10.93,P1:39:P2:31:P3:30
N-36,2026-08-22,142.64,10.8,P1:39:P2:31:P3:30
N-36,2026-08-23,140.32,10.68,P1:39:P2:31:P3:30
N-36,2026-08-24,135.89,11.12,P1:39:P2:31:P3:30
N-36,2026-08-25,141.18,10.84,P1:39:P2:31:P3:30
N-36,2026-08-26,134.52,11.09,P1:39:P2:31:P3:30
N-36,2026-08-27,143.95,11.11,P1:39:P2:31:P3:30
N-36,2026-08-28,130.65,10.85,P1:39:P2:31:P3:30
N-36,2026-08-29,144.27,11.13,P1:39:P2:31:P3:30
N-36,2026-08-30,136.95,11.05,P1:39:P2:31:P3:30
N-36,2026-08-31,135.33,11.23,P1:39:P2:31:P3:30
Z-41,2025-09-01,175.13,9.99,P2:56:P1:44
Z-41,2025-09-02,165.36,9.85,P2:56:P1:44
Z-41,2025-09-03,174.31,10.1,P2:56:P1:44
Z-41,2025-09-04,187.47,9.82,P2:56:P1:44
Z-41,2025-09-05,169.71,10.27,P2:56:P1:44
Z-41,2025-09-06,180.28,9.84,P2:56:P1:44
Z-41,2025-09-07,182.46,10.81,P2:56:P1:44
Z-41,2025-09-08,175.29,9.31,P2:56:P1:44
Z-41,2025-09-09,189.73,10.77,P2:56:P1:44
Z-41,2025-09-10,188.71,9.96,P2:56:P1:44
Z-41,2025-09-11,184.27,9.79,P2:56:P1:44
Z-41,2025-09-12,179.34,9.83,P2:56:P1:44
Z-41,2025-09-13,186.12,9.67,P2:56:P1:44
Z-41,2025-09-14,178.64,10.33,P2:56:P1:44
Z-41,2025-09-15,178.93,9.97,P2:56:P1:44
Z-41,2025-09-16,174.82,9.91,P2:56:P1:44
Z-41,2025-09-17,178.14,9.62,P2:56:P1:44
Z-41,2025-09-18,177.38,9.66,P2:56:P1:44
Z-41,2025-09-19,184.96,10.23,P2:56:P1:44
Z-41,2025-09-20,182.53,9.72,P2:56:P1:44
Z-41,2025-09-21,176.82,9.42,P2:56:P1:44
Z-41,2025-09-22,167.22,9.8,P2:56:P1:44
Z-41,2025-09-23,169.95,9.85,P2:56:P1:44
Z-41,2025-09-24,175.34,10.28,P2:56:P1:44
Z-41,2025-09-25,170.8,9.97,P2:56:P1:44
Z-41,2025-09-26,176.82,9.72,P2:56:P1:44
Z-41,2025-09-27,181.94,9.88,P2:56:P1:44
Z-41,2025-09-28,168.43,9.87,P2:56:P1:44
Z-41,2025-09-29,173.66,9.97,P2:56:P1:44
Z-41,2025-09-30,164.62,10.31,P2:56:P1:44
Z-41,2025-10-01,175.47,10.65,P2:56:P1:44
Z-41,2025-10-02,175.18,9.77,P2:56:P1:44
Z-41,2025-10-03,177.39,10.38,P2:56:P1:44
Z-41,2025-10-04,168.84,10.26,P2:56:P1:44
Z-41,2025-10-05,178.23,9.81,P2:56:P1:44
Z-41,2025-10-06,173.63,10.31,P2:56:P1:44
Z-41,2025-10-07,174.03,10.22,P2:56:P1:44
Z-41,2025-10-08,177.83,10.48,P2:56:P1:44
Z-41,2025-10-09,169.03,10.09,P2:56:P1:44
Z-41,2025-10-10,168.04,9.99,P2:56:P1:44
Z-41,2025-10-11,157.62,9.55,P2:56:P1:44
Z-41,2025-10-12,164.03,10.24,P2:56:P1:44
Z-41,2025-10-13,182.91,10.38,P2:56:P1:44
Z-41,2025-10-14,187.71,10.27,P2:56:P1:44
Z-41,2025-10-15,168.16,10.25,P2:56:P1:44
Z-41,2025-10-16,168.33,9.65,P2:56:P1:44
Z-41,2025-10-17,181.98,10.13,P2:56:P1:44
Z-41,2025-10-18,174.61,10.56,P2:56:P1:44
Z-41,2025-10-19,177.55,9.85,P2:56:P1:44
Z-41,2025-10-20,170.66,9.98,P2:56:P1:44
Z-41,2025-10-21,180.01,10.1,P2:56:P1:44
Z-41,2025-10-22,170.05,9.72,P2:56:P1:44
Z-41,2025-10-23,179.93,10.34,P2:56:P1:44
Z-41,2025-10-24,180.7,9.99,P2:56:P1:44
Z-41,2025-10-25,172.78,10.02,P2:56:P1:44
Z-41,2025-10-26,196.2,9.98,P2:56:P1:44
Z-41,2025-10-27,172.48,10.59,P2:56:P1:44
Z-41,2025-10-28,185.53,9.49,P2:56:P1:44
Z-41,2025-10-29,180.03,9.85,P2:56:P1:44
Z-41,2025-10-30,175.53,10.11,P2:56:P1:44
Z-41,2025-10-31,176.49,9.81,P2:56:P1:44
Z-41,2025-11-01,171.22,9.7,P2:56:P1:44
Z-41,2025-11-02,182.59,9.71,P2:56:P1:44
Z-41,2025-11-03,0.0,0.0,P2:56:P1:44
Z-41,2025-11-04,174.25,9.49,P2:56:P1:44
Z-41,2025-11-05,188.19,10.56,P2:56:P1:44
Z-41,2025-11-06,164.13,9.63,P2:56:P1:44
Z-41,2025-11-07,185.02,10.23,P2:56:P1:44
Z-41,2025-11-08,178.49,9.92,P2:56:P1:44
Z-41,2025-11-09,168.9,9.35,P2:56:P1:44
Z-41,2025-11-10,185.53,10.15,P2:56:P1:44
Z-41,2025-11-11,176.13,10.29,P2:56:P1:44
Z-41,2025-11-12,164.08,10.21,P2:56:P1:44
Z-41,2025-11-13,168.3,10.06,P2:56:P1:44
Z-41,2025-11-14,178.16,9.42,P2:56:P1:44
Z-41,2025-11-15,173.25,10.48,P2:56:P1:44
Z-41,2025-11-16,167.14,9.97,P2:56:P1:44
Z-41,2025-11-17,186.93,10.14,P2:56:P1:44
Z-41,2025-11-18,172.12,10.17,P2:56:P1:44
Z-41,2025-11-19,184.13,9.95,P2:56:P1:44
Z-41,2025-11-20,181.73,10.21,P2:56:P1:44
Z-41,2025-11-21,177.26,10.03,P2:56:P1:44
Z-41,2025-11-22,167.22,10.11,P2:56:P1:44
Z-41,2025-11-23,173.21,9.76,P2:56:P1:44
Z-41,2025-11-24,182.93,9.68,P2:56:P1:44
Z-41,2025-11-25,170.04,10.24,P2:56:P1:44
Z-41,2025-11-26,183.1,10.25,P2:56:P1:44
Z-41,2025-11-27,176.32,10.13,P2:56:P1:44
Z-41,2025-11-28,180.64,10.37,P2:56:P1:44
Z-41,2025-11-29,193.46,10.17,P2:56:P1:44
Z-41,2025-11-30,181.23,9.58,P2:56:P1:44
Z-41,2025-12-01,176.73,9.82,P2:56:P1:44
Z-41,2025-12-02,174.67,9.86,P2:56:P1:44
Z-41,2025-12-03,167.92,9.81,P2:56:P1:44
Z-41,2025-12-04,175.2,9.85,P2:56:P1:44
Z-41,2025-12-05,177.59,10.25,P2:56:P1:44
Z-41,2025-12-06,168.65,9.78,P2:56:P1:44
Z-41,2025-12-07,178.78,9.76,P2:56:P1:44
Z-41,2025-12-08,168.49,9.82,P2:56:P1:44
Z-41,2025-12-09,184.99,9.85,P2:56:P1:44
Z-41,2025-12-10,177.92,9.89,P2:56:P1:44
Z-41,2025-12-11,183.84,10.38,P2:56:P1:44
Z-41,2025-12-12,174.03,10.14,P2:56:P1:44
Z-41,2025-12-13,172.03,10.25,P2:56:P1:44
Z-41,2025-12-14,172.57,10.08,P2:56:P1:44
Z-41,2025-12-15,184.96,9.93,P2:56:P1:44
Z-41,2025-12-16,166.64,10.15,P2:56:P1:44
Z-41,2025-12-17,170.65,10.4,P2:56:P1:44
Z-41,2025-12-18,170.45,10.34,P2:56:P1:44
Z-41,2025-12-19,184.43,9.83,P2:56:P1:44
Z-41,2025-12-20,178.34,10.01,P2:56:P1:44
Z-41,2025-12-21,177.02,9.49,P2:56:P1:44
Z-41,2025-12-22,174.7,10.19,P2:56:P1:44
Z-41,2025-12-23,180.62,10.29,P2:56:P1:44
Z-41,2025-12-24,166.85,10.14,P2:56:P1:44
Z-41,2025-12-25,173.49,10.3,P2:56:P1:44
Z-41,2025-12-26,169.97,10.0,P2:56:P1:44
Z-41,2025-12-27,185.38,10.06,P2:56:P1:44
Z-41,2025-12-28,166.83,10.26,P2:56:P1:44
Z-41,2025-12-29,168.02,9.79,P2:56:P1:44
Z-41,2025-12-30,174.42,9.64,P2:56:P1:44
Z-41,2025-12-31,170.96,9.96,P2:56:P1:44
Z-41,2026-01-01,175.75,9.6,P2:56:P1:44
Z-41,2026-01-02,185.67,9.82,P2:56:P1:44
Z-41,2026-01-03,165.63,9.61,P2:56:P1:44
Z-41,2026-01-04,175.81,10.16,P2:56:P1:44
Z-41,2026-01-05,176.7,10.15,P2:56:P1:44
Z-41,2026-01-06,178.98,10.41,P2:56:P1:44
Z-41,2026-01-07,175.43,9.53,P2:56:P1:44
Z-41,2026-01-08,163.28,9.46,P2:56:P1:44
Z-41,2026-01-09,166.58,10.04,P2:56:P1:44
Z-41,2026-01-10,173.47,10.06,P2:56:P1:44
Z-41,2026-01-11,169.73,10.13,P2:56:P1:44
Z-41,2026-01-12,175.73,9.92,P2:56:P1:44
Z-41,2026-01-13,162.31,9.5,P2:56:P1:44
Z-41,2026-01-14,182.18,9.96,P2:56:P1:44
Z-41,2026-01-15,168.69,9.39,P2:56:P1:44
Z-41,2026-01-16,183.26,10.26,P2:56:P1:44
Z-41,2026-01-17,183.26,10.03,P2:56:P1:44
Z-41,2026-01-18,175.56,9.86,P2:56:P1:44
Z-41,2026-01-19,173.64,10.28,P2:56:P1:44
Z-41,2026-01-20,167.1,10.09,P2:56:P1:44
Z-41,2026-01-21,179.16,10.39,P2:56:P1:44
Z-41,2026-01-22,161.3,9.87,P2:56:P1:44
Z-41,2026-01-23,173.8,9.74,P2:56:P1:44
Z-41,2026-01-24,184.54,10.38,P2:56:P1:44
Z-41,2026-01-25,179.23,9.98,P2:56:P1:44
Z-41,2026-01-26,177.76,10.37,P2:56:P1:44
Z-41,2026-01-27,168.46,9.87,P2:56:P1:44
Z-41,2026-01-28,191.91,9.49,P2:56:P1:44
Z-41,2026-01-29,166.72,10.39,P2:56:P1:44
Z-41,2026-01-30,176.85,10.24,P2:56:P1:44
Z-41,2026-01-31,179.29,10.31,P2:56:P1:44
Z-41,2026-02-01,174.08,9.97,P2:56:P1:44
Z-41,2026-02-02,169.44,10.29,P2:56:P1:44
Z-41,2026-02-03,178.68,9.44,P2:56:P1:44
Z-41,2026-02-04,178.78,10.24,P2:56:P1:44
Z-41,2026-02-05,180.95,9.83,P2:56:P1:44
Z-41,2026-02-06,171.36,9.87,P2:56:P1:44
Z-41,2026-02-07,171.74,9.89,P2:56:P1:44
Z-41,2026-02-08,173.92,10.3,P2:56:P1:44
Z-41,2026-02-09,173.73,10.11,P2:56:P1:44
Z-41,2026-02-10,175.27,10.21,P2:56:P1:44
Z-41,2026-02-11,172.91,10.0,P2:56:P1:44
Z-41,2026-02-12,174.69,9.75,P2:56:P1:44
Z-41,2026-02-13,159.43,9.73,P2:56:P1:44
Z-41,2026-02-14,190.69,10.12,P2:56:P1:44
Z-41,2026-02-15,182.16,10.62,P2:56:P1:44
Z-41,2026-02-16,188.05,10.28,P2:56:P1:44
Z-41,2026-02-17,175.69,9.7,P2:56:P1:44
Z-41,2026-02-18,179.5,9.54,P2:56:P1:44
Z-41,2026-02-19,168.61,10.42,P2:56:P1:44
Z-41,2026-02-20,179.52,9.73,P2:56:P1:44
Z-41,2026-02-21,169.83,9.66,P2:56:P1:44
Z-41,2026-02-22,173.79,9.7,P2:56:P1:44
Z-41,2026-02-23,183.95,10.21,P2:56:P1:44
Z-41,2026-02-24,153.41,9.75,P2:56:P1:44
Z-41,2026-02-25,183.28,10.08,P2:56:P1:44
Z-41,2026-02-26,179.57,10.18,P2:56:P1:44
Z-41,2026-02-27,171.76,9.81,P2:56:P1:44
Z-41,2026-02-28,175.28,10.24,P2:56:P1:44
Z-41,2026-03-01,180.05,10.09,P2:56:P1:44
Z-41,2026-03-02,0.0,0.0,P2:56:P1:44
Z-41,2026-03-03,163.88,10.15,P2:56:P1:44
Z-41,2026-03-04,184.64,9.75,P2:56:P1:44
Z-41,2026-03-05,185.15,9.73,P2:56:P1:44
Z-41,2026-03-06,181.94,9.51,P2:56:P1:44
Z-41,2026-03-07,179.16,10.34,P2:56:P1:44
Z-41,2026-03-08,171.46,9.78,P2:56:P1:44
Z-41,2026-03-09,167.94,10.13,P2:56:P1:44
Z-41,2026-03-10,167.0,10.22,P2:56:P1:44
Z-41,2026-03-11,164.19,9.8,P2:56:P1:44
Z-41,2026-03-12,174.95,9.7,P2:56:P1:44
Z-41,2026-03-13,178.82,10.32,P2:56:P1:44
Z-41,2026-03-14,181.65,10.1,P2:56:P1:44
Z-41,2026-03-15,170.22,9.47,P2:56:P1:44
Z-41,2026-03-16,169.47,10.49,P2:56:P1:44
Z-41,2026-03-17,162.75,10.37,P2:56:P1:44
Z-41,2026-03-18,171.76,9.87,P2:56:P1:44
Z-41,2026-03-19,174.43,9.97,P2:56:P1:44
Z-41,2026-03-20,176.34,10.18,P2:56:P1:44
Z-41,2026-03-21,172.63,9.81,P2:56:P1:44
Z-41,2026-03-22,172.16,9.43,P2:56:P1:44
Z-41,2026-03-23,175.25,9.53,P2:56:P1:44
Z-41,2026-03-24,159.05,10.16,P2:56:P1:44
Z-41,2026-03-25,179.97,9.91,P2:56:P1:44
Z-41,2026-03-26,178.95,9.89,P2:56:P1:44
Z-41,2026-03-27,172.67,9.5,P2:56:P1:44
Z-41,2026-03-28,166.6,9.8,P2:56:P1:44
Z-41,2026-03-29,189.11,9.81,P2:56:P1:44
Z-41,2026-03-30,173.41,9.95,P2:56:P1:44
Z-41,2026-03-31,173.55,10.05,P2:56:P1:44
Z-41,2026-04-01,176.02,10.05,P2:56:P1:44
Z-41,2026-04-02,175.17,9.85,P2:56:P1:44
Z-41,2026-04-03,182.43,10.05,P2:56:P1:44
Z-41,2026-04-04,174.11,9.66,P2:56:P1:44
Z-41,2026-04-05,178.54,10.96,P2:56:P1:44
Z-41,2026-04-06,173.06,10.09,P2:56:P1:44
Z-41,2026-04-07,179.44,10.54,P2:56:P1:44
Z-41,2026-04-08,165.22,9.8,P2:56:P1:44
Z-41,2026-04-09,177.84,10.11,P2:56:P1:44
Z-41,2026-04-10,174.09,9.86,P2:56:P1:44
Z-41,2026-04-11,170.09,9.94,P2:56:P1:44
Z-41,2026-04-12,182.55,10.35,P2:56:P1:44
Z-41,2026-04-13,174.35,9.71,P2:56:P1:44
Z-41,2026-04-14,174.12,9.78,P2:56:P1:44
Z-41,2026-04-15,184.63,9.81,P2:56:P1:44
Z-41,2026-04-16,170.37,9.68,P2:56:P1:44
Z-41,2026-04-17,183.52,10.18,P2:56:P1:44
Z-41,2026-04-18,164.38,9.63,P2:56:P1:44
Z-41,2026-04-19,178.91,10.26,P2:56:P1:44
Z-41,2026-04-20,164.64,10.0,P2:56:P1:44
Z-41,2026-04-21,172.27,10.03,P2:56:P1:44
Z-41,2026-04-22,166.63,9.97,P2:56:P1:44
Z-41,2026-04-23,165.98,10.24,P2:56:P1:44
Z-41,2026-04-24,169.24,10.32,P2:56:P1:44
Z-41,2026-04-25,161.29,10.29,P2:56:P1:44
Z-41,2026-04-26,176.2,10.02,P2:56:P1:44
Z-41,2026-04-27,189.77,10.07,P2:56:P1:44
Z-41,2026-04-28,184.83,9.77,P2:56:P1:44
Z-41,2026-04-29,176.48,10.15,P2:56:P1:44
Z-41,2026-04-30,184.6,9.99,P2:56:P1:44
Z-41,2026-05-01,186.74,9.86,P2:56:P1:44
Z-41,2026-05-02,163.73,10.12,P2:56:P1:44
Z-41,2026-05-03,189.96,10.24,P2:56:P1:44
Z-41,2026-05-04,179.44,10.1,P2:56:P1:44
Z-41,2026-05-05,169.93,10.3,P2:56:P1:44
Z-41,2026-05-06,178.53,9.44,P2:56:P1:44
Z-41,2026-05-07,184.91,9.83,P2:56:P1:44
Z-41,2026-05-08,184.33,10.04,P2:56:P1:44
Z-41,2026-05-09,168.14,9.83,P2:56:P1:44
Z-41,2026-05-10,177.18,10.37,P2:56:P1:44
Z-41,2026-05-11,177.96,9.82,P2:56:P1:44
Z-41,2026-05-12,186.52,10.21,P2:56:P1:44
Z-41,2026-05-13,170.14,9.44,P2:56:P1:44
Z-41,2026-05-14,172.71,10.15,P2:56:P1:44
Z-41,2026-05-15,172.3,10.17,P2:56:P1:44
Z-41,2026-05-16,172.34,10.31,P2:56:P1:44
Z-41,2026-05-17,172.44,10.24,P2:56:P1:44
Z-41,2026-05-18,170.56,9.77,P2:56:P1:44
Z-41,2026-05-19,178.77,9.74,P2:56:P1:44
Z-41,2026-05-20,176.71,9.93,P2:56:P1:44
Z-41,2026-05-21,184.97,10.22,P2:56:P1:44
Z-41,2026-05-22,168.18,9.69,P2:56:P1:44
Z-41,2026-05-23,172.52,10.38,P2:56:P1:44
Z-41,2026-05-24,166.38,9.87,P2:56:P1:44
Z-41,2026-05-25,178.08,9.72,P2:56:P1:44
Z-41,2026-05-26,186.9,9.9,P2:56:P1:44
Z-41,2026-05-27,170.53,9.76,P2:56:P1:44
Z-41,2026-05-28,178.58,9.85,P2:56:P1:44
Z-41,2026-05-29,155.75,10.03,P2:56:P1:44
Z-41,2026-05-30,168.44,9.9,P2:56:P1:44
Z-41,2026-05-31,168.65,9.81,P2:56:P1:44
Z-41,2026-06-01,182.14,9.92,P2:56:P1:44
Z-41,2026-06-02,176.63,10.17,P2:56:P1:44
Z-41,2026-06-03,188.21,10.07,P2:56:P1:44
Z-41,2026-06-04,177.13,9.83,P2:56:P1:44
Z-41,2026-06-05,169.84,9.77,P2:56:P1:44
Z-41,2026-06-06,175.28,9.78,P2:56:P1:44
Z-41,2026-06-07,167.67,10.0,P2:56:P1:44
Z-41,2026-06-08,176.16,9.43,P2:56:P1:44
Z-41,2026-06-09,189.26,10.05,P2:56:P1:44
Z-41,2026-06-10,177.58,10.19,P2:56:P1:44
Z-41,2026-06-11,184.9,9.78,P2:56:P1:44
Z-41,2026-06-12,180.08,9.81,P2:56:P1:44
Z-41,2026-06-13,191.01,9.85,P2:56:P1:44
Z-41,2026-06-14,176.7,9.99,P2:56:P1:44
Z-41,2026-06-15,169.79,9.66,P2:56:P1:44
Z-41,2026-06-16,175.22,9.8,P2:56:P1:44
Z-41,2026-06-17,181.17,9.75,P2:56:P1:44
Z-41,2026-06-18,177.24,10.39,P2:56:P1:44
Z-41,2026-06-19,170.39,9.77,P2:56:P1:44
Z-41,2026-06-20,176.73,10.02,P2:56:P1:44
Z-41,2026-06-21,176.31,10.22,P2:56:P1:44
Z-41,2026-06-22,172.1,10.47,P2:56:P1:44
Z-41,2026-06-23,174.84,9.39,P2:56:P1:44
Z-41,2026-06-24,175.31,9.8,P2:56:P1:44
Z-41,2026-06-25,177.66,9.91,P2:56:P1:44
Z-41,2026-06-26,163.08,9.7,P2:56:P1:44
Z-41,2026-06-27,183.21,9.63,P2:56:P1:44
Z-41,2026-06-28,167.22,9.84,P2:56:P1:44
Z-41,2026-06-29,175.17,10.27,P2:56:P1:44
Z-41,2026-06-30,0.0,0.0,P2:56:P1:44
Z-41,2026-07-01,164.42,10.3,P2:56:P1:44
Z-41,2026-07-02,177.77,10.59,P2:56:P1:44
Z-41,2026-07-03,180.94,9.89,P2:56:P1:44
Z-41,2026-07-04,170.27,9.66,P2:56:P1:44
Z-41,2026-07-05,171.65,9.62,P2:56:P1:44
Z-41,2026-07-06,171.39,9.86,P2:56:P1:44
Z-41,2026-07-07,179.04,9.85,P2:56:P1:44
Z-41,2026-07-08,174.33,10.03,P2:56:P1:44
Z-41,2026-07-09,165.48,10.26,P2:56:P1:44
Z-41,2026-07-10,165.85,9.72,P2:56:P1:44
Z-41,2026-07-11,190.25,10.45,P2:56:P1:44
Z-41,2026-07-12,186.4,10.29,P2:56:P1:44
Z-41,2026-07-13,181.06,10.43,P2:56:P1:44
Z-41,2026-07-14,172.92,10.57,P2:56:P1:44
Z-41,2026-07-15,176.23,9.51,P2:56:P1:44
Z-41,2026-07-16,162.41,9.37,P2:56:P1:44
Z-41,2026-07-17,180.8,9.88,P2:56:P1:44
Z-41,2026-07-18,178.86,9.98,P2:56:P1:44
Z-41,2026-07-19,179.23,9.81,P2:56:P1:44
Z-41,2026-07-20,169.36,10.1,P2:56:P1:44
Z-41,2026-07-21,170.65,10.1,P2:56:P1:44
Z-41,2026-07-22,177.54,10.43,P2:56:P1:44
Z-41,2026-07-23,174.8,10.18,P2:56:P1:44
Z-41,2026-07-24,170.81,9.84,P2:56:P1:44
Z-41,2026-07-25,168.3,10.07,P2:56:P1:44
Z-41,2026-07-26,173.7,10.03,P2:56:P1:44
Z-41,2026-07-27,182.93,9.91,P2:56:P1:44
Z-41,2026-07-28,169.07,9.6,P2:56:P1:44
Z-41,2026-07-29,189.77,10.04,P2:56:P1:44
Z-41,2026-07-30,171.76,9.9,P2:56:P1:44
Z-41,2026-07-31,173.37,10.09,P2:56:P1:44
Z-41,2026-08-01,173.96,9.77,P2:56:P1:44
Z-41,2026-08-02,185.96,9.37,P2:56:P1:44
Z-41,2026-08-03,179.62,9.73,P2:56:P1:44
Z-41,2026-08-04,179.16,9.88,P2:56:P1:44
Z-41,2026-08-05,181.06,9.99,P2:56:P1:44
Z-41,2026-08-06,164.15,9.83,P2:56:P1:44
Z-41,2026-08-07,170.54,9.59,P2:56:P1:44
Z-41,2026-08-08,168.77,9.73,P2:56:P1:44
Z-41,2026-08-09,173.35,9.99,P2:56:P1:44
Z-41,2026-08-10,168.74,9.91,P2:56:P1:44
Z-41,2026-08-11,174.84,10.21,P2:56:P1:44
Z-41,2026-08-12,176.47,9.87,P2:56:P1:44
Z-41,2026-08-13,177.91,9.63,P2:56:P1:44
Z-41,2026-08-14,169.01,9.9,P2:56:P1:44
Z-41,2026-08-15,177.09,9.67,P2:56:P1:44
Z-41,2026-08-16,0.0,0.0,P2:56:P1:44
Z-41,2026-08-17,185.32,9.49,P2:56:P1:44
Z-41,2026-08-18,165.26,9.88,P2:56:P1:44
Z-41,2026-08-19,171.61,10.52,P2:56:P1:44
Z-41,2026-08-20,174.76,10.4,P2:56:P1:44
Z-41,2026-08-21,180.31,10.14,P2:56:P1:44
Z-41,2026-08-22,170.07,10.21,P2:56:P1:44
Z-41,2026-08-23,172.57,9.72,P2:56:P1:44
Z-41,2026-08-24,180.46,9.86,P2:56:P1:44
Z-41,2026-08-25,176.25,10.24,P2:56:P1:44
Z-41,2026-08-26,167.07,9.68,P2:56:P1:44
Z-41,2026-08-27,181.23,9.82,P2:56:P1:44
Z-41,2026-08-28,169.87,10.39,P2:56:P1:44
Z-41,2026-08-29,180.03,9.64,P2:56:P1:44
Z-41,2026-08-30,180.21,10.13,P2:56:P1:44
Z-41,2026-08-31,167.44,10.3,P2:56:P1:44
X-29,2025-09-01,68.96,9.63,P1:45:P2:25:P3:30
X-29,2025-09-02,67.67,9.24,P1:45:P2:25:P3:30
X-29,2025-09-03,70.44,10.18,P1:45:P2:25:P3:30
X-29,2025-09-04,69.62,9.62,P1:45:P2:25:P3:30
X-29,2025-09-05,75.46,9.59,P1:45:P2:25:P3:30
X-29,2025-09-06,66.45,9.63,P1:45:P2:25:P3:30
X-29,2025-09-07,0.0,0.0,P1:45:P2:25:P3:30
X-29,2025-09-08,64.31,9.4,P1:45:P2:25:P3:30
X-29,2025-09-09,67.54,9.46,P1:45:P2:25:P3:30
X-29,2025-09-10,69.25,9.2,P1:45:P2:25:P3:30
X-29,2025-09-11,70.12,9.74,P1:45:P2:25:P3:30
X-29,2025-09-12,68.39,9.84,P1:45:P2:25:P3:30
X-29,2025-09-13,68.91,9.78,P1:45:P2:25:P3:30
X-29,2025-09-14,65.11,9.24,P1:45:P2:25:P3:30
X-29,2025-09-15,67.21,9.25,P1:45:P2:25:P3:30
X-29,2025-09-16,73.01,8.98,P1:45:P2:25:P3:30
X-29,2025-09-17,66.88,9.27,P1:45:P2:25:P3:30
X-29,2025-09-18,66.38,9.07,P1:45:P2:25:P3:30
X-29,2025-09-19,71.12,9.36,P1:45:P2:25:P3:30
X-29,2025-09-20,76.1,9.18,P1:45:P2:25:P3:30
X-29,2025-09-21,66.47,9.32,P1:45:P2:25:P3:30
X-29,2025-09-22,72.49,9.34,P1:45:P2:25:P3:30
X-29,2025-09-23,72.4,8.81,P1:45:P2:25:P3:30
X-29,2025-09-24,70.05,9.99,P1:45:P2:25:P3:30
X-29,2025-09-25,70.82,9.38,P1:45:P2:25:P3:30
X-29,2025-09-26,65.16,9.43,P1:45:P2:25:P3:30
X-29,2025-09-27,65.95,9.3,P1:45:P2:25:P3:30
X-29,2025-09-28,75.95,9.28,P1:45:P2:25:P3:30
X-29,2025-09-29,71.34,9.08,P1:45:P2:25:P3:30
X-29,2025-09-30,70.25,10.0,P1:45:P2:25:P3:30
X-29,2025-10-01,69.63,9.21,P1:45:P2:25:P3:30
X-29,2025-10-02,72.46,8.62,P1:45:P2:25:P3:30
X-29,2025-10-03,70.22,9.43,P1:45:P2:25:P3:30
X-29,2025-10-04,74.12,9.49,P1:45:P2:25:P3:30
X-29,2025-10-05,71.3,9.44,P1:45:P2:25:P3:30
X-29,2025-10-06,71.83,9.33,P1:45:P2:25:P3:30
X-29,2025-10-07,74.12,9.62,P1:45:P2:25:P3:30
X-29,2025-10-08,65.63,9.07,P1:45:P2:25:P3:30
X-29,2025-10-09,75.93,9.37,P1:45:P2:25:P3:30
X-29,2025-10-10,71.8,9.61,P1:45:P2:25:P3:30
X-29,2025-10-11,64.89,9.26,P1:45:P2:25:P3:30
X-29,2025-10-12,69.96,9.33,P1:45:P2:25:P3:30
X-29,2025-10-13,70.61,10.28,P1:45:P2:25:P3:30
X-29,2025-10-14,70.87,9.32,P1:45:P2:25:P3:30
X-29,2025-10-15,73.73,9.53,P1:45:P2:25:P3:30
X-29,2025-10-16,70.24,9.89,P1:45:P2:25:P3:30
X-29,2025-10-17,71.82,9.78,P1:45:P2:25:P3:30
X-29,2025-10-18,77.28,9.27,P1:45:P2:25:P3:30
X-29,2025-10-19,70.76,8.84,P1:45:P2:25:P3:30
X-29,2025-10-20,71.96,9.44,P1:45:P2:25:P3:30
X-29,2025-10-21,65.82,8.94,P1:45:P2:25:P3:30
X-29,2025-10-22,73.48,9.2,P1:45:P2:25:P3:30
X-29,2025-10-23,68.62,9.09,P1:45:P2:25:P3:30
X-29,2025-10-24,68.5,9.47,P1:45:P2:25:P3:30
X-29,2025-10-25,71.11,9.5,P1:45:P2:25:P3:30
X-29,2025-10-26,65.33,9.84,P1:45:P2:25:P3:30
X-29,2025-10-27,72.34,9.52,P1:45:P2:25:P3:30
X-29,2025-10-28,71.5,9.65,P1:45:P2:25:P3:30
X-29,2025-10-29,70.9,9.6,P1:45:P2:25:P3:30
X-29,2025-10-30,72.51,9.64,P1:45:P2:25:P3:30
X-29,2025-10-31,72.51,9.74,P1:45:P2:25:P3:30
X-29,2025-11-01,73.09,9.62,P1:45:P2:25:P3:30
X-29,2025-11-02,70.12,9.45,P1:45:P2:25:P3:30
X-29,2025-11-03,67.67,9.47,P1:45:P2:25:P3:30
X-29,2025-11-04,65.96,9.89,P1:45:P2:25:P3:30
X-29,2025-11-05,72.95,9.32,P1:45:P2:25:P3:30
X-29,2025-11-06,70.04,10.2,P1:45:P2:25:P3:30
X-29,2025-11-07,65.67,10.01,P1:45:P2:25:P3:30
X-29,2025-11-08,66.01,9.67,P1:45:P2:25:P3:30
X-29,2025-11-09,69.62,9.69,P1:45:P2:25:P3:30
X-29,2025-11-10,62.96,9.93,P1:45:P2:25:P3:30
X-29,2025-11-11,81.0,9.28,P1:45:P2:25:P3:30
X-29,2025-11-12,67.83,9.7,P1:45:P2:25:P3:30
X-29,2025-11-13,73.56,9.5,P1:45:P2:25:P3:30
X-29,2025-11-14,68.16,9.57,P1:45:P2:25:P3:30
X-29,2025-11-15,70.64,9.33,P1:45:P2:25:P3:30
X-29,2025-11-16,72.57,9.84,P1:45:P2:25:P3:30
X-29,2025-11-17,73.2,9.29,P1:45:P2:25:P3:30
X-29,2025-11-18,72.25,9.47,P1:45:P2:25:P3:30
X-29,2025-11-19,68.4,9.69,P1:45:P2:25:P3:30
X-29,2025-11-20,73.4,9.83,P1:45:P2:25:P3:30
X-29,2025-11-21,72.21,9.48,P1:45:P2:25:P3:30
X-29,2025-11-22,72.4,9.76,P1:45:P2:25:P3:30
X-29,2025-11-23,74.15,9.52,P1:45:P2:25:P3:30
X-29,2025-11-24,68.46,9.42,P1:45:P2:25:P3:30
X-29,2025-11-25,70.07,9.89,P1:45:P2:25:P3:30
X-29,2025-11-26,71.66,9.07,P1:45:P2:25:P3:30
X-29,2025-11-27,70.36,9.55,P1:45:P2:25:P3:30
X-29,2025-11-28,79.7,9.55,P1:45:P2:25:P3:30
X-29,2025-11-29,70.86,9.61,P1:45:P2:25:P3:30
X-29,2025-11-30,66.17,9.13,P1:45:P2:25:P3:30
X-29,2025-12-01,64.7,9.29,P1:45:P2:25:P3:30
X-29,2025-12-02,72.4,9.68,P1:45:P2:25:P3:30
X-29,2025-12-03,69.7,9.56,P1:45:P2:25:P3:30
X-29,2025-12-04,70.66,9.27,P1:45:P2:25:P3:30
X-29,2025-12-05,69.27,9.22,P1:45:P2:25:P3:30
X-29,2025-12-06,71.07,9.62,P1:45:P2:25:P3:30
X-29,2025-12-07,69.82,9.87,P1:45:P2:25:P3:30
X-29,2025-12-08,67.48,9.54,P1:45:P2:25:P3:30
X-29,2025-12-09,72.65,9.84,P1:45:P2:25:P3:30
X-29,2025-12-10,70.72,9.72,P1:45:P2:25:P3:30
X-29,2025-12-11,68.56,9.61,P1:45:P2:25:P3:30
X-29,2025-12-12,67.49,9.64,P1:45:P2:25:P3:30
X-29,2025-12-13,73.52,9.19,P1:45:P2:25:P3:30
X-29,2025-12-14,71.86,9.15,P1:45:P2:25:P3:30
X-29,2025-12-15,74.66,9.05,P1:45:P2:25:P3:30
X-29,2025-12-16,72.28,9.54,P1:45:P2:25:P3:30
X-29,2025-12-17,72.77,9.58,P1:45:P2:25:P3:30
X-29,2025-12-18,0.0,0.0,P1:45:P2:25:P3:30
X-29,2025-12-19,69.38,9.17,P1:45:P2:25:P3:30
X-29,2025-12-20,66.63,9.35,P1:45:P2:25:P3:30
X-29,2025-12-21,74.28,9.39,P1:45:P2:25:P3:30
X-29,2025-12-22,67.86,9.38,P1:45:P2:25:P3:30
X-29,2025-12-23,68.49,9.57,P1:45:P2:25:P3:30
X-29,2025-12-24,76.0,9.86,P1:45:P2:25:P3:30
X-29,2025-12-25,73.22,9.97,P1:45:P2:25:P3:30
X-29,2025-12-26,68.56,9.44,P1:45:P2:25:P3:30
X-29,2025-12-27,67.33,9.84,P1:45:P2:25:P3:30
X-29,2025-12-28,68.04,9.4,P1:45:P2:25:P3:30
X-29,2025-12-29,70.41,9.51,P1:45:P2:25:P3:30
X-29,2025-12-30,71.32,8.62,P1:45:P2:25:P3:30
X-29,2025-12-31,72.91,9.64,P1:45:P2:25:P3:30
X-29,2026-01-01,68.19,9.19,P1:45:P2:25:P3:30
X-29,2026-01-02,66.58,9.34,P1:45:P2:25:P3:30
X-29,2026-01-03,68.58,9.97,P1:45:P2:25:P3:30
X-29,2026-01-04,74.4,9.09,P1:45:P2:25:P3:30
X-29,2026-01-05,75.39,9.51,P1:45:P2:25:P3:30
X-29,2026-01-06,69.6,9.35,P1:45:P2:25:P3:30
X-29,2026-01-07,70.77,9.41,P1:45:P2:25:P3:30
X-29,2026-01-08,71.72,9.3,P1:45:P2:25:P3:30
X-29,2026-01-09,69.9,9.59,P1:45:P2:25:P3:30
X-29,2026-01-10,67.22,9.55,P1:45:P2:25:P3:30
X-29,2026-01-11,66.61,9.13,P1:45:P2:25:P3:30
X-29,2026-01-12,66.36,9.16,P1:45:P2:25:P3:30
X-29,2026-01-13,70.53,9.32,P1:45:P2:25:P3:30
X-29,2026-01-14,69.66,9.14,P1:45:P2:25:P3:30
X-29,2026-01-15,66.72,10.11,P1:45:P2:25:P3:30
X-29,2026-01-16,69.48,9.31,P1:45:P2:25:P3:30
X-29,2026-01-17,66.18,9.04,P1:45:P2:25:P3:30
X-29,2026-01-18,72.64,9.27,P1:45:P2:25:P3:30
X-29,2026-01-19,71.23,9.72,P1:45:P2:25:P3:30
X-29,2026-01-20,71.36,9.57,P1:45:P2:25:P3:30
X-29,2026-01-21,72.64,9.84,P1:45:P2:25:P3:30
X-29,2026-01-22,71.19,9.52,P1:45:P2:25:P3:30
X-29,2026-01-23,72.5,9.78,P1:45:P2:25:P3:30
X-29,2026-01-24,66.87,9.37,P1:45:P2:25:P3:30
X-29,2026-01-25,71.78,9.81,P1:45:P2:25:P3:30
X-29,2026-01-26,72.24,9.15,P1:45:P2:25:P3:30
X-29,2026-01-27,71.04,9.76,P1:45:P2:25:P3:30
X-29,2026-01-28,74.17,9.83,P1:45:P2:25:P3:30
X-29,2026-01-29,70.26,9.07,P1:45:P2:25:P3:30
X-29,2026-01-30,70.76,9.84,P1:45:P2:25:P3:30
X-29,2026-01-31,0.0,0.0,P1:45:P2:25:P3:30
X-29,2026-02-01,70.63,9.1,P1:45:P2:25:P3:30
X-29,2026-02-02,71.81,9.58,P1:45:P2:25:P3:30
X-29,2026-02-03,69.47,9.63,P1:45:P2:25:P3:30
X-29,2026-02-04,71.4,9.78,P1:45:P2:25:P3:30
X-29,2026-02-05,73.67,9.9,P1:45:P2:25:P3:30
X-29,2026-02-06,75.98,9.15,P1:45:P2:25:P3:30
X-29,2026-02-07,74.31,9.29,P1:45:P2:25:P3:30
X-29,2026-02-08,67.58,10.04,P1:45:P2:25:P3:30
X-29,2026-02-09,67.71,9.74,P1:45:P2:25:P3:30
X-29,2026-02-10,69.34,9.34,P1:45:P2:25:P3:30
X-29,2026-02-11,68.06,9.19,P1:45:P2:25:P3:30
X-29,2026-02-12,65.47,9.66,P1:45:P2:25:P3:30
X-29,2026-02-13,70.14,9.88,P1:45:P2:25:P3:30
X-29,2026-02-14,65.16,9.33,P1:45:P2:25:P3:30
X-29,2026-02-15,70.32,8.98,P1:45:P2:25:P3:30
X-29,2026-02-16,73.11,9.19,P1:45:P2:25:P3:30
X-29,2026-02-17,65.07,9.39,P1:45:P2:25:P3:30
X-29,2026-02-18,82.69,9.29,P1:45:P2:25:P3:30
X-29,2026-02-19,69.48,9.77,P1:45:P2:25:P3:30
X-29,2026-02-20,0.0,0.0,P1:45:P2:25:P3:30
X-29,2026-02-21,69.88,9.33,P1:45:P2:25:P3:30
X-29,2026-02-22,72.15,9.51,P1:45:P2:25:P3:30
X-29,2026-02-23,64.13,9.26,P1:45:P2:25:P3:30
X-29,2026-02-24,73.04,9.35,P1:45:P2:25:P3:30
X-29,2026-02-25,71.25,10.22,P1:45:P2:25:P3:30
X-29,2026-02-26,76.0,9.12,P1:45:P2:25:P3:30
X-29,2026-02-27,69.92,9.32,P1:45:P2:25:P3:30
X-29,2026-02-28,72.15,9.57,P1:45:P2:25:P3:30
X-29,2026-03-01,71.88,9.5,P1:45:P2:25:P3:30
X-29,2026-03-02,68.35,9.51,P1:45:P2:25:P3:30
X-29,2026-03-03,66.98,9.89,P1:45:P2:25:P3:30
X-29,2026-03-04,79.33,9.67,P1:45:P2:25:P3:30
X-29,2026-03-05,73.99,9.67,P1:45:P2:25:P3:30
X-29,2026-03-06,71.1,9.82,P1:45:P2:25:P3:30
X-29,2026-03-07,71.24,9.73,P1:45:P2:25:P3:30
X-29,2026-03-08,75.24,9.35,P1:45:P2:25:P3:30
X-29,2026-03-09,75.29,9.35,P1:45:P2:25:P3:30
X-29,2026-03-10,70.64,9.84,P1:45:P2:25:P3:30
X-29,2026-03-11,70.5,9.89,P1:45:P2:25:P3:30
X-29,2026-03-12,73.38,9.2,P1:45:P2:25:P3:30
X-29,2026-03-13,65.06,10.08,P1:45:P2:25:P3:30
X-29,2026-03-14,71.26,9.7,P1:45:P2:25:P3:30
X-29,2026-03-15,68.26,9.96,P1:45:P2:25:P3:30
X-29,2026-03-16,68.49,9.4,P1:45:P2:25:P3:30
X-29,2026-03-17,67.71,9.65,P1:45:P2:25:P3:30
X-29,2026-03-18,70.55,9.65,P1:45:P2:25:P3:30
X-29,2026-03-19,68.69,9.88,P1:45:P2:25:P3:30
X-29,2026-03-20,70.16,9.45,P1:45:P2:25:P3:30
X-29,2026-03-21,66.73,10.03,P1:45:P2:25:P3:30
X-29,2026-03-22,66.46,9.97,P1:45:P2:25:P3:30
X-29,2026-03-23,69.41,9.44,P1:45:P2:25:P3:30
X-29,2026-03-24,69.28,9.29,P1:45:P2:25:P3:30
X-29,2026-03-25,70.59,9.28,P1:45:P2:25:P3:30
X-29,2026-03-26,70.65,9.88,P1:45:P2:25:P3:30
X-29,2026-03-27,71.18,9.42,P1:45:P2:25:P3:30
X-29,2026-03-28,70.76,9.29,P1:45:P2:25:P3:30
X-29,2026-03-29,68.85,9.63,P1:45:P2:25:P3:30
X-29,2026-03-30,71.89,9.28,P1:45:P2:25:P3:30
X-29,2026-03-31,74.27,10.01,P1:45:P2:25:P3:30
X-29,2026-04-01,73.81,10.15,P1:45:P2:25:P3:30
X-29,2026-04-02,74.77,9.3,P1:45:P2:25:P3:30
X-29,2026-04-03,70.19,9.39,P1:45:P2:25:P3:30
X-29,2026-04-04,68.39,9.38,P1:45:P2:25:P3:30
X-29,2026-04-05,0.0,0.0,P1:45:P2:25:P3:30
X-29,2026-04-06,73.24,9.36,P1:45:P2:25:P3:30
X-29,2026-04-07,69.61,9.85,P1:45:P2:25:P3:30
X-29,2026-04-08,69.28,9.2,P1:45:P2:25:P3:30
X-29,2026-04-09,66.93,9.44,P1:45:P2:25:P3:30
X-29,2026-04-10,67.57,9.57,P1:45:P2:25:P3:30
X-29,2026-04-11,70.36,8.66,P1:45:P2:25:P3:30
X-29,2026-04-12,72.2,9.5,P1:45:P2:25:P3:30
X-29,2026-04-13,69.92,9.7,P1:45:P2:25:P3:30
X-29,2026-04-14,66.07,9.67,P1:45:P2:25:P3:30
X-29,2026-04-15,66.9,9.5,P1:45:P2:25:P3:30
X-29,2026-04-16,71.1,9.8,P1:45:P2:25:P3:30
X-29,2026-04-17,74.76,9.47,P1:45:P2:25:P3:30
X-29,2026-04-18,68.33,9.3,P1:45:P2:25:P3:30
X-29,2026-04-19,72.22,9.62,P1:45:P2:25:P3:30
X-29,2026-04-20,77.18,9.64,P1:45:P2:25:P3:30
X-29,2026-04-21,68.99,9.27,P1:45:P2:25:P3:30
X-29,2026-04-22,69.73,9.32,P1:45:P2:25:P3:30
X-29,2026-04-23,71.42,9.47,P1:45:P2:25:P3:30
X-29,2026-04-24,67.68,9.95,P1:45:P2:25:P3:30
X-29,2026-04-25,72.91,9.37,P1:45:P2:25:P3:30
X-29,2026-04-26,64.59,9.28,P1:45:P2:25:P3:30
X-29,2026-04-27,69.31,9.27,P1:45:P2:25:P3:30
X-29,2026-04-28,75.69,9.11,P1:45:P2:25:P3:30
X-29,2026-04-29,72.31,9.23,P1:45:P2:25:P3:30
X-29,2026-04-30,73.87,9.3,P1:45:P2:25:P3:30
X-29,2026-05-01,68.25,9.23,P1:45:P2:25:P3:30
X-29,2026-05-02,67.9,9.18,P1:45:P2:25:P3:30
X-29,2026-05-03,66.91,9.79,P1:45:P2:25:P3:30
X-29,2026-05-04,71.49,10.3,P1:45:P2:25:P3:30
X-29,2026-05-05,72.03,9.44,P1:45:P2:25:P3:30
X-29,2026-05-06,65.66,9.68,P1:45:P2:25:P3:30
X-29,2026-05-07,67.17,9.34,P1:45:P2:25:P3:30
X-29,2026-05-08,66.7,9.71,P1:45:P2:25:P3:30
X-29,2026-05-09,69.62,9.7,P1:45:P2:25:P3:30
X-29,2026-05-10,69.66,8.99,P1:45:P2:25:P3:30
X-29,2026-05-11,68.89,9.18,P1:45:P2:25:P3:30
X-29,2026-05-12,72.29,9.41,P1:45:P2:25:P3:30
X-29,2026-05-13,70.68,9.18,P1:45:P2:25:P3:30
X-29,2026-05-14,75.46,9.35,P1:45:P2:25:P3:30
X-29,2026-05-15,67.38,9.72,P1:45:P2:25:P3:30
X-29,2026-05-16,69.28,9.13,P1:45:P2:25:P3:30
X-29,2026-05-17,65.87,9.32,P1:45:P2:25:P3:30
X-29,2026-05-18,71.47,9.15,P1:45:P2:25:P3:30
X-29,2026-05-19,67.8,9.75,P1:45:P2:25:P3:30
X-29,2026-05-20,0.0,0.0,P1:45:P2:25:P3:30
X-29,2026-05-21,68.13,9.73,P1:45:P2:25:P3:30
X-29,2026-05-22,77.3,9.09,P1:45:P2:25:P3:30
X-29,2026-05-23,70.8,9.61,P1:45:P2:25:P3:30
X-29,2026-05-24,69.43,9.8,P1:45:P2:25:P3:30
X-29,2026-05-25,75.18,9.25,P1:45:P2:25:P3:30
X-29,2026-05-26,72.21,9.51,P1:45:P2:25:P3:30
X-29,2026-05-27,70.18,9.29,P1:45:P2:25:P3:30
X-29,2026-05-28,69.04,10.26,P1:45:P2:25:P3:30
X-29,2026-05-29,71.74,9.03,P1:45:P2:25:P3:30
X-29,2026-05-30,72.06,9.85,P1:45:P2:25:P3:30
X-29,2026-05-31,69.06,9.35,P1:45:P2:25:P3:30
X-29,2026-06-01,71.11,9.41,P1:45:P2:25:P3:30
X-29,2026-06-02,70.4,9.56,P1:45:P2:25:P3:30
X-29,2026-06-03,0.0,0.0,P1:45:P2:25:P3:30
X-29,2026-06-04,73.46,9.04,P1:45:P2:25:P3:30
X-29,2026-06-05,72.72,9.6,P1:45:P2:25:P3:30
X-29,2026-06-06,70.38,9.43,P1:45:P2:25:P3:30
X-29,2026-06-07,69.05,9.73,P1:45:P2:25:P3:30
X-29,2026-06-08,69.24,9.59,P1:45:P2:25:P3:30
X-29,2026-06-09,73.62,9.67,P1:45:P2:25:P3:30
X-29,2026-06-10,67.86,9.85,P1:45:P2:25:P3:30
X-29,2026-06-11,73.23,9.63,P1:45:P2:25:P3:30
X-29,2026-06-12,70.17,9.92,P1:45:P2:25:P3:30
X-29,2026-06-13,76.37,10.1,P1:45:P2:25:P3:30
X-29,2026-06-14,0.0,0.0,P1:45:P2:25:P3:30
X-29,2026-06-15,65.01,9.78,P1:45:P2:25:P3:30
X-29,2026-06-16,70.9,9.22,P1:45:P2:25:P3:30
X-29,2026-06-17,67.98,9.47,P1:45:P2:25:P3:30
X-29,2026-06-18,67.45,9.64,P1:45:P2:25:P3:30
X-29,2026-06-19,69.46,9.69,P1:45:P2:25:P3:30
X-29,2026-06-20,71.43,9.54,P1:45:P2:25:P3:30
X-29,2026-06-21,73.74,9.94,P1:45:P2:25:P3:30
X-29,2026-06-22,71.94,9.74,P1:45:P2:25:P3:30
X-29,2026-06-23,73.96,9.3,P1:45:P2:25:P3:30
X-29,2026-06-24,70.01,9.36,P1:45:P2:25:P3:30
X-29,2026-06-25,66.2,9.18,P1:45:P2:25:P3:30
X-29,2026-06-26,71.57,9.77,P1:45:P2:25:P3:30
X-29,2026-06-27,67.56,9.72,P1:45:P2:25:P3:30
X-29,2026-06-28,70.23,9.08,P1:45:P2:25:P3:30
X-29,2026-06-29,71.87,9.25,P1:45:P2:25:P3:30
X-29,2026-06-30,73.64,9.15,P1:45:P2:25:P3:30
X-29,2026-07-01,74.98,9.88,P1:45:P2:25:P3:30
X-29,2026-07-02,69.99,9.68,P1:45:P2:25:P3:30
X-29,2026-07-03,65.27,9.96,P1:45:P2:25:P3:30
X-29,2026-07-04,68.58,9.75,P1:45:P2:25:P3:30
X-29,2026-07-05,70.82,9.05,P1:45:P2:25:P3:30
X-29,2026-07-06,67.98,9.22,P1:45:P2:25:P3:30
X-29,2026-07-07,72.71,9.49,P1:45:P2:25:P3:30
X-29,2026-07-08,72.06,9.46,P1:45:P2:25:P3:30
X-29,2026-07-09,72.24,9.81,P1:45:P2:25:P3:30
X-29,2026-07-10,69.65,9.33,P1:45:P2:25:P3:30
X-29,2026-07-11,69.77,10.04,P1:45:P2:25:P3:30
X-29,2026-07-12,0.0,0.0,P1:45:P2:25:P3:30
X-29,2026-07-13,66.15,9.56,P1:45:P2:25:P3:30
X-29,2026-07-14,71.7,9.56,P1:45:P2:25:P3:30
X-29,2026-07-15,74.04,9.46,P1:45:P2:25:P3:30
X-29,2026-07-16,67.69,9.57,P1:45:P2:25:P3:30
X-29,2026-07-17,69.28,9.4,P1:45:P2:25:P3:30
X-29,2026-07-18,73.93,9.12,P1:45:P2:25:P3:30
X-29,2026-07-19,73.66,9.16,P1:45:P2:25:P3:30
X-29,2026-07-20,71.94,8.87,P1:45:P2:25:P3:30
X-29,2026-07-21,69.19,9.27,P1:45:P2:25:P3:30
X-29,2026-07-22,64.85,9.23,P1:45:P2:25:P3:30
X-29,2026-07-23,68.4,9.83,P1:45:P2:25:P3:30
X-29,2026-07-24,62.92,9.18,P1:45:P2:25:P3:30
X-29,2026-07-25,66.5,9.96,P1:45:P2:25:P3:30
X-29,2026-07-26,69.04,9.76,P1:45:P2:25:P3:30
X-29,2026-07-27,74.82,9.86,P1:45:P2:25:P3:30
X-29,2026-07-28,69.52,8.93,P1:45:P2:25:P3:30
X-29,2026-07-29,70.82,8.88,P1:45:P2:25:P3:30
X-29,2026-07-30,67.79,9.46,P1:45:P2:25:P3:30
X-29,2026-07-31,70.01,9.46,P1:45:P2:25:P3:30
X-29,2026-08-01,69.7,9.1,P1:45:P2:25:P3:30
X-29,2026-08-02,66.97,9.17,P1:45:P2:25:P3:30
X-29,2026-08-03,71.85,8.94,P1:45:P2:25:P3:30
X-29,2026-08-04,72.32,9.25,P1:45:P2:25:P3:30
X-29,2026-08-05,70.0,9.51,P1:45:P2:25:P3:30
X-29,2026-08-06,0.0,0.0,P1:45:P2:25:P3:30
X-29,2026-08-07,67.38,9.67,P1:45:P2:25:P3:30
X-29,2026-08-08,72.99,9.56,P1:45:P2:25:P3:30
X-29,2026-08-09,70.34,9.18,P1:45:P2:25:P3:30
X-29,2026-08-10,67.49,9.92,P1:45:P2:25:P3:30
X-29,2026-08-11,65.38,9.38,P1:45:P2:25:P3:30
X-29,2026-08-12,66.35,9.62,P1:45:P2:25:P3:30
X-29,2026-08-13,68.1,9.8,P1:45:P2:25:P3:30
X-29,2026-08-14,73.59,10.06,P1:45:P2:25:P3:30
X-29,2026-08-15,68.18,9.5,P1:45:P2:25:P3:30
X-29,2026-08-16,65.25,9.67,P1:45:P2:25:P3:30
X-29,2026-08-17,68.4,9.56,P1:45:P2:25:P3:30
X-29,2026-08-18,72.94,9.58,P1:45:P2:25:P3:30
X-29,2026-08-19,70.12,9.53,P1:45:P2:25:P3:30
X-29,2026-08-20,72.16,9.79,P1:45:P2:25:P3:30
X-29,2026-08-21,67.83,9.28,P1:45:P2:25:P3:30
X-29,2026-08-22,72.78,9.66,P1:45:P2:25:P3:30
X-29,2026-08-23,68.12,9.76,P1:45:P2:25:P3:30
X-29,2026-08-24,62.72,9.48,P1:45:P2:25:P3:30
X-29,2026-08-25,69.26,9.5,P1:45:P2:25:P3:30
X-29,2026-08-26,73.09,9.21,P1:45:P2:25:P3:30
X-29,2026-08-27,73.32,9.13,P1:45:P2:25:P3:30
X-29,2026-08-28,68.56,9.22,P1:45:P2:25:P3:30
X-29,2026-08-29,71.71,8.97,P1:45:P2:25:P3:30
X-29,2026-08-30,71.35,9.49,P1:45:P2:25:P3:30
X-29,2026-08-31,69.48,9.42,P1:45:P2:25:P3:30
N-37,2025-09-01,103.93,8.12,P1:35:P2:39:P3:25
N-37,2025-09-02,97.23,8.52,P1:35:P2:39:P3:25
N-37,2025-09-03,94.5,8.26,P1:35:P2:39:P3:25
N-37,2025-09-04,94.01,7.59,P1:35:P2:39:P3:25
N-37,2025-09-05,90.29,8.01,P1:35:P2:39:P3:25
N-37,2025-09-06,96.49,7.86,P1:35:P2:39:P3:25
N-37,2025-09-07,99.59,8.15,P1:35:P2:39:P3:25
N-37,2025-09-08,90.41,7.9,P1:35:P2:39:P3:25
N-37,2025-09-09,92.15,7.8,P1:35:P2:39:P3:25
N-37,2025-09-10,98.23,8.25,P1:35:P2:39:P3:25
N-37,2025-09-11,91.31,8.58,P1:35:P2:39:P3:25
N-37,2025-09-12,88.89,7.35,P1:35:P2:39:P3:25
N-37,2025-09-13,96.4,7.85,P1:35:P2:39:P3:25
N-37,2025-09-14,88.31,8.28,P1:35:P2:39:P3:25
N-37,2025-09-15,96.52,8.6,P1:35:P2:39:P3:25
N-37,2025-09-16,88.49,8.31,P1:35:P2:39:P3:25
N-37,2025-09-17,95.27,8.07,P1:35:P2:39:P3:25
N-37,2025-09-18,87.22,8.54,P1:35:P2:39:P3:25
N-37,2025-09-19,89.22,7.63,P1:35:P2:39:P3:25
N-37,2025-09-20,94.85,8.25,P1:35:P2:39:P3:25
N-37,2025-09-21,95.86,7.62,P1:35:P2:39:P3:25
N-37,2025-09-22,91.98,7.98,P1:35:P2:39:P3:25
N-37,2025-09-23,85.6,7.99,P1:35:P2:39:P3:25
N-37,2025-09-24,88.06,8.06,P1:35:P2:39:P3:25
N-37,2025-09-25,91.11,7.74,P1:35:P2:39:P3:25
N-37,2025-09-26,96.04,8.36,P1:35:P2:39:P3:25
N-37,2025-09-27,92.39,8.45,P1:35:P2:39:P3:25
N-37,2025-09-28,94.68,7.6,P1:35:P2:39:P3:25
N-37,2025-09-29,96.98,7.93,P1:35:P2:39:P3:25
N-37,2025-09-30,89.17,7.83,P1:35:P2:39:P3:25
N-37,2025-10-01,87.93,7.88,P1:35:P2:39:P3:25
N-37,2025-10-02,89.28,7.95,P1:35:P2:39:P3:25
N-37,2025-10-03,89.33,8.12,P1:35:P2:39:P3:25
N-37,2025-10-04,92.14,7.77,P1:35:P2:39:P3:25
N-37,2025-10-05,91.96,7.68,P1:35:P2:39:P3:25
N-37,2025-10-06,86.02,8.3,P1:35:P2:39:P3:25
N-37,2025-10-07,91.19,8.4,P1:35:P2:39:P3:25
N-37,2025-10-08,93.29,8.23,P1:35:P2:39:P3:25
N-37,2025-10-09,92.0,7.96,P1:35:P2:39:P3:25
N-37,2025-10-10,89.41,8.15,P1:35:P2:39:P3:25
N-37,2025-10-11,91.81,7.98,P1:35:P2:39:P3:25
N-37,2025-10-12,91.17,8.15,P1:35:P2:39:P3:25
N-37,2025-10-13,93.65,8.08,P1:35:P2:39:P3:25
N-37,2025-10-14,86.99,8.05,P1:35:P2:39:P3:25
N-37,2025-10-15,91.27,8.18,P1:35:P2:39:P3:25
N-37,2025-10-16,95.56,7.77,P1:35:P2:39:P3:25
N-37,2025-10-17,95.33,8.41,P1:35:P2:39:P3:25
N-37,2025-10-18,84.02,8.2,P1:35:P2:39:P3:25
N-37,2025-10-19,89.76,7.83,P1:35:P2:39:P3:25
N-37,2025-10-20,91.8,7.83,P1:35:P2:39:P3:25
N-37,2025-10-21,94.28,8.06,P1:35:P2:39:P3:25
N-37,2025-10-22,89.83,8.15,P1:35:P2:39:P3:25
N-37,2025-10-23,96.96,8.13,P1:35:P2:39:P3:25
N-37,2025-10-24,95.32,7.58,P1:35:P2:39:P3:25
N-37,2025-10-25,100.16,7.87,P1:35:P2:39:P3:25
N-37,2025-10-26,97.08,8.07,P1:35:P2:39:P3:25
N-37,2025-10-27,91.08,8.03,P1:35:P2:39:P3:25
N-37,2025-10-28,96.1,8.1,P1:35:P2:39:P3:25
N-37,2025-10-29,96.17,7.92,P1:35:P2:39:P3:25
N-37,2025-10-30,96.31,8.29,P1:35:P2:39:P3:25
N-37,2025-10-31,98.62,7.76,P1:35:P2:39:P3:25
N-37,2025-11-01,97.95,7.79,P1:35:P2:39:P3:25
N-37,2025-11-02,94.73,7.96,P1:35:P2:39:P3:25
N-37,2025-11-03,94.13,7.89,P1:35:P2:39:P3:25
N-37,2025-11-04,96.26,8.37,P1:35:P2:39:P3:25
N-37,2025-11-05,94.19,8.17,P1:35:P2:39:P3:25
N-37,2025-11-06,90.52,8.13,P1:35:P2:39:P3:25
N-37,2025-11-07,99.03,7.86,P1:35:P2:39:P3:25
N-37,2025-11-08,94.94,8.02,P1:35:P2:39:P3:25
N-37,2025-11-09,90.42,8.16,P1:35:P2:39:P3:25
N-37,2025-11-10,91.75,8.49,P1:35:P2:39:P3:25
N-37,2025-11-11,92.88,7.74,P1:35:P2:39:P3:25
N-37,2025-11-12,89.84,8.12,P1:35:P2:39:P3:25
N-37,2025-11-13,92.38,8.07,P1:35:P2:39:P3:25
N-37,2025-11-14,97.13,7.49,P1:35:P2:39:P3:25
N-37,2025-11-15,92.68,8.51,P1:35:P2:39:P3:25
N-37,2025-11-16,90.18,7.91,P1:35:P2:39:P3:25
N-37,2025-11-17,94.84,7.7,P1:35:P2:39:P3:25
N-37,2025-11-18,93.02,8.28,P1:35:P2:39:P3:25
N-37,2025-11-19,91.06,8.8,P1:35:P2:39:P3:25
N-37,2025-11-20,98.33,7.7,P1:35:P2:39:P3:25
N-37,2025-11-21,95.21,8.21,P1:35:P2:39:P3:25
N-37,2025-11-22,94.15,7.82,P1:35:P2:39:P3:25
N-37,2025-11-23,89.11,8.24,P1:35:P2:39:P3:25
N-37,2025-11-24,91.81,8.35,P1:35:P2:39:P3:25
N-37,2025-11-25,92.08,7.57,P1:35:P2:39:P3:25
N-37,2025-11-26,85.14,7.55,P1:35:P2:39:P3:25
N-37,2025-11-27,95.92,8.38,P1:35:P2:39:P3:25
N-37,2025-11-28,90.07,8.43,P1:35:P2:39:P3:25
N-37,2025-11-29,91.2,7.89,P1:35:P2:39:P3:25
N-37,2025-11-30,91.94,8.21,P1:35:P2:39:P3:25
N-37,2025-12-01,93.02,7.87,P1:35:P2:39:P3:25
N-37,2025-12-02,97.44,8.15,P1:35:P2:39:P3:25
N-37,2025-12-03,93.95,7.86,P1:35:P2:39:P3:25
N-37,2025-12-04,91.16,7.63,P1:35:P2:39:P3:25
N-37,2025-12-05,93.67,8.28,P1:35:P2:39:P3:25
N-37,2025-12-06,91.48,7.9,P1:35:P2:39:P3:25
N-37,2025-12-07,90.3,7.83,P1:35:P2:39:P3:25
N-37,2025-12-08,93.66,7.47,P1:35:P2:39:P3:25
N-37,2025-12-09,94.67,8.53,P1:35:P2:39:P3:25
N-37,2025-12-10,92.73,8.27,P1:35:P2:39:P3:25
N-37,2025-12-11,99.3,7.66,P1:35:P2:39:P3:25
N-37,2025-12-12,89.54,8.26,P1:35:P2:39:P3:25
N-37,2025-12-13,94.28,8.32,P1:35:P2:39:P3:25
N-37,2025-12-14,96.51,7.81,P1:35:P2:39:P3:25
N-37,2025-12-15,87.11,8.21,P1:35:P2:39:P3:25
N-37,2025-12-16,92.82,8.09,P1:35:P2:39:P3:25
N-37,2025-12-17,90.57,8.42,P1:35:P2:39:P3:25
N-37,2025-12-18,91.47,7.75,P1:35:P2:39:P3:25
N-37,2025-12-19,94.43,7.84,P1:35:P2:39:P3:25
N-37,2025-12-20,94.79,8.76,P1:35:P2:39:P3:25
N-37,2025-12-21,91.69,7.69,P1:35:P2:39:P3:25
N-37,2025-12-22,97.26,8.27,P1:35:P2:39:P3:25
N-37,2025-12-23,94.41,8.8,P1:35:P2:39:P3:25
N-37,2025-12-24,97.21,8.29,P1:35:P2:39:P3:25
N-37,2025-12-25,95.52,7.82,P1:35:P2:39:P3:25
N-37,2025-12-26,95.53,8.13,P1:35:P2:39:P3:25
N-37,2025-12-27,90.53,8.62,P1:35:P2:39:P3:25
N-37,2025-12-28,94.18,7.9,P1:35:P2:39:P3:25
N-37,2025-12-29,92.15,7.83,P1:35:P2:39:P3:25
N-37,2025-12-30,89.91,7.69,P1:35:P2:39:P3:25
N-37,2025-12-31,91.77,8.18,P1:35:P2:39:P3:25
N-37,2026-01-01,0.0,0.0,P1:35:P2:39:P3:25
N-37,2026-01-02,90.72,8.11,P1:35:P2:39:P3:25
N-37,2026-01-03,93.59,8.15,P1:35:P2:39:P3:25
N-37,2026-01-04,97.01,8.64,P1:35:P2:39:P3:25
N-37,2026-01-05,86.65,8.24,P1:35:P2:39:P3:25
N-37,2026-01-06,95.18,8.21,P1:35:P2:39:P3:25
N-37,2026-01-07,91.06,7.86,P1:35:P2:39:P3:25
N-37,2026-01-08,89.04,8.23,P1:35:P2:39:P3:25
N-37,2026-01-09,86.24,8.26,P1:35:P2:39:P3:25
N-37,2026-01-10,96.14,7.97,P1:35:P2:39:P3:25
N-37,2026-01-11,89.9,7.95,P1:35:P2:39:P3:25
N-37,2026-01-12,87.15,7.92,P1:35:P2:39:P3:25
N-37,2026-01-13,102.15,8.09,P1:35:P2:39:P3:25
N-37,2026-01-14,87.05,8.2,P1:35:P2:39:P3:25
N-37,2026-01-15,91.97,7.65,P1:35:P2:39:P3:25
N-37,2026-01-16,95.53,7.68,P1:35:P2:39:P3:25
N-37,2026-01-17,92.52,7.91,P1:35:P2:39:P3:25
N-37,2026-01-18,94.43,7.58,P1:35:P2:39:P3:25
N-37,2026-01-19,88.08,8.17,P1:35:P2:39:P3:25
N-37,2026-01-20,94.19,7.6,P1:35:P2:39:P3:25
N-37,2026-01-21,0.0,0.0,P1:35:P2:39:P3:25
N-37,2026-01-22,91.12,7.57,P1:35:P2:39:P3:25
N-37,2026-01-23,88.02,8.01,P1:35:P2:39:P3:25
N-37,2026-01-24,96.27,8.15,P1:35:P2:39:P3:25
N-37,2026-01-25,92.31,8.2,P1:35:P2:39:P3:25
N-37,2026-01-26,93.92,7.73,P1:35:P2:39:P3:25
N-37,2026-01-27,85.66,7.78,P1:35:P2:39:P3:25
N-37,2026-01-28,87.86,8.31,P1:35:P2:39:P3:25
N-37,2026-01-29,99.14,8.25,P1:35:P2:39:P3:25
N-37,2026-01-30,95.7,7.77,P1:35:P2:39:P3:25
N-37,2026-01-31,87.84,8.04,P1:35:P2:39:P3:25
N-37,2026-02-01,97.04,7.75,P1:35:P2:39:P3:25
N-37,2026-02-02,95.29,7.58,P1:35:P2:39:P3:25
N-37,2026-02-03,92.38,8.22,P1:35:P2:39:P3:25
N-37,2026-02-04,84.44,8.3,P1:35:P2:39:P3:25
N-37,2026-02-05,95.27,8.0,P1:35:P2:39:P3:25
N-37,2026-02-06,86.5,7.86,P1:35:P2:39:P3:25
N-37,2026-02-07,91.47,8.02,P1:35:P2:39:P3:25
N-37,2026-02-08,90.69,7.9,P1:35:P2:39:P3:25
N-37,2026-02-09,93.2,8.01,P1:35:P2:39:P3:25
N-37,2026-02-10,91.49,8.2,P1:35:P2:39:P3:25
N-37,2026-02-11,92.56,7.96,P1:35:P2:39:P3:25
N-37,2026-02-12,94.74,7.79,P1:35:P2:39:P3:25
N-37,2026-02-13,90.64,7.52,P1:35:P2:39:P3:25
N-37,2026-02-14,95.37,8.08,P1:35:P2:39:P3:25
N-37,2026-02-15,92.22,7.77,P1:35:P2:39:P3:25
N-37,2026-02-16,85.73,7.9,P1:35:P2:39:P3:25
N-37,2026-02-17,94.49,7.99,P1:35:P2:39:P3:25
N-37,2026-02-18,97.13,8.63,P1:35:P2:39:P3:25
N-37,2026-02-19,92.66,7.8,P1:35:P2:39:P3:25
N-37,2026-02-20,90.91,7.76,P1:35:P2:39:P3:25
N-37,2026-02-21,89.65,7.52,P1:35:P2:39:P3:25
N-37,2026-02-22,86.98,8.07,P1:35:P2:39:P3:25
N-37,2026-02-23,92.17,8.03,P1:35:P2:39:P3:25
N-37,2026-02-24,92.43,8.04,P1:35:P2:39:P3:25
N-37,2026-02-25,89.51,7.97,P1:35:P2:39:P3:25
N-37,2026-02-26,92.07,8.15,P1:35:P2:39:P3:25
N-37,2026-02-27,89.7,7.87,P1:35:P2:39:P3:25
N-37,2026-02-28,92.21,8.0,P1:35:P2:39:P3:25
N-37,2026-03-01,92.63,7.91,P1:35:P2:39:P3:25
N-37,2026-03-02,85.41,7.54,P1:35:P2:39:P3:25
N-37,2026-03-03,90.17,7.87,P1:35:P2:39:P3:25
N-37,2026-03-04,92.27,7.67,P1:35:P2:39:P3:25
N-37,2026-03-05,93.69,8.25,P1:35:P2:39:P3:25
N-37,2026-03-06,88.38,7.65,P1:35:P2:39:P3:25
N-37,2026-03-07,100.63,7.64,P1:35:P2:39:P3:25
N-37,2026-03-08,99.91,7.97,P1:35:P2:39:P3:25
N-37,2026-03-09,94.02,8.13,P1:35:P2:39:P3:25
N-37,2026-03-10,92.43,8.18,P1:35:P2:39:P3:25
N-37,2026-03-11,92.98,8.6,P1:35:P2:39:P3:25
N-37,2026-03-12,94.3,8.28,P1:35:P2:39:P3:25
N-37,2026-03-13,89.88,7.82,P1:35:P2:39:P3:25
N-37,2026-03-14,96.65,7.7,P1:35:P2:39:P3:25
N-37,2026-03-15,89.27,8.3,P1:35:P2:39:P3:25
N-37,2026-03-16,0.0,0.0,P1:35:P2:39:P3:25
N-37,2026-03-17,87.6,8.43,P1:35:P2:39:P3:25
N-37,2026-03-18,91.13,7.85,P1:35:P2:39:P3:25
N-37,2026-03-19,93.4,7.71,P1:35:P2:39:P3:25
N-37,2026-03-20,98.85,8.58,P1:35:P2:39:P3:25
N-37,2026-03-21,91.13,8.19,P1:35:P2:39:P3:25
N-37,2026-03-22,94.68,8.39,P1:35:P2:39:P3:25
N-37,2026-03-23,87.93,8.12,P1:35:P2:39:P3:25
N-37,2026-03-24,91.65,8.11,P1:35:P2:39:P3:25
N-37,2026-03-25,89.57,7.75,P1:35:P2:39:P3:25
N-37,2026-03-26,93.91,8.25,P1:35:P2:39:P3:25
N-37,2026-03-27,91.62,7.9,P1:35:P2:39:P3:25
N-37,2026-03-28,92.01,7.95,P1:35:P2:39:P3:25
N-37,2026-03-29,99.55,7.86,P1:35:P2:39:P3:25
N-37,2026-03-30,98.73,7.71,P1:35:P2:39:P3:25
N-37,2026-03-31,97.17,7.93,P1:35:P2:39:P3:25
N-37,2026-04-01,90.31,7.93,P1:35:P2:39:P3:25
N-37,2026-04-02,93.15,7.77,P1:35:P2:39:P3:25
N-37,2026-04-03,99.09,8.41,P1:35:P2:39:P3:25
N-37,2026-04-04,90.94,7.61,P1:35:P2:39:P3:25
N-37,2026-04-05,93.04,8.24,P1:35:P2:39:P3:25
N-37,2026-04-06,90.56,7.97,P1:35:P2:39:P3:25
N-37,2026-04-07,96.16,7.71,P1:35:P2:39:P3:25
N-37,2026-04-08,90.78,8.04,P1:35:P2:39:P3:25
N-37,2026-04-09,93.31,8.33,P1:35:P2:39:P3:25
N-37,2026-04-10,93.16,8.11,P1:35:P2:39:P3:25
N-37,2026-04-11,99.36,7.72,P1:35:P2:39:P3:25
N-37,2026-04-12,92.98,7.71,P1:35:P2:39:P3:25
N-37,2026-04-13,89.1,7.68,P1:35:P2:39:P3:25
N-37,2026-04-14,91.84,8.22,P1:35:P2:39:P3:25
N-37,2026-04-15,87.73,8.05,P1:35:P2:39:P3:25
N-37,2026-04-16,84.98,7.72,P1:35:P2:39:P3:25
N-37,2026-04-17,95.53,8.14,P1:35:P2:39:P3:25
N-37,2026-04-18,92.29,7.49,P1:35:P2:39:P3:25
N-37,2026-04-19,96.22,8.28,P1:35:P2:39:P3:25
N-37,2026-04-20,88.99,7.87,P1:35:P2:39:P3:25
N-37,2026-04-21,96.88,7.97,P1:35:P2:39:P3:25
N-37,2026-04-22,92.33,8.52,P1:35:P2:39:P3:25
N-37,2026-04-23,97.27,8.28,P1:35:P2:39:P3:25
N-37,2026-04-24,92.5,8.2,P1:35:P2:39:P3:25
N-37,2026-04-25,93.62,8.2,P1:35:P2:39:P3:25
N-37,2026-04-26,93.16,8.61,P1:35:P2:39:P3:25
N-37,2026-04-27,92.12,7.28,P1:35:P2:39:P3:25
N-37,2026-04-28,98.59,7.68,P1:35:P2:39:P3:25
N-37,2026-04-29,102.84,7.7,P1:35:P2:39:P3:25
N-37,2026-04-30,90.6,8.04,P1:35:P2:39:P3:25
N-37,2026-05-01,0.0,0.0,P1:35:P2:39:P3:25
N-37,2026-05-02,92.99,7.64,P1:35:P2:39:P3:25
N-37,2026-05-03,95.7,7.53,P1:35:P2:39:P3:25
N-37,2026-05-04,97.06,8.14,P1:35:P2:39:P3:25
N-37,2026-05-05,81.9,7.59,P1:35:P2:39:P3:25
N-37,2026-05-06,92.08,8.25,P1:35:P2:39:P3:25
N-37,2026-05-07,98.03,8.13,P1:35:P2:39:P3:25
N-37,2026-05-08,97.15,8.44,P1:35:P2:39:P3:25
N-37,2026-05-09,97.37,8.35,P1:35:P2:39:P3:25
N-37,2026-05-10,88.54,7.95,P1:35:P2:39:P3:25
N-37,2026-05-11,95.51,8.3,P1:35:P2:39:P3:25
N-37,2026-05-12,90.91,8.08,P1:35:P2:39:P3:25
N-37,2026-05-13,95.22,7.54,P1:35:P2:39:P3:25
N-37,2026-05-14,94.95,8.13,P1:35:P2:39:P3:25
N-37,2026-05-15,90.15,8.2,P1:35:P2:39:P3:25
N-37,2026-05-16,96.8,8.01,P1:35:P2:39:P3:25
N-37,2026-05-17,89.36,8.39,P1:35:P2:39:P3:25
N-37,2026-05-18,93.25,8.53,P1:35:P2:39:P3:25
N-37,2026-05-19,88.5,8.63,P1:35:P2:39:P3:25
N-37,2026-05-20,88.77,8.2,P1:35:P2:39:P3:25
N-37,2026-05-21,92.03,8.77,P1:35:P2:39:P3:25
N-37,2026-05-22,87.15,8.11,P1:35:P2:39:P3:25
N-37,2026-05-23,98.61,8.17,P1:35:P2:39:P3:25
N-37,2026-05-24,89.84,8.49,P1:35:P2:39:P3:25
N-37,2026-05-25,96.51,7.57,P1:35:P2:39:P3:25
N-37,2026-05-26,84.56,8.79,P1:35:P2:39:P3:25
N-37,2026-05-27,90.97,7.72,P1:35:P2:39:P3:25
N-37,2026-05-28,88.42,7.97,P1:35:P2:39:P3:25
N-37,2026-05-29,89.26,8.18,P1:35:P2:39:P3:25
N-37,2026-05-30,88.74,7.97,P1:35:P2:39:P3:25
N-37,2026-05-31,89.86,7.84,P1:35:P2:39:P3:25
N-37,2026-06-01,90.92,8.48,P1:35:P2:39:P3:25
N-37,2026-06-02,93.97,8.43,P1:35:P2:39:P3:25
N-37,2026-06-03,99.7,8.13,P1:35:P2:39:P3:25
N-37,2026-06-04,103.51,7.44,P1:35:P2:39:P3:25
N-37,2026-06-05,88.53,8.13,P1:35:P2:39:P3:25
N-37,2026-06-06,88.84,8.07,P1:35:P2:39:P3:25
N-37,2026-06-07,94.49,8.24,P1:35:P2:39:P3:25
N-37,2026-06-08,100.12,8.37,P1:35:P2:39:P3:25
N-37,2026-06-09,92.39,7.9,P1:35:P2:39:P3:25
N-37,2026-06-10,91.82,7.12,P1:35:P2:39:P3:25
N-37,2026-06-11,91.01,8.14,P1:35:P2:39:P3:25
N-37,2026-06-12,102.42,8.49,P1:35:P2:39:P3:25
N-37,2026-06-13,89.95,7.98,P1:35:P2:39:P3:25
N-37,2026-06-14,96.09,8.35,P1:35:P2:39:P3:25
N-37,2026-06-15,93.87,8.0,P1:35:P2:39:P3:25
N-37,2026-06-16,90.95,7.65,P1:35:P2:39:P3:25
N-37,2026-06-17,89.65,8.05,P1:35:P2:39:P3:25
N-37,2026-06-18,89.41,7.82,P1:35:P2:39:P3:25
N-37,2026-06-19,86.22,7.48,P1:35:P2:39:P3:25
N-37,2026-06-20,90.83,8.55,P1:35:P2:39:P3:25
N-37,2026-06-21,87.67,7.96,P1:35:P2:39:P3:25
N-37,2026-06-22,89.19,7.98,P1:35:P2:39:P3:25
N-37,2026-06-23,91.58,7.62,P1:35:P2:39:P3:25
N-37,2026-06-24,95.35,8.38,P1:35:P2:39:P3:25
N-37,2026-06-25,90.74,8.39,P1:35:P2:39:P3:25
N-37,2026-06-26,98.7,8.37,P1:35:P2:39:P3:25
N-37,2026-06-27,94.59,7.78,P1:35:P2:39:P3:25
N-37,2026-06-28,87.52,8.28,P1:35:P2:39:P3:25
N-37,2026-06-29,85.32,8.13,P1:35:P2:39:P3:25
N-37,2026-06-30,89.54,7.99,P1:35:P2:39:P3:25
N-37,2026-07-01,92.03,7.73,P1:35:P2:39:P3:25
N-37,2026-07-02,90.34,7.79,P1:35:P2:39:P3:25
N-37,2026-07-03,95.63,8.47,P1:35:P2:39:P3:25
N-37,2026-07-04,96.43,8.51,P1:35:P2:39:P3:25
N-37,2026-07-05,90.1,7.77,P1:35:P2:39:P3:25
N-37,2026-07-06,94.79,8.32,P1:35:P2:39:P3:25
N-37,2026-07-07,88.9,7.81,P1:35:P2:39:P3:25
N-37,2026-07-08,91.23,7.98,P1:35:P2:39:P3:25
N-37,2026-07-09,93.93,7.57,P1:35:P2:39:P3:25
N-37,2026-07-10,100.15,7.52,P1:35:P2:39:P3:25
N-37,2026-07-11,93.37,8.41,P1:35:P2:39:P3:25
N-37,2026-07-12,93.12,8.02,P1:35:P2:39:P3:25
N-37,2026-07-13,91.86,8.32,P1:35:P2:39:P3:25
N-37,2026-07-14,91.65,7.99,P1:35:P2:39:P3:25
N-37,2026-07-15,98.37,7.9,P1:35:P2:39:P3:25
N-37,2026-07-16,0.0,0.0,P1:35:P2:39:P3:25
N-37,2026-07-17,90.17,7.51,P1:35:P2:39:P3:25
N-37,2026-07-18,92.16,8.01,P1:35:P2:39:P3:25
N-37,2026-07-19,97.11,8.29,P1:35:P2:39:P3:25
N-37,2026-07-20,91.55,8.3,P1:35:P2:39:P3:25
N-37,2026-07-21,89.71,8.09,P1:35:P2:39:P3:25
N-37,2026-07-22,91.01,8.12,P1:35:P2:39:P3:25
N-37,2026-07-23,92.28,7.42,P1:35:P2:39:P3:25
N-37,2026-07-24,0.0,0.0,P1:35:P2:39:P3:25
N-37,2026-07-25,87.87,8.0,P1:35:P2:39:P3:25
N-37,2026-07-26,88.83,8.15,P1:35:P2:39:P3:25
N-37,2026-07-27,94.2,8.2,P1:35:P2:39:P3:25
N-37,2026-07-28,97.31,7.79,P1:35:P2:39:P3:25
N-37,2026-07-29,92.02,7.66,P1:35:P2:39:P3:25
N-37,2026-07-30,92.31,8.19,P1:35:P2:39:P3:25
N-37,2026-07-31,91.35,8.22,P1:35:P2:39:P3:25
N-37,2026-08-01,94.52,7.91,P1:35:P2:39:P3:25
N-37,2026-08-02,90.05,7.76,P1:35:P2:39:P3:25
N-37,2026-08-03,87.73,8.19,P1:35:P2:39:P3:25
N-37,2026-08-04,85.25,8.01,P1:35:P2:39:P3:25
N-37,2026-08-05,0.0,0.0,P1:35:P2:39:P3:25
N-37,2026-08-06,99.75,7.89,P1:35:P2:39:P3:25
N-37,2026-08-07,89.77,8.58,P1:35:P2:39:P3:25
N-37,2026-08-08,97.4,7.82,P1:35:P2:39:P3:25
N-37,2026-08-09,99.83,7.83,P1:35:P2:39:P3:25
N-37,2026-08-10,94.99,7.92,P1:35:P2:39:P3:25
N-37,2026-08-11,94.76,8.08,P1:35:P2:39:P3:25
N-37,2026-08-12,95.64,8.29,P1:35:P2:39:P3:25
N-37,2026-08-13,97.58,8.04,P1:35:P2:39:P3:25
N-37,2026-08-14,94.01,7.83,P1:35:P2:39:P3:25
N-37,2026-08-15,92.64,8.22,P1:35:P2:39:P3:25
N-37,2026-08-16,96.08,7.86,P1:35:P2:39:P3:25
N-37,2026-08-17,86.35,8.7,P1:35:P2:39:P3:25
N-37,2026-08-18,89.19,7.61,P1:35:P2:39:P3:25
N-37,2026-08-19,96.29,8.06,P1:35:P2:39:P3:25
N-37,2026-08-20,89.31,7.9,P1:35:P2:39:P3:25
N-37,2026-08-21,98.99,7.95,P1:35:P2:39:P3:25
N-37,2026-08-22,95.02,8.26,P1:35:P2:39:P3:25
N-37,2026-08-23,91.33,7.64,P1:35:P2:39:P3:25
N-37,2026-08-24,90.33,7.83,P1:35:P2:39:P3:25
N-37,2026-08-25,94.47,7.43,P1:35:P2:39:P3:25
N-37,2026-08-26,88.63,7.06,P1:35:P2:39:P3:25
N-37,2026-08-27,92.56,8.17,P1:35:P2:39:P3:25
N-37,2026-08-28,93.71,8.38,P1:35:P2:39:P3:25
N-37,2026-08-29,96.46,7.74,P1:35:P2:39:P3:25
N-37,2026-08-30,97.13,7.65,P1:35:P2:39:P3:25
N-37,2026-08-31,87.93,8.34,P1:35:P2:39:P3:25
Z-42,2025-09-01,132.19,16.88,P3:29:P1:35:P2:36
Z-42,2025-09-02,138.53,16.78,P3:29:P1:35:P2:36
Z-42,2025-09-03,124.35,16.69,P3:29:P1:35:P2:36
Z-42,2025-09-04,139.12,16.58,P3:29:P1:35:P2:36
Z-42,2025-09-05,133.42,16.56,P3:29:P1:35:P2:36
Z-42,2025-09-06,135.44,16.93,P3:29:P1:35:P2:36
Z-42,2025-09-07,129.59,17.2,P3:29:P1:35:P2:36
Z-42,2025-09-08,145.91,16.52,P3:29:P1:35:P2:36
Z-42,2025-09-09,130.16,16.57,P3:29:P1:35:P2:36
Z-42,2025-09-10,134.73,17.09,P3:29:P1:35:P2:36
Z-42,2025-09-11,134.17,16.88,P3:29:P1:35:P2:36
Z-42,2025-09-12,147.71,16.7,P3:29:P1:35:P2:36
Z-42,2025-09-13,130.5,16.36,P3:29:P1:35:P2:36
Z-42,2025-09-14,134.41,16.94,P3:29:P1:35:P2:36
Z-42,2025-09-15,141.12,17.18,P3:29:P1:35:P2:36
Z-42,2025-09-16,128.51,16.69,P3:29:P1:35:P2:36
Z-42,2025-09-17,130.8,16.27,P3:29:P1:35:P2:36
Z-42,2025-09-18,132.68,16.77,P3:29:P1:35:P2:36
Z-42,2025-09-19,143.01,16.9,P3:29:P1:35:P2:36
Z-42,2025-09-20,125.55,16.59,P3:29:P1:35:P2:36
Z-42,2025-09-21,143.81,16.72,P3:29:P1:35:P2:36
Z-42,2025-09-22,128.79,16.94,P3:29:P1:35:P2:36
Z-42,2025-09-23,136.04,16.44,P3:29:P1:35:P2:36
Z-42,2025-09-24,131.91,16.76,P3:29:P1:35:P2:36
Z-42,2025-09-25,135.7,17.29,P3:29:P1:35:P2:36
Z-42,2025-09-26,127.7,17.51,P3:29:P1:35:P2:36
Z-42,2025-09-27,142.83,17.06,P3:29:P1:35:P2:36
Z-42,2025-09-28,131.58,17.23,P3:29:P1:35:P2:36
Z-42,2025-09-29,132.15,16.59,P3:29:P1:35:P2:36
Z-42,2025-09-30,140.97,17.07,P3:29:P1:35:P2:36
Z-42,2025-10-01,138.28,16.3,P3:29:P1:35:P2:36
Z-42,2025-10-02,130.99,16.86,P3:29:P1:35:P2:36
Z-42,2025-10-03,140.52,16.54,P3:29:P1:35:P2:36
Z-42,2025-10-04,128.35,16.66,P3:29:P1:35:P2:36
Z-42,2025-10-05,148.99,16.43,P3:29:P1:35:P2:36
Z-42,2025-10-06,135.61,16.36,P3:29:P1:35:P2:36
Z-42,2025-10-07,134.78,16.27,P3:29:P1:35:P2:36
Z-42,2025-10-08,122.24,16.86,P3:29:P1:35:P2:36
Z-42,2025-10-09,120.84,17.03,P3:29:P1:35:P2:36
Z-42,2025-10-10,136.4,16.45,P3:29:P1:35:P2:36
Z-42,2025-10-11,130.26,16.96,P3:29:P1:35:P2:36
Z-42,2025-10-12,140.41,16.71,P3:29:P1:35:P2:36
Z-42,2025-10-13,134.8,16.96,P3:29:P1:35:P2:36
Z-42,2025-10-14,138.46,17.1,P3:29:P1:35:P2:36
Z-42,2025-10-15,130.91,16.46,P3:29:P1:35:P2:36
Z-42,2025-10-16,0.0,0.0,P3:29:P1:35:P2:36
Z-42,2025-10-17,135.98,17.02,P3:29:P1:35:P2:36
Z-42,2025-10-18,136.75,16.51,P3:29:P1:35:P2:36
Z-42,2025-10-19,145.59,17.12,P3:29:P1:35:P2:36
Z-42,2025-10-20,125.09,16.48,P3:29:P1:35:P2:36
Z-42,2025-10-21,140.81,16.67,P3:29:P1:35:P2:36
Z-42,2025-10-22,0.0,0.0,P3:29:P1:35:P2:36
Z-42,2025-10-23,131.99,17.2,P3:29:P1:35:P2:36
Z-42,2025-10-24,133.16,17.08,P3:29:P1:35:P2:36
Z-42,2025-10-25,141.95,16.36,P3:29:P1:35:P2:36
Z-42,2025-10-26,132.38,16.58,P3:29:P1:35:P2:36
Z-42,2025-10-27,147.41,16.85,P3:29:P1:35:P2:36
Z-42,2025-10-28,134.64,16.66,P3:29:P1:35:P2:36
Z-42,2025-10-29,137.97,16.67,P3:29:P1:35:P2:36
Z-42,2025-10-30,140.11,16.7,P3:29:P1:35:P2:36
Z-42,2025-10-31,128.29,16.71,P3:29:P1:35:P2:36
Z-42,2025-11-01,135.83,16.62,P3:29:P1:35:P2:36
Z-42,2025-11-02,135.59,17.24,P3:29:P1:35:P2:36
Z-42,2025-11-03,132.53,16.42,P3:29:P1:35:P2:36
Z-42,2025-11-04,129.56,16.67,P3:29:P1:35:P2:36
Z-42,2025-11-05,139.23,16.76,P3:29:P1:35:P2:36
Z-42,2025-11-06,135.48,17.1,P3:29:P1:35:P2:36
Z-42,2025-11-07,130.43,16.51,P3:29:P1:35:P2:36
Z-42,2025-11-08,130.04,16.47,P3:29:P1:35:P2:36
Z-42,2025-11-09,143.75,16.93,P3:29:P1:35:P2:36
Z-42,2025-11-10,134.64,16.62,P3:29:P1:35:P2:36
Z-42,2025-11-11,137.89,16.79,P3:29:P1:35:P2:36
Z-42,2025-11-12,129.97,16.73,P3:29:P1:35:P2:36
Z-42,2025-11-13,141.47,17.2,P3:29:P1:35:P2:36
Z-42,2025-11-14,134.09,16.8,P3:29:P1:35:P2:36
Z-42,2025-11-15,128.61,17.01,P3:29:P1:35:P2:36
Z-42,2025-11-16,134.33,17.58,P3:29:P1:35:P2:36
Z-42,2025-11-17,0.0,0.0,P3:29:P1:35:P2:36
Z-42,2025-11-18,141.76,16.85,P3:29:P1:35:P2:36
Z-42,2025-11-19,131.59,16.9,P3:29:P1:35:P2:36
Z-42,2025-11-20,135.07,16.98,P3:29:P1:35:P2:36
Z-42,2025-11-21,130.23,16.83,P3:29:P1:35:P2:36
Z-42,2025-11-22,128.23,16.1,P3:29:P1:35:P2:36
Z-42,2025-11-23,132.94,16.94,P3:29:P1:35:P2:36
Z-42,2025-11-24,0.0,0.0,P3:29:P1:35:P2:36
Z-42,2025-11-25,135.58,17.42,P3:29:P1:35:P2:36
Z-42,2025-11-26,143.08,17.1,P3:29:P1:35:P2:36
Z-42,2025-11-27,127.37,16.88,P3:29:P1:35:P2:36
Z-42,2025-11-28,139.93,17.16,P3:29:P1:35:P2:36
Z-42,2025-11-29,136.95,17.32,P3:29:P1:35:P2:36
Z-42,2025-11-30,139.34,16.61,P3:29:P1:35:P2:36
Z-42,2025-12-01,141.87,17.11,P3:29:P1:35:P2:36
Z-42,2025-12-02,133.4,17.5,P3:29:P1:35:P2:36
Z-42,2025-12-03,128.13,17.34,P3:29:P1:35:P2:36
Z-42,2025-12-04,132.49,16.53,P3:29:P1:35:P2:36
Z-42,2025-12-05,131.42,16.42,P3:29:P1:35:P2:36
Z-42,2025-12-06,134.32,16.79,P3:29:P1:35:P2:36
Z-42,2025-12-07,129.9,16.84,P3:29:P1:35:P2:36
Z-42,2025-12-08,129.01,16.83,P3:29:P1:35:P2:36
Z-42,2025-12-09,128.89,16.8,P3:29:P1:35:P2:36
Z-42,2025-12-10,136.49,16.67,P3:29:P1:35:P2:36
Z-42,2025-12-11,146.27,17.16,P3:29:P1:35:P2:36
Z-42,2025-12-12,133.62,16.49,P3:29:P1:35:P2:36
Z-42,2025-12-13,137.26,16.31,P3:29:P1:35:P2:36
Z-42,2025-12-14,134.43,17.34,P3:29:P1:35:P2:36
Z-42,2025-12-15,131.5,16.81,P3:29:P1:35:P2:36
Z-42,2025-12-16,135.92,17.72,P3:29:P1:35:P2:36
Z-42,2025-12-17,143.07,17.07,P3:29:P1:35:P2:36
Z-42,2025-12-18,128.75,17.11,P3:29:P1:35:P2:36
Z-42,2025-12-19,129.87,17.21,P3:29:P1:35:P2:36
Z-42,2025-12-20,128.13,16.61,P3:29:P1:35:P2:36
Z-42,2025-12-21,135.5,17.02,P3:29:P1:35:P2:36
Z-42,2025-12-22,137.6,17.09,P3:29:P1:35:P2:36
Z-42,2025-12-23,139.87,16.7,P3:29:P1:35:P2:36
Z-42,2025-12-24,136.07,16.64,P3:29:P1:35:P2:36
Z-42,2025-12-25,137.34,15.89,P3:29:P1:35:P2:36
Z-42,2025-12-26,136.66,17.01,P3:29:P1:35:P2:36
Z-42,2025-12-27,0.0,0.0,P3:29:P1:35:P2:36
Z-42,2025-12-28,134.64,16.73,P3:29:P1:35:P2:36
Z-42,2025-12-29,136.6,16.55,P3:29:P1:35:P2:36
Z-42,2025-12-30,134.01,16.5,P3:29:P1:35:P2:36
Z-42,2025-12-31,134.03,16.82,P3:29:P1:35:P2:36
Z-42,2026-01-01,133.28,16.34,P3:29:P1:35:P2:36
Z-42,2026-01-02,132.3,17.23,P3:29:P1:35:P2:36
Z-42,2026-01-03,132.0,16.76,P3:29:P1:35:P2:36
Z-42,2026-01-04,136.48,16.79,P3:29:P1:35:P2:36
Z-42,2026-01-05,133.28,16.54,P3:29:P1:35:P2:36
Z-42,2026-01-06,135.17,17.01,P3:29:P1:35:P2:36
Z-42,2026-01-07,145.91,16.02,P3:29:P1:35:P2:36
Z-42,2026-01-08,129.55,17.46,P3:29:P1:35:P2:36
Z-42,2026-01-09,131.19,17.2,P3:29:P1:35:P2:36
Z-42,2026-01-10,128.24,16.26,P3:29:P1:35:P2:36
Z-42,2026-01-11,133.28,16.69,P3:29:P1:35:P2:36
Z-42,2026-01-12,139.4,16.55,P3:29:P1:35:P2:36
Z-42,2026-01-13,140.18,16.48,P3:29:P1:35:P2:36
Z-42,2026-01-14,128.84,16.47,P3:29:P1:35:P2:36
Z-42,2026-01-15,137.72,16.97,P3:29:P1:35:P2:36
Z-42,2026-01-16,137.13,17.13,P3:29:P1:35:P2:36
Z-42,2026-01-17,144.4,16.6,P3:29:P1:35:P2:36
Z-42,2026-01-18,139.66,16.37,P3:29:P1:35:P2:36
Z-42,2026-01-19,131.67,16.78,P3:29:P1:35:P2:36
Z-42,2026-01-20,130.88,16.47,P3:29:P1:35:P2:36
Z-42,2026-01-21,137.66,16.76,P3:29:P1:35:P2:36
Z-42,2026-01-22,138.26,16.53,P3:29:P1:35:P2:36
Z-42,2026-01-23,128.76,16.91,P3:29:P1:35:P2:36
Z-42,2026-01-24,140.53,16.45,P3:29:P1:35:P2:36
Z-42,2026-01-25,143.32,17.19,P3:29:P1:35:P2:36
Z-42,2026-01-26,130.75,17.1,P3:29:P1:35:P2:36
Z-42,2026-01-27,134.14,16.99,P3:29:P1:35:P2:36
Z-42,2026-01-28,128.93,16.69,P3:29:P1:35:P2:36
Z-42,2026-01-29,139.44,16.36,P3:29:P1:35:P2:36
Z-42,2026-01-30,139.27,16.88,P3:29:P1:35:P2:36
Z-42,2026-01-31,139.75,16.64,P3:29:P1:35:P2:36
Z-42,2026-02-01,128.12,17.03,P3:29:P1:35:P2:36
Z-42,2026-02-02,136.31,16.86,P3:29:P1:35:P2:36
Z-42,2026-02-03,126.95,16.76,P3:29:P1:35:P2:36
Z-42,2026-02-04,130.04,17.11,P3:29:P1:35:P2:36
Z-42,2026-02-05,145.06,16.48,P3:29:P1:35:P2:36
Z-42,2026-02-06,128.24,16.55,P3:29:P1:35:P2:36
Z-42,2026-02-07,132.18,16.62,P3:29:P1:35:P2:36
Z-42,2026-02-08,135.46,17.41,P3:29:P1:35:P2:36
Z-42,2026-02-09,141.55,16.81,P3:29:P1:35:P2:36
Z-42,2026-02-10,128.06,17.38,P3:29:P1:35:P2:36
Z-42,2026-02-11,136.08,16.96,P3:29:P1:35:P2:36
Z-42,2026-02-12,143.18,17.02,P3:29:P1:35:P2:36
Z-42,2026-02-13,132.34,17.09,P3:29:P1:35:P2:36
Z-42,2026-02-14,131.43,16.83,P3:29:P1:35:P2:36
Z-42,2026-02-15,134.53,17.18,P3:29:P1:35:P2:36
Z-42,2026-02-16,140.35,16.61,P3:29:P1:35:P2:36
Z-42,2026-02-17,138.59,16.91,P3:29:P1:35:P2:36
Z-42,2026-02-18,141.35,16.78,P3:29:P1:35:P2:36
Z-42,2026-02-19,143.16,17.1,P3:29:P1:35:P2:36
Z-42,2026-02-20,130.96,16.66,P3:29:P1:35:P2:36
Z-42,2026-02-21,134.13,16.7,P3:29:P1:35:P2:36
Z-42,2026-02-22,140.36,16.28,P3:29:P1:35:P2:36
Z-42,2026-02-23,131.41,16.31,P3:29:P1:35:P2:36
Z-42,2026-02-24,138.43,16.83,P3:29:P1:35:P2:36
Z-42,2026-02-25,135.11,16.92,P3:29:P1:35:P2:36
Z-42,2026-02-26,129.36,16.3,P3:29:P1:35:P2:36
Z-42,2026-02-27,131.5,17.2,P3:29:P1:35:P2:36
Z-42,2026-02-28,131.35,16.47,P3:29:P1:35:P2:36
Z-42,2026-03-01,135.78,16.84,P3:29:P1:35:P2:36
Z-42,2026-03-02,127.33,16.53,P3:29:P1:35:P2:36
Z-42,2026-03-03,138.95,16.13,P3:29:P1:35:P2:36
Z-42,2026-03-04,145.39,16.61,P3:29:P1:35:P2:36
Z-42,2026-03-05,132.69,16.76,P3:29:P1:35:P2:36
Z-42,2026-03-06,138.35,16.74,P3:29:P1:35:P2:36
Z-42,2026-03-07,130.88,16.75,P3:29:P1:35:P2:36
Z-42,2026-03-08,140.12,16.8,P3:29:P1:35:P2:36
Z-42,2026-03-09,131.38,16.76,P3:29:P1:35:P2:36
Z-42,2026-03-10,134.8,17.08,P3:29:P1:35:P2:36
Z-42,2026-03-11,142.37,16.91,P3:29:P1:35:P2:36
Z-42,2026-03-12,135.81,16.93,P3:29:P1:35:P2:36
Z-42,2026-03-13,138.07,16.87,P3:29:P1:35:P2:36
Z-42,2026-03-14,134.54,16.44,P3:29:P1:35:P2:36
Z-42,2026-03-15,127.6,16.47,P3:29:P1:35:P2:36
Z-42,2026-03-16,124.9,16.54,P3:29:P1:35:P2:36
Z-42,2026-03-17,131.92,16.54,P3:29:P1:35:P2:36
Z-42,2026-03-18,130.08,16.82,P3:29:P1:35:P2:36
Z-42,2026-03-19,141.8,17.31,P3:29:P1:35:P2:36
Z-42,2026-03-20,129.73,16.67,P3:29:P1:35:P2:36
Z-42,2026-03-21,145.02,17.01,P3:29:P1:35:P2:36
Z-42,2026-03-22,128.93,16.98,P3:29:P1:35:P2:36
Z-42,2026-03-23,130.83,17.36,P3:29:P1:35:P2:36
Z-42,2026-03-24,129.77,16.56,P3:29:P1:35:P2:36
Z-42,2026-03-25,133.55,16.74,P3:29:P1:35:P2:36
Z-42,2026-03-26,135.22,16.71,P3:29:P1:35:P2:36
Z-42,2026-03-27,129.49,16.84,P3:29:P1:35:P2:36
Z-42,2026-03-28,144.25,16.65,P3:29:P1:35:P2:36
Z-42,2026-03-29,131.46,16.89,P3:29:P1:35:P2:36
Z-42,2026-03-30,134.98,16.46,P3:29:P1:35:P2:36
Z-42,2026-03-31,139.94,17.1,P3:29:P1:35:P2:36
Z-42,2026-04-01,128.04,16.6,P3:29:P1:35:P2:36
Z-42,2026-04-02,143.34,16.96,P3:29:P1:35:P2:36
Z-42,2026-04-03,133.34,17.42,P3:29:P1:35:P2:36
Z-42,2026-04-04,138.74,16.62,P3:29:P1:35:P2:36
Z-42,2026-04-05,137.49,16.75,P3:29:P1:35:P2:36
Z-42,2026-04-06,131.43,16.61,P3:29:P1:35:P2:36
Z-42,2026-04-07,130.62,17.6,P3:29:P1:35:P2:36
Z-42,2026-04-08,139.13,16.88,P3:29:P1:35:P2:36
Z-42,2026-04-09,144.62,16.52,P3:29:P1:35:P2:36
Z-42,2026-04-10,130.73,16.51,P3:29:P1:35:P2:36
Z-42,2026-04-11,135.03,16.4,P3:29:P1:35:P2:36
Z-42,2026-04-12,133.6,17.37,P3:29:P1:35:P2:36
Z-42,2026-04-13,142.21,17.17,P3:29:P1:35:P2:36
Z-42,2026-04-14,131.73,17.1,P3:29:P1:35:P2:36
Z-42,2026-04-15,129.78,16.83,P3:29:P1:35:P2:36
Z-42,2026-04-16,138.83,16.66,P3:29:P1:35:P2:36
Z-42,2026-04-17,133.76,16.68,P3:29:P1:35:P2:36
Z-42,2026-04-18,135.78,16.77,P3:29:P1:35:P2:36
Z-42,2026-04-19,141.34,16.67,P3:29:P1:35:P2:36
Z-42,2026-04-20,140.32,16.34,P3:29:P1:35:P2:36
Z-42,2026-04-21,138.75,16.85,P3:29:P1:35:P2:36
Z-42,2026-04-22,135.7,16.96,P3:29:P1:35:P2:36
Z-42,2026-04-23,137.22,16.76,P3:29:P1:35:P2:36
Z-42,2026-04-24,132.84,16.91,P3:29:P1:35:P2:36
Z-42,2026-04-25,138.86,16.8,P3:29:P1:35:P2:36
Z-42,2026-04-26,140.79,16.62,P3:29:P1:35:P2:36
Z-42,2026-04-27,143.47,16.67,P3:29:P1:35:P2:36
Z-42,2026-04-28,137.16,16.68,P3:29:P1:35:P2:36
Z-42,2026-04-29,137.65,16.78,P3:29:P1:35:P2:36
Z-42,2026-04-30,141.15,16.45,P3:29:P1:35:P2:36
Z-42,2026-05-01,136.73,17.11,P3:29:P1:35:P2:36
Z-42,2026-05-02,142.41,16.82,P3:29:P1:35:P2:36
Z-42,2026-05-03,133.28,16.75,P3:29:P1:35:P2:36
Z-42,2026-05-04,135.97,17.34,P3:29:P1:35:P2:36
Z-42,2026-05-05,128.15,17.17,P3:29:P1:35:P2:36
Z-42,2026-05-06,137.88,17.19,P3:29:P1:35:P2:36
Z-42,2026-05-07,133.69,17.22,P3:29:P1:35:P2:36
Z-42,2026-05-08,125.4,16.92,P3:29:P1:35:P2:36
Z-42,2026-05-09,133.5,16.95,P3:29:P1:35:P2:36
Z-42,2026-05-10,141.45,16.32,P3:29:P1:35:P2:36
Z-42,2026-05-11,131.82,16.59,P3:29:P1:35:P2:36
Z-42,2026-05-12,130.12,16.6,P3:29:P1:35:P2:36
Z-42,2026-05-13,133.08,16.84,P3:29:P1:35:P2:36
Z-42,2026-05-14,133.54,16.93,P3:29:P1:35:P2:36
Z-42,2026-05-15,140.66,17.05,P3:29:P1:35:P2:36
Z-42,2026-05-16,131.69,16.82,P3:29:P1:35:P2:36
Z-42,2026-05-17,126.59,16.78,P3:29:P1:35:P2:36
Z-42,2026-05-18,131.66,16.49,P3:29:P1:35:P2:36
Z-42,2026-05-19,129.42,16.88,P3:29:P1:35:P2:36
Z-42,2026-05-20,143.47,17.25,P3:29:P1:35:P2:36
Z-42,2026-05-21,133.79,16.53,P3:29:P1:35:P2:36
Z-42,2026-05-22,139.24,16.99,P3:29:P1:35:P2:36
Z-42,2026-05-23,120.43,17.09,P3:29:P1:35:P2:36
Z-42,2026-05-24,127.06,16.87,P3:29:P1:35:P2:36
Z-42,2026-05-25,138.51,16.9,P3:29:P1:35:P2:36
Z-42,2026-05-26,139.19,16.57,P3:29:P1:35:P2:36
Z-42,2026-05-27,133.82,16.92,P3:29:P1:35:P2:36
Z-42,2026-05-28,0.0,0.0,P3:29:P1:35:P2:36
Z-42,2026-05-29,137.81,17.04,P3:29:P1:35:P2:36
Z-42,2026-05-30,131.83,16.84,P3:29:P1:35:P2:36
Z-42,2026-05-31,136.93,17.01,P3:29:P1:35:P2:36
Z-42,2026-06-01,133.39,16.73,P3:29:P1:35:P2:36
Z-42,2026-06-02,132.36,17.3,P3:29:P1:35:P2:36
Z-42,2026-06-03,133.73,16.84,P3:29:P1:35:P2:36
Z-42,2026-06-04,130.23,16.65,P3:29:P1:35:P2:36
Z-42,2026-06-05,134.69,16.91,P3:29:P1:35:P2:36
Z-42,2026-06-06,134.56,16.84,P3:29:P1:35:P2:36
Z-42,2026-06-07,121.0,16.16,P3:29:P1:35:P2:36
Z-42,2026-06-08,135.09,17.22,P3:29:P1:35:P2:36
Z-42,2026-06-09,123.86,17.42,P3:29:P1:35:P2:36
Z-42,2026-06-10,131.15,16.63,P3:29:P1:35:P2:36
Z-42,2026-06-11,134.17,16.49,P3:29:P1:35:P2:36
Z-42,2026-06-12,134.5,16.67,P3:29:P1:35:P2:36
Z-42,2026-06-13,131.51,16.61,P3:29:P1:35:P2:36
Z-42,2026-06-14,128.56,17.01,P3:29:P1:35:P2:36
Z-42,2026-06-15,131.68,17.15,P3:29:P1:35:P2:36
Z-42,2026-06-16,130.03,17.08,P3:29:P1:35:P2:36
Z-42,2026-06-17,142.82,16.45,P3:29:P1:35:P2:36
Z-42,2026-06-18,140.76,16.85,P3:29:P1:35:P2:36
Z-42,2026-06-19,129.43,17.04,P3:29:P1:35:P2:36
Z-42,2026-06-20,135.01,16.69,P3:29:P1:35:P2:36
Z-42,2026-06-21,130.54,16.93,P3:29:P1:35:P2:36
Z-42,2026-06-22,124.48,17.01,P3:29:P1:35:P2:36
Z-42,2026-06-23,122.33,17.31,P3:29:P1:35:P2:36
Z-42,2026-06-24,138.94,16.78,P3:29:P1:35:P2:36
Z-42,2026-06-25,129.03,16.69,P3:29:P1:35:P2:36
Z-42,2026-06-26,145.95,17.21,P3:29:P1:35:P2:36
Z-42,2026-06-27,126.73,16.61,P3:29:P1:35:P2:36
Z-42,2026-06-28,135.93,16.86,P3:29:P1:35:P2:36
Z-42,2026-06-29,134.82,17.0,P3:29:P1:35:P2:36
Z-42,2026-06-30,133.14,16.65,P3:29:P1:35:P2:36
Z-42,2026-07-01,123.98,16.88,P3:29:P1:35:P2:36
Z-42,2026-07-02,143.28,16.37,P3:29:P1:35:P2:36
Z-42,2026-07-03,136.52,17.09,P3:29:P1:35:P2:36
Z-42,2026-07-04,137.92,16.7,P3:29:P1:35:P2:36
Z-42,2026-07-05,137.44,16.67,P3:29:P1:35:P2:36
Z-42,2026-07-06,132.51,16.85,P3:29:P1:35:P2:36
Z-42,2026-07-07,136.36,16.38,P3:29:P1:35:P2:36
Z-42,2026-07-08,133.05,17.11,P3:29:P1:35:P2:36
Z-42,2026-07-09,123.17,16.44,P3:29:P1:35:P2:36
Z-42,2026-07-10,137.56,16.5,P3:29:P1:35:P2:36
Z-42,2026-07-11,144.37,17.35,P3:29:P1:35:P2:36
Z-42,2026-07-12,143.07,16.66,P3:29:P1:35:P2:36
Z-42,2026-07-13,139.62,16.55,P3:29:P1:35:P2:36
Z-42,2026-07-14,139.92,16.92,P3:29:P1:35:P2:36
Z-42,2026-07-15,141.74,16.66,P3:29:P1:35:P2:36
Z-42,2026-07-16,130.39,16.84,P3:29:P1:35:P2:36
Z-42,2026-07-17,136.56,16.34,P3:29:P1:35:P2:36
Z-42,2026-07-18,133.58,17.11,P3:29:P1:35:P2:36
Z-42,2026-07-19,135.4,17.11,P3:29:P1:35:P2:36
Z-42,2026-07-20,133.89,17.04,P3:29:P1:35:P2:36
Z-42,2026-07-21,136.28,17.38,P3:29:P1:35:P2:36
Z-42,2026-07-22,146.63,16.54,P3:29:P1:35:P2:36
Z-42,2026-07-23,131.75,17.4,P3:29:P1:35:P2:36
Z-42,2026-07-24,134.68,16.84,P3:29:P1:35:P2:36
Z-42,2026-07-25,136.81,17.12,P3:29:P1:35:P2:36
Z-42,2026-07-26,134.06,16.79,P3:29:P1:35:P2:36
Z-42,2026-07-27,137.6,16.7,P3:29:P1:35:P2:36
Z-42,2026-07-28,133.06,17.21,P3:29:P1:35:P2:36
Z-42,2026-07-29,132.96,16.93,P3:29:P1:35:P2:36
Z-42,2026-07-30,143.54,16.59,P3:29:P1:35:P2:36
Z-42,2026-07-31,137.58,16.95,P3:29:P1:35:P2:36
Z-42,2026-08-01,128.73,16.36,P3:29:P1:35:P2:36
Z-42,2026-08-02,128.6,16.77,P3:29:P1:35:P2:36
Z-42,2026-08-03,140.04,16.89,P3:29:P1:35:P2:36
Z-42,2026-08-04,135.2,16.99,P3:29:P1:35:P2:36
Z-42,2026-08-05,135.5,16.97,P3:29:P1:35:P2:36
Z-42,2026-08-06,136.09,17.24,P3:29:P1:35:P2:36
Z-42,2026-08-07,126.45,16.76,P3:29:P1:35:P2:36
Z-42,2026-08-08,138.96,16.91,P3:29:P1:35:P2:36
Z-42,2026-08-09,130.91,16.89,P3:29:P1:35:P2:36
Z-42,2026-08-10,127.2,17.04,P3:29:P1:35:P2:36
Z-42,2026-08-11,139.32,16.88,P3:29:P1:35:P2:36
Z-42,2026-08-12,132.96,16.73,P3:29:P1:35:P2:36
Z-42,2026-08-13,140.23,16.79,P3:29:P1:35:P2:36
Z-42,2026-08-14,125.9,16.87,P3:29:P1:35:P2:36
Z-42,2026-08-15,135.87,16.84,P3:29:P1:35:P2:36
Z-42,2026-08-16,136.79,16.81,P3:29:P1:35:P2:36
Z-42,2026-08-17,136.34,17.1,P3:29:P1:35:P2:36
Z-42,2026-08-18,146.67,16.93,P3:29:P1:35:P2:36
Z-42,2026-08-19,126.88,16.77,P3:29:P1:35:P2:36
Z-42,2026-08-20,127.73,16.74,P3:29:P1:35:P2:36
Z-42,2026-08-21,135.75,16.6,P3:29:P1:35:P2:36
Z-42,2026-08-22,137.01,16.98,P3:29:P1:35:P2:36
Z-42,2026-08-23,142.25,16.28,P3:29:P1:35:P2:36
Z-42,2026-08-24,135.56,17.32,P3:29:P1:35:P2:36
Z-42,2026-08-25,141.65,16.41,P3:29:P1:35:P2:36
Z-42,2026-08-26,125.5,16.61,P3:29:P1:35:P2:36
Z-42,2026-08-27,140.18,17.05,P3:29:P1:35:P2:36
Z-42,2026-08-28,132.3,16.93,P3:29:P1:35:P2:36
Z-42,2026-08-29,136.62,16.55,P3:29:P1:35:P2:36
Z-42,2026-08-30,144.24,17.4,P3:29:P1:35:P2:36
Z-42,2026-08-31,131.58,16.51,P3:29:P1:35:P2:36
N-38,2025-09-01,127.92,16.3,P2:40:P3:60
N-38,2025-09-02,129.31,16.65,P2:40:P3:60
N-38,2025-09-03,124.33,16.51,P2:40:P3:60
N-38,2025-09-04,136.37,16.58,P2:40:P3:60
N-38,2025-09-05,124.75,16.3,P2:40:P3:60
N-38,2025-09-06,127.17,16.43,P2:40:P3:60
N-38,2025-09-07,118.54,17.23,P2:40:P3:60
N-38,2025-09-08,127.35,16.78,P2:40:P3:60
N-38,2025-09-09,126.57,17.03,P2:40:P3:60
N-38,2025-09-10,140.29,16.39,P2:40:P3:60
N-38,2025-09-11,130.86,16.9,P2:40:P3:60
N-38,2025-09-12,135.42,16.56,P2:40:P3:60
N-38,2025-09-13,124.39,16.45,P2:40:P3:60
N-38,2025-09-14,141.62,17.12,P2:40:P3:60
N-38,2025-09-15,142.22,17.0,P2:40:P3:60
N-38,2025-09-16,133.49,17.09,P2:40:P3:60
N-38,2025-09-17,119.24,17.21,P2:40:P3:60
N-38,2025-09-18,121.34,16.62,P2:40:P3:60
N-38,2025-09-19,129.77,16.76,P2:40:P3:60
N-38,2025-09-20,132.2,17.43,P2:40:P3:60
N-38,2025-09-21,130.26,16.81,P2:40:P3:60
N-38,2025-09-22,127.4,16.56,P2:40:P3:60
N-38,2025-09-23,124.13,16.76,P2:40:P3:60
N-38,2025-09-24,134.75,16.16,P2:40:P3:60
N-38,2025-09-25,132.14,16.6,P2:40:P3:60
N-38,2025-09-26,129.67,16.99,P2:40:P3:60
N-38,2025-09-27,122.46,17.17,P2:40:P3:60
N-38,2025-09-28,126.7,16.83,P2:40:P3:60
N-38,2025-09-29,127.37,16.13,P2:40:P3:60
N-38,2025-09-30,123.62,16.26,P2:40:P3:60
N-38,2025-10-01,117.51,16.51,P2:40:P3:60
N-38,2025-10-02,125.46,17.62,P2:40:P3:60
N-38,2025-10-03,123.25,16.97,P2:40:P3:60
N-38,2025-10-04,118.79,16.63,P2:40:P3:60
N-38,2025-10-05,129.27,16.81,P2:40:P3:60
N-38,2025-10-06,132.15,16.53,P2:40:P3:60
N-38,2025-10-07,138.13,17.28,P2:40:P3:60
N-38,2025-10-08,134.63,16.65,P2:40:P3:60
N-38,2025-10-09,133.79,16.66,P2:40:P3:60
N-38,2025-10-10,127.45,16.83,P2:40:P3:60
N-38,2025-10-11,128.89,16.67,P2:40:P3:60
N-38,2025-10-12,120.51,16.89,P2:40:P3:60
N-38,2025-10-13,129.38,16.82,P2:40:P3:60
N-38,2025-10-14,122.75,17.01,P2:40:P3:60
N-38,2025-10-15,131.95,17.18,P2:40:P3:60
N-38,2025-10-16,125.27,16.56,P2:40:P3:60
N-38,2025-10-17,125.03,16.53,P2:40:P3:60
N-38,2025-10-18,132.41,16.6,P2:40:P3:60
N-38,2025-10-19,125.02,16.31,P2:40:P3:60
N-38,2025-10-20,133.34,16.7,P2:40:P3:60
N-38,2025-10-21,134.07,16.73,P2:40:P3:60
N-38,2025-10-22,127.82,16.66,P2:40:P3:60
N-38,2025-10-23,133.71,16.94,P2:40:P3:60
N-38,2025-10-24,131.38,16.58,P2:40:P3:60
N-38,2025-10-25,129.62,17.07,P2:40:P3:60
N-38,2025-10-26,143.27,16.73,P2:40:P3:60
N-38,2025-10-27,129.83,16.88,P2:40:P3:60
N-38,2025-10-28,123.6,16.61,P2:40:P3:60
N-38,2025-10-29,126.66,16.88,P2:40:P3:60
N-38,2025-10-30,138.54,16.86,P2:40:P3:60
N-38,2025-10-31,130.38,16.53,P2:40:P3:60
N-38,2025-11-01,127.25,16.73,P2:40:P3:60
N-38,2025-11-02,128.18,16.15,P2:40:P3:60
N-38,2025-11-03,127.18,16.62,P2:40:P3:60
N-38,2025-11-04,121.84,16.29,P2:40:P3:60
N-38,2025-11-05,124.98,16.23,P2:40:P3:60
N-38,2025-11-06,122.06,17.24,P2:40:P3:60
N-38,2025-11-07,132.99,16.52,P2:40:P3:60
N-38,2025-11-08,135.35,16.85,P2:40:P3:60
N-38,2025-11-09,133.53,16.6,P2:40:P3:60
N-38,2025-11-10,126.96,16.93,P2:40:P3:60
N-38,2025-11-11,131.24,16.99,P2:40:P3:60
N-38,2025-11-12,129.37,17.05,P2:40:P3:60
N-38,2025-11-13,125.14,16.9,P2:40:P3:60
N-38,2025-11-14,130.62,16.65,P2:40:P3:60
N-38,2025-11-15,127.96,16.53,P2:40:P3:60
N-38,2025-11-16,126.1,16.5,P2:40:P3:60
N-38,2025-11-17,130.91,16.66,P2:40:P3:60
N-38,2025-11-18,127.41,16.35,P2:40:P3:60
N-38,2025-11-19,0.0,0.0,P2:40:P3:60
N-38,2025-11-20,126.19,16.97,P2:40:P3:60
N-38,2025-11-21,125.03,16.86,P2:40:P3:60
N-38,2025-11-22,130.02,16.93,P2:40:P3:60
N-38,2025-11-23,132.6,16.21,P2:40:P3:60
N-38,2025-11-24,122.91,16.59,P2:40:P3:60
N-38,2025-11-25,130.04,16.22,P2:40:P3:60
N-38,2025-11-26,133.81,16.57,P2:40:P3:60
N-38,2025-11-27,130.66,16.38,P2:40:P3:60
N-38,2025-11-28,124.64,16.37,P2:40:P3:60
N-38,2025-11-29,140.84,16.22,P2:40:P3:60
N-38,2025-11-30,127.29,16.78,P2:40:P3:60
N-38,2025-12-01,135.36,16.88,P2:40:P3:60
N-38,2025-12-02,135.98,16.57,P2:40:P3:60
N-38,2025-12-03,126.82,17.23,P2:40:P3:60
N-38,2025-12-04,121.39,16.92,P2:40:P3:60
N-38,2025-12-05,133.47,16.81,P2:40:P3:60
N-38,2025-12-06,135.0,17.11,P2:40:P3:60
N-38,2025-12-07,124.21,17.61,P2:40:P3:60
N-38,2025-12-08,129.54,16.97,P2:40:P3:60
N-38,2025-12-09,131.38,16.68,P2:40:P3:60
N-38,2025-12-10,125.69,16.62,P2:40:P3:60
N-38,2025-12-11,126.23,16.65,P2:40:P3:60
N-38,2025-12-12,133.7,16.34,P2:40:P3:60
N-38,2025-12-13,117.12,16.71,P2:40:P3:60
N-38,2025-12-14,129.44,17.27,P2:40:P3:60
N-38,2025-12-15,123.54,16.62,P2:40:P3:60
N-38,2025-12-16,129.09,16.87,P2:40:P3:60
N-38,2025-12-17,125.03,16.69,P2:40:P3:60
N-38,2025-12-18,128.82,16.42,P2:40:P3:60
N-38,2025-12-19,126.63,16.64,P2:40:P3:60
N-38,2025-12-20,132.94,16.58,P2:40:P3:60
N-38,2025-12-21,124.81,16.55,P2:40:P3:60
N-38,2025-12-22,127.25,16.43,P2:40:P3:60
N-38,2025-12-23,120.36,16.83,P2:40:P3:60
N-38,2025-12-24,128.25,16.78,P2:40:P3:60
N-38,2025-12-25,126.21,16.23,P2:40:P3:60
N-38,2025-12-26,122.22,16.09,P2:40:P3:60
N-38,2025-12-27,126.07,16.95,P2:40:P3:60
N-38,2025-12-28,131.43,16.38,P2:40:P3:60
N-38,2025-12-29,129.14,16.58,P2:40:P3:60
N-38,2025-12-30,124.71,16.78,P2:40:P3:60
N-38,2025-12-31,124.2,16.51,P2:40:P3:60
N-38,2026-01-01,133.11,17.0,P2:40:P3:60
N-38,2026-01-02,124.95,17.2,P2:40:P3:60
N-38,2026-01-03,125.04,16.76,P2:40:P3:60
N-38,2026-01-04,124.79,16.97,P2:40:P3:60
N-38,2026-01-05,132.81,16.19,P2:40:P3:60
N-38,2026-01-06,129.18,16.68,P2:40:P3:60
N-38,2026-01-07,124.59,17.1,P2:40:P3:60
N-38,2026-01-08,127.08,17.23,P2:40:P3:60
N-38,2026-01-09,128.42,16.9,P2:40:P3:60
N-38,2026-01-10,124.73,17.06,P2:40:P3:60
N-38,2026-01-11,134.49,16.9,P2:40:P3:60
N-38,2026-01-12,131.16,16.4,P2:40:P3:60
N-38,2026-01-13,139.04,16.48,P2:40:P3:60
N-38,2026-01-14,122.99,17.12,P2:40:P3:60
N-38,2026-01-15,126.17,16.83,P2:40:P3:60
N-38,2026-01-16,128.08,16.81,P2:40:P3:60
N-38,2026-01-17,122.84,16.28,P2:40:P3:60
N-38,2026-01-18,138.32,16.77,P2:40:P3:60
N-38,2026-01-19,130.53,16.54,P2:40:P3:60
N-38,2026-01-20,127.57,16.77,P2:40:P3:60
N-38,2026-01-21,130.4,16.33,P2:40:P3:60
N-38,2026-01-22,118.89,17.08,P2:40:P3:60
N-38,2026-01-23,127.25,16.65,P2:40:P3:60
N-38,2026-01-24,120.35,16.34,P2:40:P3:60
N-38,2026-01-25,116.31,16.47,P2:40:P3:60
N-38,2026-01-26,129.34,16.92,P2:40:P3:60
N-38,2026-01-27,118.16,17.17,P2:40:P3:60
N-38,2026-01-28,134.46,16.81,P2:40:P3:60
N-38,2026-01-29,131.47,16.87,P2:40:P3:60
N-38,2026-01-30,121.66,17.14,P2:40:P3:60
N-38,2026-01-31,126.69,16.75,P2:40:P3:60
N-38,2026-02-01,134.84,16.74,P2:40:P3:60
N-38,2026-02-02,127.42,16.82,P2:40:P3:60
N-38,2026-02-03,111.86,17.27,P2:40:P3:60
N-38,2026-02-04,125.74,17.04,P2:40:P3:60
N-38,2026-02-05,125.18,16.78,P2:40:P3:60
N-38,2026-02-06,126.01,16.94,P2:40:P3:60
N-38,2026-02-07,124.37,16.78,P2:40:P3:60
N-38,2026-02-08,135.83,16.32,P2:40:P3:60
N-38,2026-02-09,131.09,16.44,P2:40:P3:60
N-38,2026-02-10,123.78,16.58,P2:40:P3:60
N-38,2026-02-11,127.08,16.21,P2:40:P3:60
N-38,2026-02-12,128.09,16.56,P2:40:P3:60
N-38,2026-02-13,135.23,16.65,P2:40:P3:60
N-38,2026-02-14,123.69,16.66,P2:40:P3:60
N-38,2026-02-15,128.99,17.17,P2:40:P3:60
N-38,2026-02-16,112.98,17.26,P2:40:P3:60
N-38,2026-02-17,124.49,16.94,P2:40:P3:60
N-38,2026-02-18,131.78,16.93,P2:40:P3:60
N-38,2026-02-19,136.34,16.92,P2:40:P3:60
N-38,2026-02-20,133.99,16.32,P2:40:P3:60
N-38,2026-02-21,131.14,16.59,P2:40:P3:60
N-38,2026-02-22,126.86,17.13,P2:40:P3:60
N-38,2026-02-23,128.95,16.33,P2:40:P3:60
N-38,2026-02-24,135.21,16.44,P2:40:P3:60
N-38,2026-02-25,128.62,16.98,P2:40:P3:60
N-38,2026-02-26,127.84,17.04,P2:40:P3:60
N-38,2026-02-27,116.93,16.46,P2:40:P3:60
N-38,2026-02-28,124.51,16.9,P2:40:P3:60
N-38,2026-03-01,125.83,16.28,P2:40:P3:60
N-38,2026-03-02,123.03,16.46,P2:40:P3:60
N-38,2026-03-03,120.08,16.64,P2:40:P3:60
N-38,2026-03-04,129.57,17.01,P2:40:P3:60
N-38,2026-03-05,124.42,16.7,P2:40:P3:60
N-38,2026-03-06,124.96,16.79,P2:40:P3:60
N-38,2026-03-07,120.87,16.97,P2:40:P3:60
N-38,2026-03-08,123.24,16.62,P2:40:P3:60
N-38,2026-03-09,123.0,16.55,P2:40:P3:60
N-38,2026-03-10,130.9,16.36,P2:40:P3:60
N-38,2026-03-11,127.89,16.94,P2:40:P3:60
N-38,2026-03-12,130.34,16.89,P2:40:P3:60
N-38,2026-03-13,119.7,16.83,P2:40:P3:60
N-38,2026-03-14,129.79,16.34,P2:40:P3:60
N-38,2026-03-15,131.27,16.83,P2:40:P3:60
N-38,2026-03-16,128.73,16.28,P2:40:P3:60
N-38,2026-03-17,135.35,16.35,P2:40:P3:60
N-38,2026-03-18,126.41,16.69,P2:40:P3:60
N-38,2026-03-19,126.52,16.72,P2:40:P3:60
N-38,2026-03-20,126.51,17.05,P2:40:P3:60
N-38,2026-03-21,0.0,0.0,P2:40:P3:60
N-38,2026-03-22,126.74,17.0,P2:40:P3:60
N-38,2026-03-23,130.49,17.07,P2:40:P3:60
N-38,2026-03-24,134.74,16.75,P2:40:P3:60
N-38,2026-03-25,130.71,17.08,P2:40:P3:60
N-38,2026-03-26,135.95,16.49,P2:40:P3:60
N-38,2026-03-27,129.04,16.81,P2:40:P3:60
N-38,2026-03-28,131.37,16.49,P2:40:P3:60
N-38,2026-03-29,124.97,16.92,P2:40:P3:60
N-38,2026-03-30,131.45,16.23,P2:40:P3:60
N-38,2026-03-31,125.83,16.65,P2:40:P3:60
N-38,2026-04-01,129.09,16.98,P2:40:P3:60
N-38,2026-04-02,132.63,16.94,P2:40:P3:60
N-38,2026-04-03,130.2,17.1,P2:40:P3:60
N-38,2026-04-04,127.53,16.85,P2:40:P3:60
N-38,2026-04-05,134.75,17.19,P2:40:P3:60
N-38,2026-04-06,130.38,17.01,P2:40:P3:60
N-38,2026-04-07,125.96,16.65,P2:40:P3:60
N-38,2026-04-08,129.71,16.56,P2:40:P3:60
N-38,2026-04-09,134.4,17.08,P2:40:P3:60
N-38,2026-04-10,128.63,17.17,P2:40:P3:60
N-38,2026-04-11,129.26,16.1,P2:40:P3:60
N-38,2026-04-12,137.1,16.88,P2:40:P3:60
N-38,2026-04-13,135.29,17.03,P2:40:P3:60
N-38,2026-04-14,122.07,17.16,P2:40:P3:60
N-38,2026-04-15,127.89,16.32,P2:40:P3:60
N-38,2026-04-16,119.82,16.26,P2:40:P3:60
N-38,2026-04-17,132.84,17.57,P2:40:P3:60
N-38,2026-04-18,135.04,16.82,P2:40:P3:60
N-38,2026-04-19,141.6,16.74,P2:40:P3:60
N-38,2026-04-20,127.15,16.56,P2:40:P3:60
N-38,2026-04-21,126.25,17.16,P2:40:P3:60
N-38,2026-04-22,124.67,16.69,P2:40:P3:60
N-38,2026-04-23,0.0,0.0,P2:40:P3:60
N-38,2026-04-24,117.88,16.97,P2:40:P3:60
N-38,2026-04-25,133.03,16.85,P2:40:P3:60
N-38,2026-04-26,121.4,16.58,P2:40:P3:60
N-38,2026-04-27,130.84,17.28,P2:40:P3:60
N-38,2026-04-28,122.38,16.74,P2:40:P3:60
N-38,2026-04-29,126.49,17.14,P2:40:P3:60
N-38,2026-04-30,130.68,16.67,P2:40:P3:60
N-38,2026-05-01,128.75,16.4,P2:40:P3:60
N-38,2026-05-02,0.0,0.0,P2:40:P3:60
N-38,2026-05-03,130.42,16.81,P2:40:P3:60
N-38,2026-05-04,125.76,17.14,P2:40:P3:60
N-38,2026-05-05,135.07,16.66,P2:40:P3:60
N-38,2026-05-06,135.33,16.43,P2:40:P3:60
N-38,2026-05-07,134.08,17.01,P2:40:P3:60
N-38,2026-05-08,132.65,16.91,P2:40:P3:60
N-38,2026-05-09,127.06,16.92,P2:40:P3:60
N-38,2026-05-10,134.83,16.99,P2:40:P3:60
N-38,2026-05-11,131.06,16.5,P2:40:P3:60
N-38,2026-05-12,121.06,16.37,P2:40:P3:60
N-38,2026-05-13,124.27,17.21,P2:40:P3:60
N-38,2026-05-14,127.37,16.66,P2:40:P3:60
N-38,2026-05-15,129.98,17.03,P2:40:P3:60
N-38,2026-05-16,136.95,17.47,P2:40:P3:60
N-38,2026-05-17,128.43,16.46,P2:40:P3:60
N-38,2026-05-18,124.08,17.1,P2:40:P3:60
N-38,2026-05-19,116.46,16.72,P2:40:P3:60
N-38,2026-05-20,132.51,16.68,P2:40:P3:60
N-38,2026-05-21,0.0,0.0,P2:40:P3:60
N-38,2026-05-22,125.59,16.88,P2:40:P3:60
N-38,2026-05-23,130.2,16.93,P2:40:P3:60
N-38,2026-05-24,128.88,17.08,P2:40:P3:60
N-38,2026-05-25,122.25,16.61,P2:40:P3:60
N-38,2026-05-26,132.18,17.12,P2:40:P3:60
N-38,2026-05-27,133.78,16.35,P2:40:P3:60
N-38,2026-05-28,126.65,16.76,P2:40:P3:60
N-38,2026-05-29,128.12,16.81,P2:40:P3:60
N-38,2026-05-30,122.39,16.4,P2:40:P3:60
N-38,2026-05-31,128.39,16.82,P2:40:P3:60
N-38,2026-06-01,139.19,17.1,P2:40:P3:60
N-38,2026-06-02,128.9,16.79,P2:40:P3:60
N-38,2026-06-03,139.63,16.64,P2:40:P3:60
N-38,2026-06-04,128.79,16.43,P2:40:P3:60
N-38,2026-06-05,132.1,16.55,P2:40:P3:60
N-38,2026-06-06,134.71,17.5,P2:40:P3:60
N-38,2026-06-07,121.85,16.71,P2:40:P3:60
N-38,2026-06-08,125.84,16.79,P2:40:P3:60
N-38,2026-06-09,130.58,16.91,P2:40:P3:60
N-38,2026-06-10,124.77,16.93,P2:40:P3:60
N-38,2026-06-11,138.49,16.89,P2:40:P3:60
N-38,2026-06-12,131.94,16.98,P2:40:P3:60
N-38,2026-06-13,129.36,17.22,P2:40:P3:60
N-38,2026-06-14,132.22,16.36,P2:40:P3:60
N-38,2026-06-15,128.88,16.55,P2:40:P3:60
N-38,2026-06-16,120.99,16.75,P2:40:P3:60
N-38,2026-06-17,128.54,16.49,P2:40:P3:60
N-38,2026-06-18,135.2,16.62,P2:40:P3:60
N-38,2026-06-19,131.1,16.42,P2:40:P3:60
N-38,2026-06-20,124.58,16.3,P2:40:P3:60
N-38,2026-06-21,120.36,16.4,P2:40:P3:60
N-38,2026-06-22,126.07,16.8,P2:40:P3:60
N-38,2026-06-23,125.13,16.96,P2:40:P3:60
N-38,2026-06-24,129.76,16.5,P2:40:P3:60
N-38,2026-06-25,126.53,16.4,P2:40:P3:60
N-38,2026-06-26,129.42,16.56,P2:40:P3:60
N-38,2026-06-27,122.5,16.84,P2:40:P3:60
N-38,2026-06-28,131.22,16.3,P2:40:P3:60
N-38,2026-06-29,125.54,16.64,P2:40:P3:60
N-38,2026-06-30,126.37,16.47,P2:40:P3:60
N-38,2026-07-01,130.95,16.8,P2:40:P3:60
N-38,2026-07-02,122.61,16.74,P2:40:P3:60
N-38,2026-07-03,138.19,16.26,P2:40:P3:60
N-38,2026-07-04,121.65,16.41,P2:40:P3:60
N-38,2026-07-05,127.96,16.47,P2:40:P3:60
N-38,2026-07-06,131.42,16.4,P2:40:P3:60
N-38,2026-07-07,0.0,0.0,P2:40:P3:60
N-38,2026-07-08,122.79,16.87,P2:40:P3:60
N-38,2026-07-09,130.89,16.86,P2:40:P3:60
N-38,2026-07-10,126.3,17.37,P2:40:P3:60
N-38,2026-07-11,131.91,17.22,P2:40:P3:60
N-38,2026-07-12,125.42,17.68,P2:40:P3:60
N-38,2026-07-13,135.48,16.73,P2:40:P3:60
N-38,2026-07-14,127.05,16.7,P2:40:P3:60
N-38,2026-07-15,128.58,16.16,P2:40:P3:60
N-38,2026-07-16,123.44,16.38,P2:40:P3:60
N-38,2026-07-17,131.01,16.58,P2:40:P3:60
N-38,2026-07-18,124.71,17.02,P2:40:P3:60
N-38,2026-07-19,120.9,16.36,P2:40:P3:60
N-38,2026-07-20,126.15,16.55,P2:40:P3:60
N-38,2026-07-21,122.19,16.62,P2:40:P3:60
N-38,2026-07-22,137.48,16.95,P2:40:P3:60
N-38,2026-07-23,118.7,16.38,P2:40:P3:60
N-38,2026-07-24,123.84,16.0,P2:40:P3:60
N-38,2026-07-25,128.28,17.13,P2:40:P3:60
N-38,2026-07-26,135.35,16.26,P2:40:P3:60
N-38,2026-07-27,125.74,16.53,P2:40:P3:60
N-38,2026-07-28,121.9,16.73,P2:40:P3:60
N-38,2026-07-29,125.9,16.33,P2:40:P3:60
N-38,2026-07-30,120.95,17.07,P2:40:P3:60
N-38,2026-07-31,117.3,16.28,P2:40:P3:60
N-38,2026-08-01,118.33,17.09,P2:40:P3:60
N-38,2026-08-02,125.65,17.02,P2:40:P3:60
N-38,2026-08-03,126.16,16.82,P2:40:P3:60
N-38,2026-08-04,127.55,16.68,P2:40:P3:60
N-38,2026-08-05,132.03,16.83,P2:40:P3:60
N-38,2026-08-06,130.81,16.99,P2:40:P3:60
N-38,2026-08-07,121.76,16.96,P2:40:P3:60
N-38,2026-08-08,129.79,16.81,P2:40:P3:60
N-38,2026-08-09,124.58,17.07,P2:40:P3:60
N-38,2026-08-10,125.16,16.7,P2:40:P3:60
N-38,2026-08-11,132.08,16.33,P2:40:P3:60
N-38,2026-08-12,130.8,16.59,P2:40:P3:60
N-38,2026-08-13,133.07,16.86,P2:40:P3:60
N-38,2026-08-14,138.06,16.95,P2:40:P3:60
N-38,2026-08-15,134.25,16.81,P2:40:P3:60
N-38,2026-08-16,127.88,16.8,P2:40:P3:60
N-38,2026-08-17,123.96,16.37,P2:40:P3:60
N-38,2026-08-18,120.02,16.95,P2:40:P3:60
N-38,2026-08-19,127.89,17.04,P2:40:P3:60
N-38,2026-08-20,124.14,16.95,P2:40:P3:60
N-38,2026-08-21,121.66,16.22,P2:40:P3:60
N-38,2026-08-22,126.55,16.66,P2:40:P3:60
N-38,2026-08-23,127.49,17.51,P2:40:P3:60
N-38,2026-08-24,125.83,16.37,P2:40:P3:60
N-38,2026-08-25,125.85,17.1,P2:40:P3:60
N-38,2026-08-26,129.73,16.53,P2:40:P3:60
N-38,2026-08-27,126.13,16.98,P2:40:P3:60
N-38,2026-08-28,129.41,16.38,P2:40:P3:60
N-38,2026-08-29,128.17,16.8,P2:40:P3:60
N-38,2026-08-30,128.73,16.31,P2:40:P3:60
N-38,2026-08-31,120.98,16.8,P2:40:P3:60
N-39,2025-09-01,140.09,10.81,P3:36:P1:47:P2:16
N-39,2025-09-02,143.47,11.06,P3:36:P1:47:P2:16
N-39,2025-09-03,140.92,11.28,P3:36:P1:47:P2:16
N-39,2025-09-04,157.95,11.14,P3:36:P1:47:P2:16
N-39,2025-09-05,0.0,0.0,P3:36:P1:47:P2:16
N-39,2025-09-06,156.35,10.87,P3:36:P1:47:P2:16
N-39,2025-09-07,137.61,11.2,P3:36:P1:47:P2:16
N-39,2025-09-08,146.96,10.94,P3:36:P1:47:P2:16
N-39,2025-09-09,172.74,10.2,P3:36:P1:47:P2:16
N-39,2025-09-10,149.38,10.8,P3:36:P1:47:P2:16
N-39,2025-09-11,156.81,10.32,P3:36:P1:47:P2:16
N-39,2025-09-12,152.5,10.52,P3:36:P1:47:P2:16
N-39,2025-09-13,148.93,10.8,P3:36:P1:47:P2:16
N-39,2025-09-14,154.29,10.96,P3:36:P1:47:P2:16
N-39,2025-09-15,150.08,10.74,P3:36:P1:47:P2:16
N-39,2025-09-16,154.14,10.85,P3:36:P1:47:P2:16
N-39,2025-09-17,154.5,10.81,P3:36:P1:47:P2:16
N-39,2025-09-18,161.57,10.6,P3:36:P1:47:P2:16
N-39,2025-09-19,146.64,10.98,P3:36:P1:47:P2:16
N-39,2025-09-20,148.45,10.77,P3:36:P1:47:P2:16
N-39,2025-09-21,159.12,11.2,P3:36:P1:47:P2:16
N-39,2025-09-22,158.89,11.15,P3:36:P1:47:P2:16
N-39,2025-09-23,157.41,10.66,P3:36:P1:47:P2:16
N-39,2025-09-24,151.4,10.59,P3:36:P1:47:P2:16
N-39,2025-09-25,152.72,10.94,P3:36:P1:47:P2:16
N-39,2025-09-26,159.7,10.8,P3:36:P1:47:P2:16
N-39,2025-09-27,163.72,11.14,P3:36:P1:47:P2:16
N-39,2025-09-28,155.54,10.71,P3:36:P1:47:P2:16
N-39,2025-09-29,144.33,10.72,P3:36:P1:47:P2:16
N-39,2025-09-30,158.26,11.11,P3:36:P1:47:P2:16
N-39,2025-10-01,146.6,10.89,P3:36:P1:47:P2:16
N-39,2025-10-02,147.59,10.41,P3:36:P1:47:P2:16
N-39,2025-10-03,156.44,10.41,P3:36:P1:47:P2:16
N-39,2025-10-04,146.32,11.65,P3:36:P1:47:P2:16
N-39,2025-10-05,157.23,10.51,P3:36:P1:47:P2:16
N-39,2025-10-06,155.35,11.15,P3:36:P1:47:P2:16
N-39,2025-10-07,161.07,10.71,P3:36:P1:47:P2:16
N-39,2025-10-08,162.58,10.72,P3:36:P1:47:P2:16
N-39,2025-10-09,149.06,10.5,P3:36:P1:47:P2:16
N-39,2025-10-10,146.6,10.93,P3:36:P1:47:P2:16
N-39,2025-10-11,145.1,10.82,P3:36:P1:47:P2:16
N-39,2025-10-12,156.54,10.45,P3:36:P1:47:P2:16
N-39,2025-10-13,146.56,10.62,P3:36:P1:47:P2:16
N-39,2025-10-14,148.56,10.77,P3:36:P1:47:P2:16
N-39,2025-10-15,149.97,10.41,P3:36:P1:47:P2:16
N-39,2025-10-16,153.7,10.59,P3:36:P1:47:P2:16
N-39,2025-10-17,149.64,10.6,P3:36:P1:47:P2:16
N-39,2025-10-18,174.71,10.67,P3:36:P1:47:P2:16
N-39,2025-10-19,162.32,10.66,P3:36:P1:47:P2:16
N-39,2025-10-20,154.97,10.52,P3:36:P1:47:P2:16
N-39,2025-10-21,146.13,10.68,P3:36:P1:47:P2:16
N-39,2025-10-22,162.03,10.67,P3:36:P1:47:P2:16
N-39,2025-10-23,142.87,10.29,P3:36:P1:47:P2:16
N-39,2025-10-24,160.55,10.48,P3:36:P1:47:P2:16
N-39,2025-10-25,149.54,10.37,P3:36:P1:47:P2:16
N-39,2025-10-26,156.85,10.64,P3:36:P1:47:P2:16
N-39,2025-10-27,132.57,10.71,P3:36:P1:47:P2:16
N-39,2025-10-28,153.12,10.96,P3:36:P1:47:P2:16
N-39,2025-10-29,144.39,10.99,P3:36:P1:47:P2:16
N-39,2025-10-30,145.95,11.45,P3:36:P1:47:P2:16
N-39,2025-10-31,155.33,10.76,P3:36:P1:47:P2:16
N-39,2025-11-01,153.26,10.67,P3:36:P1:47:P2:16
N-39,2025-11-02,153.7,10.44,P3:36:P1:47:P2:16
N-39,2025-11-03,159.78,10.49,P3:36:P1:47:P2:16
N-39,2025-11-04,157.66,10.64,P3:36:P1:47:P2:16
N-39,2025-11-05,151.45,11.0,P3:36:P1:47:P2:16
N-39,2025-11-06,152.82,11.28,P3:36:P1:47:P2:16
N-39,2025-11-07,146.08,10.63,P3:36:P1:47:P2:16
N-39,2025-11-08,144.99,10.48,P3:36:P1:47:P2:16
N-39,2025-11-09,152.66,11.11,P3:36:P1:47:P2:16
N-39,2025-11-10,163.39,11.13,P3:36:P1:47:P2:16
N-39,2025-11-11,154.36,10.53,P3:36:P1:47:P2:16
N-39,2025-11-12,149.62,10.83,P3:36:P1:47:P2:16
N-39,2025-11-13,156.66,10.97,P3:36:P1:47:P2:16
N-39,2025-11-14,156.31,10.32,P3:36:P1:47:P2:16
N-39,2025-11-15,158.4,10.51,P3:36:P1:47:P2:16
N-39,2025-11-16,152.77,10.67,P3:36:P1:47:P2:16
N-39,2025-11-17,145.56,10.84,P3:36:P1:47:P2:16
N-39,2025-11-18,157.4,10.02,P3:36:P1:47:P2:16
N-39,2025-11-19,148.57,10.98,P3:36:P1:47:P2:16
N-39,2025-11-20,148.95,10.27,P3:36:P1:47:P2:16
N-39,2025-11-21,137.41,10.82,P3:36:P1:47:P2:16
N-39,2025-11-22,148.52,11.01,P3:36:P1:47:P2:16
N-39,2025-11-23,154.87,10.59,P3:36:P1:47:P2:16
N-39,2025-11-24,149.69,10.61,P3:36:P1:47:P2:16
N-39,2025-11-25,153.57,10.94,P3:36:P1:47:P2:16
N-39,2025-11-26,154.79,11.06,P3:36:P1:47:P2:16
N-39,2025-11-27,153.98,10.55,P3:36:P1:47:P2:16
N-39,2025-11-28,162.39,10.91,P3:36:P1:47:P2:16
N-39,2025-11-29,160.83,10.67,P3:36:P1:47:P2:16
N-39,2025-11-30,154.66,10.6,P3:36:P1:47:P2:16
N-39,2025-12-01,149.11,11.21,P3:36:P1:47:P2:16
N-39,2025-12-02,163.81,10.75,P3:36:P1:47:P2:16
N-39,2025-12-03,160.11,10.65,P3:36:P1:47:P2:16
N-39,2025-12-04,154.18,11.2,P3:36:P1:47:P2:16
N-39,2025-12-05,149.63,10.97,P3:36:P1:47:P2:16
N-39,2025-12-06,151.86,10.61,P3:36:P1:47:P2:16
N-39,2025-12-07,148.63,11.06,P3:36:P1:47:P2:16
N-39,2025-12-08,147.48,10.57,P3:36:P1:47:P2:16
N-39,2025-12-09,159.41,10.53,P3:36:P1:47:P2:16
N-39,2025-12-10,164.32,10.53,P3:36:P1:47:P2:16
N-39,2025-12-11,152.53,11.08,P3:36:P1:47:P2:16
N-39,2025-12-12,151.05,10.99,P3:36:P1:47:P2:16
N-39,2025-12-13,159.56,10.75,P3:36:P1:47:P2:16
N-39,2025-12-14,158.29,11.58,P3:36:P1:47:P2:16
N-39,2025-12-15,153.45,11.02,P3:36:P1:47:P2:16
N-39,2025-12-16,150.25,10.67,P3:36:P1:47:P2:16
N-39,2025-12-17,153.03,11.14,P3:36:P1:47:P2:16
N-39,2025-12-18,152.8,10.52,P3:36:P1:47:P2:16
N-39,2025-12-19,154.46,10.63,P3:36:P1:47:P2:16
N-39,2025-12-20,149.76,10.56,P3:36:P1:47:P2:16
N-39,2025-12-21,159.61,10.1,P3:36:P1:47:P2:16
N-39,2025-12-22,144.33,10.84,P3:36:P1:47:P2:16
N-39,2025-12-23,149.84,10.7,P3:36:P1:47:P2:16
N-39,2025-12-24,161.3,10.82,P3:36:P1:47:P2:16
N-39,2025-12-25,154.47,11.3,P3:36:P1:47:P2:16
N-39,2025-12-26,147.81,11.53,P3:36:P1:47:P2:16
N-39,2025-12-27,149.73,10.97,P3:36:P1:47:P2:16
N-39,2025-12-28,157.28,10.83,P3:36:P1:47:P2:16
N-39,2025-12-29,151.96,11.25,P3:36:P1:47:P2:16
N-39,2025-12-30,165.15,11.17,P3:36:P1:47:P2:16
N-39,2025-12-31,157.89,10.45,P3:36:P1:47:P2:16
N-39,2026-01-01,157.98,11.49,P3:36:P1:47:P2:16
N-39,2026-01-02,152.26,11.08,P3:36:P1:47:P2:16
N-39,2026-01-03,147.48,10.74,P3:36:P1:47:P2:16
N-39,2026-01-04,155.57,11.44,P3:36:P1:47:P2:16
N-39,2026-01-05,152.85,11.15,P3:36:P1:47:P2:16
N-39,2026-01-06,159.74,11.32,P3:36:P1:47:P2:16
N-39,2026-01-07,155.09,10.92,P3:36:P1:47:P2:16
N-39,2026-01-08,148.34,10.47,P3:36:P1:47:P2:16
N-39,2026-01-09,162.95,10.41,P3:36:P1:47:P2:16
N-39,2026-01-10,147.93,10.82,P3:36:P1:47:P2:16
N-39,2026-01-11,159.25,10.99,P3:36:P1:47:P2:16
N-39,2026-01-12,156.01,11.24,P3:36:P1:47:P2:16
N-39,2026-01-13,154.22,10.92,P3:36:P1:47:P2:16
N-39,2026-01-14,152.86,11.42,P3:36:P1:47:P2:16
N-39,2026-01-15,151.42,11.05,P3:36:P1:47:P2:16
N-39,2026-01-16,146.13,11.06,P3:36:P1:47:P2:16
N-39,2026-01-17,154.84,10.86,P3:36:P1:47:P2:16
N-39,2026-01-18,157.0,10.2,P3:36:P1:47:P2:16
N-39,2026-01-19,146.45,10.72,P3:36:P1:47:P2:16
N-39,2026-01-20,148.93,10.64,P3:36:P1:47:P2:16
N-39,2026-01-21,156.01,10.86,P3:36:P1:47:P2:16
N-39,2026-01-22,151.92,11.0,P3:36:P1:47:P2:16
N-39,2026-01-23,158.05,10.94,P3:36:P1:47:P2:16
N-39,2026-01-24,156.43,10.8,P3:36:P1:47:P2:16
N-39,2026-01-25,154.14,11.11,P3:36:P1:47:P2:16
N-39,2026-01-26,150.22,10.93,P3:36:P1:47:P2:16
N-39,2026-01-27,157.53,10.93,P3:36:P1:47:P2:16
N-39,2026-01-28,161.72,10.72,P3:36:P1:47:P2:16
N-39,2026-01-29,148.54,10.87,P3:36:P1:47:P2:16
N-39,2026-01-30,157.49,10.72,P3:36:P1:47:P2:16
N-39,2026-01-31,161.33,11.49,P3:36:P1:47:P2:16
N-39,2026-02-01,153.7,11.17,P3:36:P1:47:P2:16
N-39,2026-02-02,165.37,10.46,P3:36:P1:47:P2:16
N-39,2026-02-03,160.66,11.36,P3:36:P1:47:P2:16
N-39,2026-02-04,145.19,10.84,P3:36:P1:47:P2:16
N-39,2026-02-05,159.14,11.09,P3:36:P1:47:P2:16
N-39,2026-02-06,154.01,11.11,P3:36:P1:47:P2:16
N-39,2026-02-07,154.4,10.83,P3:36:P1:47:P2:16
N-39,2026-02-08,159.82,10.83,P3:36:P1:47:P2:16
N-39,2026-02-09,150.88,10.78,P3:36:P1:47:P2:16
N-39,2026-02-10,154.12,10.88,P3:36:P1:47:P2:16
N-39,2026-02-11,151.18,10.36,P3:36:P1:47:P2:16
N-39,2026-02-12,147.12,10.91,P3:36:P1:47:P2:16
N-39,2026-02-13,171.75,10.83,P3:36:P1:47:P2:16
N-39,2026-02-14,151.75,10.7,P3:36:P1:47:P2:16
N-39,2026-02-15,165.13,10.87,P3:36:P1:47:P2:16
N-39,2026-02-16,143.89,10.92,P3:36:P1:47:P2:16
N-39,2026-02-17,159.21,10.91,P3:36:P1:47:P2:16
N-39,2026-02-18,155.41,10.77,P3:36:P1:47:P2:16
N-39,2026-02-19,157.03,11.12,P3:36:P1:47:P2:16
N-39,2026-02-20,163.53,10.92,P3:36:P1:47:P2:16
N-39,2026-02-21,153.79,10.55,P3:36:P1:47:P2:16
N-39,2026-02-22,151.65,10.4,P3:36:P1:47:P2:16
N-39,2026-02-23,164.09,11.14,P3:36:P1:47:P2:16
N-39,2026-02-24,158.29,11.05,P3:36:P1:47:P2:16
N-39,2026-02-25,157.59,11.15,P3:36:P1:47:P2:16
N-39,2026-02-26,160.36,10.44,P3:36:P1:47:P2:16
N-39,2026-02-27,157.57,10.14,P3:36:P1:47:P2:16
N-39,2026-02-28,149.67,10.77,P3:36:P1:47:P2:16
N-39,2026-03-01,154.84,10.79,P3:36:P1:47:P2:16
N-39,2026-03-02,160.71,10.95,P3:36:P1:47:P2:16
N-39,2026-03-03,157.23,11.18,P3:36:P1:47:P2:16
N-39,2026-03-04,161.27,11.04,P3:36:P1:47:P2:16
N-39,2026-03-05,163.87,10.73,P3:36:P1:47:P2:16
N-39,2026-03-06,161.79,11.39,P3:36:P1:47:P2:16
N-39,2026-03-07,151.78,11.05,P3:36:P1:47:P2:16
N-39,2026-03-08,150.97,10.89,P3:36:P1:47:P2:16
N-39,2026-03-09,155.8,11.15,P3:36:P1:47:P2:16
N-39,2026-03-10,149.75,10.68,P3:36:P1:47:P2:16
N-39,2026-03-11,148.12,10.73,P3:36:P1:47:P2:16
N-39,2026-03-12,155.42,10.42,P3:36:P1:47:P2:16
N-39,2026-03-13,160.01,10.71,P3:36:P1:47:P2:16
N-39,2026-03-14,150.77,10.73,P3:36:P1:47:P2:16
N-39,2026-03-15,147.79,11.02,P3:36:P1:47:P2:16
N-39,2026-03-16,153.24,10.55,P3:36:P1:47:P2:16
N-39,2026-03-17,145.0,10.69,P3:36:P1:47:P2:16
N-39,2026-03-18,144.7,11.09,P3:36:P1:47:P2:16
N-39,2026-03-19,157.45,10.37,P3:36:P1:47:P2:16
N-39,2026-03-20,144.79,10.94,P3:36:P1:47:P2:16
N-39,2026-03-21,161.13,10.53,P3:36:P1:47:P2:16
N-39,2026-03-22,158.45,10.83,P3:36:P1:47:P2:16
N-39,2026-03-23,158.41,11.0,P3:36:P1:47:P2:16
N-39,2026-03-24,154.6,10.08,P3:36:P1:47:P2:16
N-39,2026-03-25,155.42,11.07,P3:36:P1:47:P2:16
N-39,2026-03-26,162.35,11.02,P3:36:P1:47:P2:16
N-39,2026-03-27,155.34,10.53,P3:36:P1:47:P2:16
N-39,2026-03-28,148.91,10.29,P3:36:P1:47:P2:16
N-39,2026-03-29,159.29,10.62,P3:36:P1:47:P2:16
N-39,2026-03-30,141.33,10.91,P3:36:P1:47:P2:16
N-39,2026-03-31,139.94,10.35,P3:36:P1:47:P2:16
N-39,2026-04-01,153.32,10.59,P3:36:P1:47:P2:16
N-39,2026-04-02,147.04,10.94,P3:36:P1:47:P2:16
N-39,2026-04-03,161.01,10.82,P3:36:P1:47:P2:16
N-39,2026-04-04,163.67,10.6,P3:36:P1:47:P2:16
N-39,2026-04-05,158.59,11.13,P3:36:P1:47:P2:16
N-39,2026-04-06,153.64,11.25,P3:36:P1:47:P2:16
N-39,2026-04-07,155.12,10.83,P3:36:P1:47:P2:16
N-39,2026-04-08,146.86,10.89,P3:36:P1:47:P2:16
N-39,2026-04-09,152.35,10.99,P3:36:P1:47:P2:16
N-39,2026-04-10,161.72,10.82,P3:36:P1:47:P2:16
N-39,2026-04-11,152.47,11.32,P3:36:P1:47:P2:16
N-39,2026-04-12,163.87,10.24,P3:36:P1:47:P2:16
N-39,2026-04-13,154.94,10.45,P3:36:P1:47:P2:16
N-39,2026-04-14,160.11,10.73,P3:36:P1:47:P2:16
N-39,2026-04-15,156.57,10.42,P3:36:P1:47:P2:16
N-39,2026-04-16,156.74,10.46,P3:36:P1:47:P2:16
N-39,2026-04-17,156.26,10.92,P3:36:P1:47:P2:16
N-39,2026-04-18,146.38,10.96,P3:36:P1:47:P2:16
N-39,2026-04-19,161.89,11.06,P3:36:P1:47:P2:16
N-39,2026-04-20,173.48,11.06,P3:36:P1:47:P2:16
N-39,2026-04-21,147.87,10.65,P3:36:P1:47:P2:16
N-39,2026-04-22,147.45,11.11,P3:36:P1:47:P2:16
N-39,2026-04-23,141.68,11.47,P3:36:P1:47:P2:16
N-39,2026-04-24,159.68,11.0,P3:36:P1:47:P2:16
N-39,2026-04-25,152.18,10.53,P3:36:P1:47:P2:16
N-39,2026-04-26,0.0,0.0,P3:36:P1:47:P2:16
N-39,2026-04-27,145.98,10.86,P3:36:P1:47:P2:16
N-39,2026-04-28,142.05,10.59,P3:36:P1:47:P2:16
N-39,2026-04-29,160.88,10.79,P3:36:P1:47:P2:16
N-39,2026-04-30,147.24,10.81,P3:36:P1:47:P2:16
N-39,2026-05-01,161.21,10.3,P3:36:P1:47:P2:16
N-39,2026-05-02,150.49,11.08,P3:36:P1:47:P2:16
N-39,2026-05-03,149.56,10.7,P3:36:P1:47:P2:16
N-39,2026-05-04,158.46,10.77,P3:36:P1:47:P2:16
N-39,2026-05-05,155.11,10.97,P3:36:P1:47:P2:16
N-39,2026-05-06,146.06,10.46,P3:36:P1:47:P2:16
N-39,2026-05-07,156.43,10.87,P3:36:P1:47:P2:16
N-39,2026-05-08,136.77,10.79,P3:36:P1:47:P2:16
N-39,2026-05-09,162.19,11.0,P3:36:P1:47:P2:16
N-39,2026-05-10,155.78,10.78,P3:36:P1:47:P2:16
N-39,2026-05-11,155.52,10.99,P3:36:P1:47:P2:16
N-39,2026-05-12,151.33,10.87,P3:36:P1:47:P2:16
N-39,2026-05-13,169.06,10.74,P3:36:P1:47:P2:16
N-39,2026-05-14,152.21,10.8,P3:36:P1:47:P2:16
N-39,2026-05-15,151.05,10.9,P3:36:P1:47:P2:16
N-39,2026-05-16,151.45,11.8,P3:36:P1:47:P2:16
N-39,2026-05-17,151.63,10.81,P3:36:P1:47:P2:16
N-39,2026-05-18,155.9,10.88,P3:36:P1:47:P2:16
N-39,2026-05-19,149.59,10.59,P3:36:P1:47:P2:16
N-39,2026-05-20,160.81,10.89,P3:36:P1:47:P2:16
N-39,2026-05-21,161.88,10.77,P3:36:P1:47:P2:16
N-39,2026-05-22,158.07,11.22,P3:36:P1:47:P2:16
N-39,2026-05-23,156.21,11.37,P3:36:P1:47:P2:16
N-39,2026-05-24,149.09,10.45,P3:36:P1:47:P2:16
N-39,2026-05-25,162.11,10.81,P3:36:P1:47:P2:16
N-39,2026-05-26,150.88,10.98,P3:36:P1:47:P2:16
N-39,2026-05-27,158.3,11.24,P3:36:P1:47:P2:16
N-39,2026-05-28,159.96,10.81,P3:36:P1:47:P2:16
N-39,2026-05-29,169.95,11.14,P3:36:P1:47:P2:16
N-39,2026-05-30,155.78,10.66,P3:36:P1:47:P2:16
N-39,2026-05-31,165.59,10.97,P3:36:P1:47:P2:16
N-39,2026-06-01,145.08,10.73,P3:36:P1:47:P2:16
N-39,2026-06-02,148.67,10.86,P3:36:P1:47:P2:16
N-39,2026-06-03,143.14,10.91,P3:36:P1:47:P2:16
N-39,2026-06-04,166.87,10.42,P3:36:P1:47:P2:16
N-39,2026-06-05,150.88,11.41,P3:36:P1:47:P2:16
N-39,2026-06-06,156.87,10.87,P3:36:P1:47:P2:16
N-39,2026-06-07,136.32,10.85,P3:36:P1:47:P2:16
N-39,2026-06-08,141.29,10.66,P3:36:P1:47:P2:16
N-39,2026-06-09,153.26,11.05,P3:36:P1:47:P2:16
N-39,2026-06-10,163.09,11.01,P3:36:P1:47:P2:16
N-39,2026-06-11,155.17,10.66,P3:36:P1:47:P2:16
N-39,2026-06-12,158.88,10.44,P3:36:P1:47:P2:16
N-39,2026-06-13,162.13,10.7,P3:36:P1:47:P2:16
N-39,2026-06-14,160.77,10.98,P3:36:P1:47:P2:16
N-39,2026-06-15,145.31,11.18,P3:36:P1:47:P2:16
N-39,2026-06-16,151.62,11.36,P3:36:P1:47:P2:16
N-39,2026-06-17,146.66,11.0,P3:36:P1:47:P2:16
N-39,2026-06-18,153.1,10.91,P3:36:P1:47:P2:16
N-39,2026-06-19,0.0,0.0,P3:36:P1:47:P2:16
N-39,2026-06-20,158.88,10.91,P3:36:P1:47:P2:16
N-39,2026-06-21,146.89,10.51,P3:36:P1:47:P2:16
N-39,2026-06-22,158.86,11.26,P3:36:P1:47:P2:16
N-39,2026-06-23,165.55,11.06,P3:36:P1:47:P2:16
N-39,2026-06-24,161.81,11.02,P3:36:P1:47:P2:16
N-39,2026-06-25,140.0,11.64,P3:36:P1:47:P2:16
N-39,2026-06-26,164.78,11.06,P3:36:P1:47:P2:16
N-39,2026-06-27,156.36,11.08,P3:36:P1:47:P2:16
N-39,2026-06-28,150.34,10.47,P3:36:P1:47:P2:16
N-39,2026-06-29,152.49,10.6,P3:36:P1:47:P2:16
N-39,2026-06-30,151.46,10.42,P3:36:P1:47:P2:16
N-39,2026-07-01,161.2,10.8,P3:36:P1:47:P2:16
N-39,2026-07-02,152.32,10.67,P3:36:P1:47:P2:16
N-39,2026-07-03,153.79,11.36,P3:36:P1:47:P2:16
N-39,2026-07-04,143.99,10.86,P3:36:P1:47:P2:16
N-39,2026-07-05,146.98,11.19,P3:36:P1:47:P2:16
N-39,2026-07-06,155.21,11.08,P3:36:P1:47:P2:16
N-39,2026-07-07,0.0,0.0,P3:36:P1:47:P2:16
N-39,2026-07-08,167.21,11.02,P3:36:P1:47:P2:16
N-39,2026-07-09,168.47,10.83,P3:36:P1:47:P2:16
N-39,2026-07-10,155.26,10.94,P3:36:P1:47:P2:16
N-39,2026-07-11,141.54,11.17,P3:36:P1:47:P2:16
N-39,2026-07-12,150.01,10.78,P3:36:P1:47:P2:16
N-39,2026-07-13,148.81,11.26,P3:36:P1:47:P2:16
N-39,2026-07-14,157.45,10.55,P3:36:P1:47:P2:16
N-39,2026-07-15,156.67,11.17,P3:36:P1:47:P2:16
N-39,2026-07-16,148.44,10.79,P3:36:P1:47:P2:16
N-39,2026-07-17,152.63,11.0,P3:36:P1:47:P2:16
N-39,2026-07-18,152.88,11.04,P3:36:P1:47:P2:16
N-39,2026-07-19,148.9,10.64,P3:36:P1:47:P2:16
N-39,2026-07-20,155.9,10.81,P3:36:P1:47:P2:16
N-39,2026-07-21,156.65,10.74,P3:36:P1:47:P2:16
N-39,2026-07-22,149.68,11.0,P3:36:P1:47:P2:16
N-39,2026-07-23,147.68,10.59,P3:36:P1:47:P2:16
N-39,2026-07-24,145.14,11.33,P3:36:P1:47:P2:16
N-39,2026-07-25,153.74,10.62,P3:36:P1:47:P2:16
N-39,2026-07-26,153.43,10.85,P3:36:P1:47:P2:16
N-39,2026-07-27,147.16,11.12,P3:36:P1:47:P2:16
N-39,2026-07-28,165.47,10.62,P3:36:P1:47:P2:16
N-39,2026-07-29,0.0,0.0,P3:36:P1:47:P2:16
N-39,2026-07-30,153.9,11.01,P3:36:P1:47:P2:16
N-39,2026-07-31,155.47,10.76,P3:36:P1:47:P2:16
N-39,2026-08-01,155.43,10.98,P3:36:P1:47:P2:16
N-39,2026-08-02,164.98,11.07,P3:36:P1:47:P2:16
N-39,2026-08-03,153.57,10.71,P3:36:P1:47:P2:16
N-39,2026-08-04,156.35,11.3,P3:36:P1:47:P2:16
N-39,2026-08-05,154.68,9.91,P3:36:P1:47:P2:16
N-39,2026-08-06,162.6,10.44,P3:36:P1:47:P2:16
N-39,2026-08-07,149.87,11.14,P3:36:P1:47:P2:16
N-39,2026-08-08,156.53,10.5,P3:36:P1:47:P2:16
N-39,2026-08-09,152.62,11.19,P3:36:P1:47:P2:16
N-39,2026-08-10,152.61,10.59,P3:36:P1:47:P2:16
N-39,2026-08-11,161.02,10.48,P3:36:P1:47:P2:16
N-39,2026-08-12,146.61,11.32,P3:36:P1:47:P2:16
N-39,2026-08-13,155.66,11.0,P3:36:P1:47:P2:16
N-39,2026-08-14,155.31,11.09,P3:36:P1:47:P2:16
N-39,2026-08-15,153.63,11.2,P3:36:P1:47:P2:16
N-39,2026-08-16,162.6,10.86,P3:36:P1:47:P2:16
N-39,2026-08-17,155.37,10.96,P3:36:P1:47:P2:16
N-39,2026-08-18,143.93,11.14,P3:36:P1:47:P2:16
N-39,2026-08-19,149.51,11.02,P3:36:P1:47:P2:16
N-39,2026-08-20,150.79,10.63,P3:36:P1:47:P2:16
N-39,2026-08-21,151.56,10.55,P3:36:P1:47:P2:16
N-39,2026-08-22,149.86,10.86,P3:36:P1:47:P2:16
N-39,2026-08-23,149.42,10.86,P3:36:P1:47:P2:16
N-39,2026-08-24,160.21,11.34,P3:36:P1:47:P2:16
N-39,2026-08-25,151.69,10.73,P3:36:P1:47:P2:16
N-39,2026-08-26,151.22,11.09,P3:36:P1:47:P2:16
N-39,2026-08-27,153.13,11.32,P3:36:P1:47:P2:16
N-39,2026-08-28,159.35,10.57,P3:36:P1:47:P2:16
N-39,2026-08-29,159.74,11.15,P3:36:P1:47:P2:16
N-39,2026-08-30,148.02,11.3,P3:36:P1:47:P2:16
N-39,2026-08-31,151.74,10.89,P3:36:P1:47:P2:16
X-30,2025-09-01,143.96,16.92,P2:59:P1:41
X-30,2025-09-02,144.21,17.69,P2:59:P1:41
X-30,2025-09-03,141.91,17.18,P2:59:P1:41
X-30,2025-09-04,139.78,17.92,P2:59:P1:41
X-30,2025-09-05,143.27,17.54,P2:59:P1:41
X-30,2025-09-06,138.25,16.91,P2:59:P1:41
X-30,2025-09-07,142.72,17.46,P2:59:P1:41
X-30,2025-09-08,133.95,17.53,P2:59:P1:41
X-30,2025-09-09,153.94,17.42,P2:59:P1:41
X-30,2025-09-10,142.62,17.55,P2:59:P1:41
X-30,2025-09-11,140.52,17.19,P2:59:P1:41
X-30,2025-09-12,139.73,17.72,P2:59:P1:41
X-30,2025-09-13,148.12,17.69,P2:59:P1:41
X-30,2025-09-14,148.23,17.49,P2:59:P1:41
X-30,2025-09-15,149.62,17.38,P2:59:P1:41
X-30,2025-09-16,136.38,17.59,P2:59:P1:41
X-30,2025-09-17,145.14,16.81,P2:59:P1:41
X-30,2025-09-18,140.1,17.38,P2:59:P1:41
X-30,2025-09-19,148.2,17.74,P2:59:P1:41
X-30,2025-09-20,145.6,17.39,P2:59:P1:41
X-30,2025-09-21,137.41,17.53,P2:59:P1:41
X-30,2025-09-22,144.38,17.43,P2:59:P1:41
X-30,2025-09-23,139.8,17.26,P2:59:P1:41
X-30,2025-09-24,141.88,17.38,P2:59:P1:41
X-30,2025-09-25,154.65,17.59,P2:59:P1:41
X-30,2025-09-26,150.35,17.03,P2:59:P1:41
X-30,2025-09-27,0.0,0.0,P2:59:P1:41
X-30,2025-09-28,146.31,17.08,P2:59:P1:41
X-30,2025-09-29,151.42,16.85,P2:59:P1:41
X-30,2025-09-30,153.31,17.4,P2:59:P1:41
X-30,2025-10-01,141.71,17.51,P2:59:P1:41
X-30,2025-10-02,143.0,17.13,P2:59:P1:41
X-30,2025-10-03,144.73,17.56,P2:59:P1:41
X-30,2025-10-04,133.91,17.13,P2:59:P1:41
X-30,2025-10-05,142.56,17.25,P2:59:P1:41
X-30,2025-10-06,133.66,18.11,P2:59:P1:41
X-30,2025-10-07,138.62,17.81,P2:59:P1:41
X-30,2025-10-08,138.53,17.46,P2:59:P1:41
X-30,2025-10-09,145.41,17.42,P2:59:P1:41
X-30,2025-10-10,137.47,17.77,P2:59:P1:41
X-30,2025-10-11,145.04,16.93,P2:59:P1:41
X-30,2025-10-12,142.88,17.77,P2:59:P1:41
X-30,2025-10-13,149.25,17.16,P2:59:P1:41
X-30,2025-10-14,148.73,17.4,P2:59:P1:41
X-30,2025-10-15,134.1,18.12,P2:59:P1:41
X-30,2025-10-16,152.38,17.68,P2:59:P1:41
X-30,2025-10-17,140.44,17.29,P2:59:P1:41
X-30,2025-10-18,138.86,17.0,P2:59:P1:41
X-30,2025-10-19,143.61,17.11,P2:59:P1:41
X-30,2025-10-20,141.65,17.07,P2:59:P1:41
X-30,2025-10-21,134.4,17.09,P2:59:P1:41
X-30,2025-10-22,143.63,17.49,P2:59:P1:41
X-30,2025-10-23,148.23,17.12,P2:59:P1:41
X-30,2025-10-24,137.64,17.65,P2:59:P1:41
X-30,2025-10-25,147.75,17.77,P2:59:P1:41
X-30,2025-10-26,136.96,17.19,P2:59:P1:41
X-30,2025-10-27,135.61,17.52,P2:59:P1:41
X-30,2025-10-28,133.72,17.48,P2:59:P1:41
X-30,2025-10-29,142.56,17.31,P2:59:P1:41
X-30,2025-10-30,143.44,17.28,P2:59:P1:41
X-30,2025-10-31,143.05,17.19,P2:59:P1:41
X-30,2025-11-01,143.44,17.09,P2:59:P1:41
X-30,2025-11-02,147.93,17.47,P2:59:P1:41
X-30,2025-11-03,139.66,17.73,P2:59:P1:41
X-30,2025-11-04,146.39,17.5,P2:59:P1:41
X-30,2025-11-05,152.24,17.56,P2:59:P1:41
X-30,2025-11-06,139.94,17.3,P2:59:P1:41
X-30,2025-11-07,141.76,17.06,P2:59:P1:41
X-30,2025-11-08,156.01,16.88,P2:59:P1:41
X-30,2025-11-09,141.09,17.37,P2:59:P1:41
X-30,2025-11-10,151.83,17.08,P2:59:P1:41
X-30,2025-11-11,138.78,17.33,P2:59:P1:41
X-30,2025-11-12,141.17,17.33,P2:59:P1:41
X-30,2025-11-13,136.06,17.08,P2:59:P1:41
X-30,2025-11-14,147.26,16.92,P2:59:P1:41
X-30,2025-11-15,133.72,17.18,P2:59:P1:41
X-30,2025-11-16,142.55,17.32,P2:59:P1:41
X-30,2025-11-17,142.27,17.69,P2:59:P1:41
X-30,2025-11-18,135.8,17.42,P2:59:P1:41
X-30,2025-11-19,135.49,17.23,P2:59:P1:41
X-30,2025-11-20,159.79,17.43,P2:59:P1:41
X-30,2025-11-21,151.98,17.45,P2:59:P1:41
X-30,2025-11-22,152.02,17.44,P2:59:P1:41
X-30,2025-11-23,146.4,17.58,P2:59:P1:41
X-30,2025-11-24,146.6,17.2,P2:59:P1:41
X-30,2025-11-25,149.45,17.01,P2:59:P1:41
X-30,2025-11-26,150.13,17.2,P2:59:P1:41
X-30,2025-11-27,149.75,17.3,P2:59:P1:41
X-30,2025-11-28,0.0,0.0,P2:59:P1:41
X-30,2025-11-29,137.27,17.81,P2:59:P1:41
X-30,2025-11-30,152.71,17.48,P2:59:P1:41
X-30,2025-12-01,141.53,17.48,P2:59:P1:41
X-30,2025-12-02,146.64,17.3,P2:59:P1:41
X-30,2025-12-03,131.24,16.67,P2:59:P1:41
X-30,2025-12-04,140.96,17.52,P2:59:P1:41
X-30,2025-12-05,144.78,17.31,P2:59:P1:41
X-30,2025-12-06,132.32,16.91,P2:59:P1:41
X-30,2025-12-07,144.44,17.62,P2:59:P1:41
X-30,2025-12-08,148.77,17.69,P2:59:P1:41
X-30,2025-12-09,139.76,17.47,P2:59:P1:41
X-30,2025-12-10,145.28,17.25,P2:59:P1:41
X-30,2025-12-11,139.16,17.19,P2:59:P1:41
X-30,2025-12-12,142.9,16.96,P2:59:P1:41
X-30,2025-12-13,141.94,17.16,P2:59:P1:41
X-30,2025-12-14,146.32,17.28,P2:59:P1:41
X-30,2025-12-15,151.24,17.09,P2:59:P1:41
X-30,2025-12-16,142.63,17.46,P2:59:P1:41
X-30,2025-12-17,135.39,16.94,P2:59:P1:41
X-30,2025-12-18,146.76,17.47,P2:59:P1:41
X-30,2025-12-19,150.58,17.62,P2:59:P1:41
X-30,2025-12-20,144.38,17.05,P2:59:P1:41
X-30,2025-12-21,145.96,17.44,P2:59:P1:41
X-30,2025-12-22,143.03,17.17,P2:59:P1:41
X-30,2025-12-23,145.43,17.26,P2:59:P1:41
X-30,2025-12-24,146.89,17.77,P2:59:P1:41
X-30,2025-12-25,148.3,17.58,P2:59:P1:41
X-30,2025-12-26,136.46,17.36,P2:59:P1:41
X-30,2025-12-27,147.74,17.45,P2:59:P1:41
X-30,2025-12-28,150.79,17.56,P2:59:P1:41
X-30,2025-12-29,145.45,17.24,P2:59:P1:41
X-30,2025-12-30,139.67,17.53,P2:59:P1:41
X-30,2025-12-31,132.91,17.61,P2:59:P1:41
X-30,2026-01-01,145.07,17.19,P2:59:P1:41
X-30,2026-01-02,143.94,17.81,P2:59:P1:41
X-30,2026-01-03,146.33,17.36,P2:59:P1:41
X-30,2026-01-04,141.29,17.89,P2:59:P1:41
X-30,2026-01-05,154.14,17.34,P2:59:P1:41
X-30,2026-01-06,144.4,17.55,P2:59:P1:41
X-30,2026-01-07,143.35,17.1,P2:59:P1:41
X-30,2026-01-08,133.49,17.27,P2:59:P1:41
X-30,2026-01-09,139.52,17.4,P2:59:P1:41
X-30,2026-01-10,0.0,0.0,P2:59:P1:41
X-30,2026-01-11,142.96,17.47,P2:59:P1:41
X-30,2026-01-12,140.76,17.64,P2:59:P1:41
X-30,2026-01-13,142.08,16.97,P2:59:P1:41
X-30,2026-01-14,142.18,17.87,P2:59:P1:41
X-30,2026-01-15,138.99,17.65,P2:59:P1:41
X-30,2026-01-16,142.29,17.56,P2:59:P1:41
X-30,2026-01-17,136.2,17.55,P2:59:P1:41
X-30,2026-01-18,145.46,17.64,P2:59:P1:41
X-30,2026-01-19,144.41,17.29,P2:59:P1:41
X-30,2026-01-20,137.23,17.48,P2:59:P1:41
X-30,2026-01-21,138.17,17.45,P2:59:P1:41
X-30,2026-01-22,151.67,16.81,P2:59:P1:41
X-30,2026-01-23,145.18,17.17,P2:59:P1:41
X-30,2026-01-24,145.78,17.61,P2:59:P1:41
X-30,2026-01-25,146.53,17.45,P2:59:P1:41
X-30,2026-01-26,137.48,17.42,P2:59:P1:41
X-30,2026-01-27,146.0,17.5,P2:59:P1:41
X-30,2026-01-28,138.33,17.97,P2:59:P1:41
X-30,2026-01-29,153.42,17.13,P2:59:P1:41
X-30,2026-01-30,148.34,17.13,P2:59:P1:41
X-30,2026-01-31,142.52,17.62,P2:59:P1:41
X-30,2026-02-01,135.59,17.4,P2:59:P1:41
X-30,2026-02-02,151.57,17.49,P2:59:P1:41
X-30,2026-02-03,143.02,17.44,P2:59:P1:41
X-30,2026-02-04,142.56,16.9,P2:59:P1:41
X-30,2026-02-05,146.7,17.96,P2:59:P1:41
X-30,2026-02-06,138.76,17.16,P2:59:P1:41
X-30,2026-02-07,142.35,17.6,P2:59:P1:41
X-30,2026-02-08,0.0,0.0,P2:59:P1:41
X-30,2026-02-09,150.81,17.19,P2:59:P1:41
X-30,2026-02-10,137.18,17.44,P2:59:P1:41
X-30,2026-02-11,133.25,17.41,P2:59:P1:41
X-30,2026-02-12,154.13,17.55,P2:59:P1:41
X-30,2026-02-13,145.38,17.61,P2:59:P1:41
X-30,2026-02-14,0.0,0.0,P2:59:P1:41
X-30,2026-02-15,148.14,17.21,P2:59:P1:41
X-30,2026-02-16,137.44,17.58,P2:59:P1:41
X-30,2026-02-17,145.62,17.24,P2:59:P1:41
X-30,2026-02-18,137.84,17.26,P2:59:P1:41
X-30,2026-02-19,134.8,17.76,P2:59:P1:41
X-30,2026-02-20,142.4,17.3,P2:59:P1:41
X-30,2026-02-21,140.28,17.42,P2:59:P1:41
X-30,2026-02-22,142.66,17.64,P2:59:P1:41
X-30,2026-02-23,145.16,17.69,P2:59:P1:41
X-30,2026-02-24,147.13,17.36,P2:59:P1:41
X-30,2026-02-25,144.56,17.57,P2:59:P1:41
X-30,2026-02-26,148.13,17.88,P2:59:P1:41
X-30,2026-02-27,146.8,17.15,P2:59:P1:41
X-30,2026-02-28,148.09,17.51,P2:59:P1:41
X-30,2026-03-01,132.42,17.28,P2:59:P1:41
X-30,2026-03-02,147.84,17.17,P2:59:P1:41
X-30,2026-03-03,145.68,17.5,P2:59:P1:41
X-30,2026-03-04,137.22,17.3,P2:59:P1:41
X-30,2026-03-05,139.61,17.01,P2:59:P1:41
X-30,2026-03-06,143.26,17.93,P2:59:P1:41
X-30,2026-03-07,140.47,17.07,P2:59:P1:41
X-30,2026-03-08,134.57,17.3,P2:59:P1:41
X-30,2026-03-09,154.85,17.28,P2:59:P1:41
X-30,2026-03-10,137.83,17.01,P2:59:P1:41
X-30,2026-03-11,148.45,17.97,P2:59:P1:41
X-30,2026-03-12,134.79,18.15,P2:59:P1:41
X-30,2026-03-13,138.35,17.25,P2:59:P1:41
X-30,2026-03-14,148.15,17.21,P2:59:P1:41
X-30,2026-03-15,142.21,17.54,P2:59:P1:41
X-30,2026-03-16,144.45,17.34,P2:59:P1:41
X-30,2026-03-17,139.81,17.56,P2:59:P1:41
X-30,2026-03-18,157.54,17.58,P2:59:P1:41
X-30,2026-03-19,136.81,18.23,P2:59:P1:41
X-30,2026-03-20,144.81,17.8,P2:59:P1:41
X-30,2026-03-21,138.39,17.48,P2:59:P1:41
X-30,2026-03-22,142.77,17.7,P2:59:P1:41
X-30,2026-03-23,139.11,17.31,P2:59:P1:41
X-30,2026-03-24,141.07,17.4,P2:59:P1:41
X-30,2026-03-25,147.19,17.32,P2:59:P1:41
X-30,2026-03-26,138.13,17.36,P2:59:P1:41
X-30,2026-03-27,145.06,17.82,P2:59:P1:41
X-30,2026-03-28,149.14,17.27,P2:59:P1:41
X-30,2026-03-29,140.98,17.58,P2:59:P1:41
X-30,2026-03-30,147.25,18.0,P2:59:P1:41
X-30,2026-03-31,144.61,17.42,P2:59:P1:41
X-30,2026-04-01,152.01,17.54,P2:59:P1:41
X-30,2026-04-02,139.67,16.83,P2:59:P1:41
X-30,2026-04-03,144.65,17.32,P2:59:P1:41
X-30,2026-04-04,140.22,17.68,P2:59:P1:41
X-30,2026-04-05,0.0,0.0,P2:59:P1:41
X-30,2026-04-06,151.27,17.5,P2:59:P1:41
X-30,2026-04-07,133.73,17.4,P2:59:P1:41
X-30,2026-04-08,0.0,0.0,P2:59:P1:41
X-30,2026-04-09,134.07,17.31,P2:59:P1:41
X-30,2026-04-10,149.92,16.91,P2:59:P1:41
X-30,2026-04-11,142.38,16.86,P2:59:P1:41
X-30,2026-04-12,138.82,16.86,P2:59:P1:41
X-30,2026-04-13,142.08,17.71,P2:59:P1:41
X-30,2026-04-14,145.03,16.99,P2:59:P1:41
X-30,2026-04-15,137.49,17.45,P2:59:P1:41
X-30,2026-04-16,130.96,17.64,P2:59:P1:41
X-30,2026-04-17,139.44,17.1,P2:59:P1:41
X-30,2026-04-18,141.35,17.75,P2:59:P1:41
X-30,2026-04-19,133.92,17.47,P2:59:P1:41
X-30,2026-04-20,146.5,17.32,P2:59:P1:41
X-30,2026-04-21,132.35,17.16,P2:59:P1:41
X-30,2026-04-22,147.3,17.08,P2:59:P1:41
X-30,2026-04-23,152.62,17.96,P2:59:P1:41
X-30,2026-04-24,146.56,17.27,P2:59:P1:41
X-30,2026-04-25,145.05,17.23,P2:59:P1:41
X-30,2026-04-26,138.95,17.56,P2:59:P1:41
X-30,2026-04-27,140.32,17.48,P2:59:P1:41
X-30,2026-04-28,138.51,17.58,P2:59:P1:41
X-30,2026-04-29,147.27,17.36,P2:59:P1:41
X-30,2026-04-30,151.18,17.53,P2:59:P1:41
X-30,2026-05-01,138.43,17.87,P2:59:P1:41
X-30,2026-05-02,142.95,17.91,P2:59:P1:41
X-30,2026-05-03,136.34,17.31,P2:59:P1:41
X-30,2026-05-04,141.38,17.52,P2:59:P1:41
X-30,2026-05-05,149.01,17.47,P2:59:P1:41
X-30,2026-05-06,144.47,17.25,P2:59:P1:41
X-30,2026-05-07,0.0,0.0,P2:59:P1:41
X-30,2026-05-08,143.42,17.22,P2:59:P1:41
X-30,2026-05-09,151.01,17.21,P2:59:P1:41
X-30,2026-05-10,152.7,17.78,P2:59:P1:41
X-30,2026-05-11,140.65,16.99,P2:59:P1:41
X-30,2026-05-12,149.48,17.33,P2:59:P1:41
X-30,2026-05-13,153.34,17.52,P2:59:P1:41
X-30,2026-05-14,133.93,16.79,P2:59:P1:41
X-30,2026-05-15,144.48,17.98,P2:59:P1:41
X-30,2026-05-16,138.88,17.68,P2:59:P1:41
X-30,2026-05-17,151.66,16.78,P2:59:P1:41
X-30,2026-05-18,144.66,17.54,P2:59:P1:41
X-30,2026-05-19,143.0,17.79,P2:59:P1:41
X-30,2026-05-20,142.15,17.37,P2:59:P1:41
X-30,2026-05-21,150.38,17.54,P2:59:P1:41
X-30,2026-05-22,140.31,17.13,P2:59:P1:41
X-30,2026-05-23,152.06,16.97,P2:59:P1:41
X-30,2026-05-24,148.72,17.46,P2:59:P1:41
X-30,2026-05-25,139.41,17.21,P2:59:P1:41
X-30,2026-05-26,140.87,17.17,P2:59:P1:41
X-30,2026-05-27,131.29,17.38,P2:59:P1:41
X-30,2026-05-28,150.43,17.25,P2:59:P1:41
X-30,2026-05-29,152.86,17.71,P2:59:P1:41
X-30,2026-05-30,154.4,17.39,P2:59:P1:41
X-30,2026-05-31,144.62,17.73,P2:59:P1:41
X-30,2026-06-01,140.6,17.59,P2:59:P1:41
X-30,2026-06-02,144.12,17.97,P2:59:P1:41
X-30,2026-06-03,140.8,17.63,P2:59:P1:41
X-30,2026-06-04,138.72,17.53,P2:59:P1:41
X-30,2026-06-05,133.63,18.11,P2:59:P1:41
X-30,2026-06-06,142.01,17.24,P2:59:P1:41
X-30,2026-06-07,139.76,17.27,P2:59:P1:41
X-30,2026-06-08,140.41,17.54,P2:59:P1:41
X-30,2026-06-09,149.98,17.51,P2:59:P1:41
X-30,2026-06-10,140.15,17.17,P2:59:P1:41
X-30,2026-06-11,138.27,17.75,P2:59:P1:41
X-30,2026-06-12,138.3,17.27,P2:59:P1:41
X-30,2026-06-13,153.3,17.55,P2:59:P1:41
X-30,2026-06-14,142.63,17.35,P2:59:P1:41
X-30,2026-06-15,141.71,17.15,P2:59:P1:41
X-30,2026-06-16,127.69,17.83,P2:59:P1:41
X-30,2026-06-17,140.51,17.69,P2:59:P1:41
X-30,2026-06-18,137.11,17.05,P2:59:P1:41
X-30,2026-06-19,140.57,17.81,P2:59:P1:41
X-30,2026-06-20,150.17,17.26,P2:59:P1:41
X-30,2026-06-21,135.48,17.51,P2:59:P1:41
X-30,2026-06-22,146.12,16.9,P2:59:P1:41
X-30,2026-06-23,141.12,17.19,P2:59:P1:41
X-30,2026-06-24,129.38,17.59,P2:59:P1:41
X-30,2026-06-25,135.12,17.39,P2:59:P1:41
X-30,2026-06-26,138.13,17.41,P2:59:P1:41
X-30,2026-06-27,133.04,17.13,P2:59:P1:41
X-30,2026-06-28,146.05,17.42,P2:59:P1:41
X-30,2026-06-29,150.75,17.34,P2:59:P1:41
X-30,2026-06-30,145.5,17.44,P2:59:P1:41
X-30,2026-07-01,150.26,17.14,P2:59:P1:41
X-30,2026-07-02,0.0,0.0,P2:59:P1:41
X-30,2026-07-03,146.83,16.77,P2:59:P1:41
X-30,2026-07-04,124.96,17.3,P2:59:P1:41
X-30,2026-07-05,153.61,17.29,P2:59:P1:41
X-30,2026-07-06,144.18,17.53,P2:59:P1:41
X-30,2026-07-07,144.49,17.37,P2:59:P1:41
X-30,2026-07-08,147.99,17.47,P2:59:P1:41
X-30,2026-07-09,136.81,17.39,P2:59:P1:41
X-30,2026-07-10,145.92,17.11,P2:59:P1:41
X-30,2026-07-11,139.48,17.57,P2:59:P1:41
X-30,2026-07-12,135.88,17.41,P2:59:P1:41
X-30,2026-07-13,162.56,17.0,P2:59:P1:41
X-30,2026-07-14,138.82,17.32,P2:59:P1:41
X-30,2026-07-15,134.04,17.9,P2:59:P1:41
X-30,2026-07-16,144.13,17.45,P2:59:P1:41
X-30,2026-07-17,150.04,17.76,P2:59:P1:41
X-30,2026-07-18,137.58,17.42,P2:59:P1:41
X-30,2026-07-19,140.52,17.64,P2:59:P1:41
X-30,2026-07-20,140.47,17.17,P2:59:P1:41
X-30,2026-07-21,144.79,17.1,P2:59:P1:41
X-30,2026-07-22,128.7,17.56,P2:59:P1:41
X-30,2026-07-23,147.13,17.68,P2:59:P1:41
X-30,2026-07-24,139.49,17.05,P2:59:P1:41
X-30,2026-07-25,145.86,17.22,P2:59:P1:41
X-30,2026-07-26,142.88,16.87,P2:59:P1:41
X-30,2026-07-27,141.54,17.47,P2:59:P1:41
X-30,2026-07-28,147.17,17.27,P2:59:P1:41
X-30,2026-07-29,141.06,17.35,P2:59:P1:41
X-30,2026-07-30,147.24,17.06,P2:59:P1:41
X-30,2026-07-31,148.3,17.42,P2:59:P1:41
X-30,2026-08-01,150.19,16.55,P2:59:P1:41
X-30,2026-08-02,137.04,17.2,P2:59:P1:41
X-30,2026-08-03,140.05,17.17,P2:59:P1:41
X-30,2026-08-04,138.17,17.34,P2:59:P1:41
X-30,2026-08-05,154.52,17.59,P2:59:P1:41
X-30,2026-08-06,143.86,17.75,P2:59:P1:41
X-30,2026-08-07,146.21,17.31,P2:59:P1:41
X-30,2026-08-08,150.61,17.29,P2:59:P1:41
X-30,2026-08-09,148.0,17.37,P2:59:P1:41
X-30,2026-08-10,137.42,17.55,P2:59:P1:41
X-30,2026-08-11,148.07,17.33,P2:59:P1:41
X-30,2026-08-12,148.95,17.26,P2:59:P1:41
X-30,2026-08-13,150.07,17.81,P2:59:P1:41
X-30,2026-08-14,139.04,16.91,P2:59:P1:41
X-30,2026-08-15,147.54,16.69,P2:59:P1:41
X-30,2026-08-16,139.54,17.74,P2:59:P1:41
X-30,2026-08-17,142.47,17.35,P2:59:P1:41
X-30,2026-08-18,143.05,17.58,P2:59:P1:41
X-30,2026-08-19,143.68,16.78,P2:59:P1:41
X-30,2026-08-20,149.04,17.28,P2:59:P1:41
X-30,2026-08-21,149.4,17.14,P2:59:P1:41
X-30,2026-08-22,140.33,17.31,P2:59:P1:41
X-30,2026-08-23,137.37,17.3,P2:59:P1:41
X-30,2026-08-24,134.39,16.94,P2:59:P1:41
X-30,2026-08-25,135.06,18.21,P2:59:P1:41
X-30,2026-08-26,143.24,17.23,P2:59:P1:41
X-30,2026-08-27,153.31,17.39,P2:59:P1:41
X-30,2026-08-28,141.15,17.32,P2:59:P1:41
X-30,2026-08-29,142.85,18.08,P2:59:P1:41
X-30,2026-08-30,147.19,16.78,P2:59:P1:41
X-30,2026-08-31,150.01,17.52,P2:59:P1:41
Z-43,2025-09-01,62.34,15.93,P3:33:P2:67
Z-43,2025-09-02,66.4,16.38,P3:33:P2:67
Z-43,2025-09-03,62.68,16.33,P3:33:P2:67
Z-43,2025-09-04,63.1,16.47,P3:33:P2:67
Z-43,2025-09-05,66.86,16.18,P3:33:P2:67
Z-43,2025-09-06,62.58,16.14,P3:33:P2:67
Z-43,2025-09-07,63.99,16.18,P3:33:P2:67
Z-43,2025-09-08,64.76,15.93,P3:33:P2:67
Z-43,2025-09-09,65.42,16.16,P3:33:P2:67
Z-43,2025-09-10,65.82,16.0,P3:33:P2:67
Z-43,2025-09-11,60.88,15.74,P3:33:P2:67
Z-43,2025-09-12,59.15,16.2,P3:33:P2:67
Z-43,2025-09-13,0.0,0.0,P3:33:P2:67
Z-43,2025-09-14,60.18,15.99,P3:33:P2:67
Z-43,2025-09-15,61.37,16.3,P3:33:P2:67
Z-43,2025-09-16,58.2,16.44,P3:33:P2:67
Z-43,2025-09-17,64.6,15.8,P3:33:P2:67
Z-43,2025-09-18,61.16,16.61,P3:33:P2:67
Z-43,2025-09-19,66.54,15.97,P3:33:P2:67
Z-43,2025-09-20,67.14,15.84,P3:33:P2:67
Z-43,2025-09-21,63.9,15.67,P3:33:P2:67
Z-43,2025-09-22,63.83,15.59,P3:33:P2:67
Z-43,2025-09-23,60.9,15.79,P3:33:P2:67
Z-43,2025-09-24,62.28,15.67,P3:33:P2:67
Z-43,2025-09-25,65.33,15.99,P3:33:P2:67
Z-43,2025-09-26,61.92,15.98,P3:33:P2:67
Z-43,2025-09-27,62.31,16.25,P3:33:P2:67
Z-43,2025-09-28,63.16,15.92,P3:33:P2:67
Z-43,2025-09-29,66.4,15.89,P3:33:P2:67
Z-43,2025-09-30,0.0,0.0,P3:33:P2:67
Z-43,2025-10-01,63.08,16.32,P3:33:P2:67
Z-43,2025-10-02,61.33,15.85,P3:33:P2:67
Z-43,2025-10-03,62.17,16.25,P3:33:P2:67
Z-43,2025-10-04,61.89,15.83,P3:33:P2:67
Z-43,2025-10-05,62.02,16.4,P3:33:P2:67
Z-43,2025-10-06,65.98,16.03,P3:33:P2:67
Z-43,2025-10-07,62.84,16.0,P3:33:P2:67
Z-43,2025-10-08,0.0,0.0,P3:33:P2:67
Z-43,2025-10-09,63.13,16.54,P3:33:P2:67
Z-43,2025-10-10,61.86,16.56,P3:33:P2:67
Z-43,2025-10-11,61.18,16.21,P3:33:P2:67
Z-43,2025-10-12,65.46,16.31,P3:33:P2:67
Z-43,2025-10-13,61.81,15.85,P3:33:P2:67
Z-43,2025-10-14,58.3,16.36,P3:33:P2:67
Z-43,2025-10-15,60.23,16.31,P3:33:P2:67
Z-43,2025-10-16,59.95,16.32,P3:33:P2:67
Z-43,2025-10-17,60.17,16.02,P3:33:P2:67
Z-43,2025-10-18,62.92,15.76,P3:33:P2:67
Z-43,2025-10-19,63.09,16.04,P3:33:P2:67
Z-43,2025-10-20,64.68,16.09,P3:33:P2:67
Z-43,2025-10-21,57.52,16.71,P3:33:P2:67
Z-43,2025-10-22,63.77,15.88,P3:33:P2:67
Z-43,2025-10-23,64.04,16.31,P3:33:P2:67
Z-43,2025-10-24,65.56,15.76,P3:33:P2:67
Z-43,2025-10-25,61.35,15.94,P3:33:P2:67
Z-43,2025-10-26,62.76,16.03,P3:33:P2:67
Z-43,2025-10-27,63.01,15.46,P3:33:P2:67
Z-43,2025-10-28,59.07,15.69,P3:33:P2:67
Z-43,2025-10-29,71.04,16.26,P3:33:P2:67
Z-43,2025-10-30,59.89,16.65,P3:33:P2:67
Z-43,2025-10-31,60.07,15.99,P3:33:P2:67
Z-43,2025-11-01,65.19,16.25,P3:33:P2:67
Z-43,2025-11-02,60.14,16.11,P3:33:P2:67
Z-43,2025-11-03,65.51,16.02,P3:33:P2:67
Z-43,2025-11-04,62.74,16.35,P3:33:P2:67
Z-43,2025-11-05,63.19,16.33,P3:33:P2:67
Z-43,2025-11-06,58.21,16.11,P3:33:P2:67
Z-43,2025-11-07,67.28,16.03,P3:33:P2:67
Z-43,2025-11-08,59.78,16.0,P3:33:P2:67
Z-43,2025-11-09,61.61,17.13,P3:33:P2:67
Z-43,2025-11-10,66.08,16.03,P3:33:P2:67
Z-43,2025-11-11,58.02,16.6,P3:33:P2:67
Z-43,2025-11-12,64.75,15.79,P3:33:P2:67
Z-43,2025-11-13,57.32,16.03,P3:33:P2:67
Z-43,2025-11-14,65.96,16.55,P3:33:P2:67
Z-43,2025-11-15,63.53,16.08,P3:33:P2:67
Z-43,2025-11-16,61.21,16.07,P3:33:P2:67
Z-43,2025-11-17,60.26,16.07,P3:33:P2:67
Z-43,2025-11-18,60.04,15.81,P3:33:P2:67
Z-43,2025-11-19,63.62,15.73,P3:33:P2:67
Z-43,2025-11-20,61.76,16.18,P3:33:P2:67
Z-43,2025-11-21,66.1,16.18,P3:33:P2:67
Z-43,2025-11-22,64.48,15.96,P3:33:P2:67
Z-43,2025-11-23,58.51,16.11,P3:33:P2:67
Z-43,2025-11-24,65.92,16.67,P3:33:P2:67
Z-43,2025-11-25,58.61,16.12,P3:33:P2:67
Z-43,2025-11-26,60.85,16.3,P3:33:P2:67
Z-43,2025-11-27,59.83,16.01,P3:33:P2:67
Z-43,2025-11-28,60.47,16.32,P3:33:P2:67
Z-43,2025-11-29,59.98,16.14,P3:33:P2:67
Z-43,2025-11-30,63.51,16.3,P3:33:P2:67
Z-43,2025-12-01,61.51,16.29,P3:33:P2:67
Z-43,2025-12-02,65.94,16.02,P3:33:P2:67
Z-43,2025-12-03,60.37,16.06,P3:33:P2:67
Z-43,2025-12-04,61.9,16.53,P3:33:P2:67
Z-43,2025-12-05,64.15,16.66,P3:33:P2:67
Z-43,2025-12-06,62.47,15.92,P3:33:P2:67
Z-43,2025-12-07,64.56,15.78,P3:33:P2:67
Z-43,2025-12-08,57.05,16.09,P3:33:P2:67
Z-43,2025-12-09,61.41,16.39,P3:33:P2:67
Z-43,2025-12-10,61.22,15.76,P3:33:P2:67
Z-43,2025-12-11,61.45,16.08,P3:33:P2:67
Z-43,2025-12-12,0.0,0.0,P3:33:P2:67
Z-43,2025-12-13,68.31,16.7,P3:33:P2:67
Z-43,2025-12-14,63.93,15.85,P3:33:P2:67
Z-43,2025-12-15,57.9,16.46,P3:33:P2:67
Z-43,2025-12-16,60.56,16.23,P3:33:P2:67
Z-43,2025-12-17,62.59,16.6,P3:33:P2:67
Z-43,2025-12-18,64.16,16.59,P3:33:P2:67
Z-43,2025-12-19,60.34,16.26,P3:33:P2:67
Z-43,2025-12-20,63.2,16.44,P3:33:P2:67
Z-43,2025-12-21,64.55,16.19,P3:33:P2:67
Z-43,2025-12-22,64.29,16.31,P3:33:P2:67
Z-43,2025-12-23,61.97,16.34,P3:33:P2:67
Z-43,2025-12-24,63.47,16.44,P3:33:P2:67
Z-43,2025-12-25,59.04,16.0,P3:33:P2:67
Z-43,2025-12-26,60.33,15.86,P3:33:P2:67
Z-43,2025-12-27,63.43,16.15,P3:33:P2:67
Z-43,2025-12-28,58.81,15.91,P3:33:P2:67
Z-43,2025-12-29,64.21,16.47,P3:33:P2:67
Z-43,2025-12-30,62.9,16.47,P3:33:P2:67
Z-43,2025-12-31,62.27,15.92,P3:33:P2:67
Z-43,2026-01-01,61.74,15.99,P3:33:P2:67
Z-43,2026-01-02,64.34,16.4,P3:33:P2:67
Z-43,2026-01-03,63.42,16.18,P3:33:P2:67
Z-43,2026-01-04,60.89,15.82,P3:33:P2:67
Z-43,2026-01-05,62.26,16.6,P3:33:P2:67
Z-43,2026-01-06,61.12,15.92,P3:33:P2:67
Z-43,2026-01-07,59.93,16.11,P3:33:P2:67
Z-43,2026-01-08,64.31,16.43,P3:33:P2:67
Z-43,2026-01-09,65.34,15.98,P3:33:P2:67
Z-43,2026-01-10,62.04,15.43,P3:33:P2:67
Z-43,2026-01-11,63.75,16.08,P3:33:P2:67
Z-43,2026-01-12,60.01,15.82,P3:33:P2:67
Z-43,2026-01-13,64.13,16.42,P3:33:P2:67
Z-43,2026-01-14,59.0,15.85,P3:33:P2:67
Z-43,2026-01-15,61.55,15.87,P3:33:P2:67
Z-43,2026-01-16,58.08,16.1,P3:33:P2:67
Z-43,2026-01-17,62.57,16.45,P3:33:P2:67
Z-43,2026-01-18,65.88,15.96,P3:33:P2:67
Z-43,2026-01-19,70.29,16.32,P3:33:P2:67
Z-43,2026-01-20,66.26,16.1,P3:33:P2:67
Z-43,2026-01-21,61.87,15.86,P3:33:P2:67
Z-43,2026-01-22,60.53,16.16,P3:33:P2:67
Z-43,2026-01-23,60.42,16.22,P3:33:P2:67
Z-43,2026-01-24,63.92,16.45,P3:33:P2:67
Z-43,2026-01-25,0.0,0.0,P3:33:P2:67
Z-43,2026-01-26,61.38,16.51,P3:33:P2:67
Z-43,2026-01-27,56.17,15.87,P3:33:P2:67
Z-43,2026-01-28,63.39,16.47,P3:33:P2:67
Z-43,2026-01-29,58.33,16.16,P3:33:P2:67
Z-43,2026-01-30,58.21,15.92,P3:33:P2:67
Z-43,2026-01-31,65.37,16.55,P3:33:P2:67
Z-43,2026-02-01,62.14,16.1,P3:33:P2:67
Z-43,2026-02-02,61.66,15.81,P3:33:P2:67
Z-43,2026-02-03,61.36,16.42,P3:33:P2:67
Z-43,2026-02-04,65.07,16.6,P3:33:P2:67
Z-43,2026-02-05,64.47,16.12,P3:33:P2:67
Z-43,2026-02-06,63.36,16.54,P3:33:P2:67
Z-43,2026-02-07,65.54,15.98,P3:33:P2:67
Z-43,2026-02-08,65.24,16.07,P3:33:P2:67
Z-43,2026-02-09,65.21,16.25,P3:33:P2:67
Z-43,2026-02-10,59.48,16.04,P3:33:P2:67
Z-43,2026-02-11,64.56,16.18,P3:33:P2:67
Z-43,2026-02-12,62.55,15.83,P3:33:P2:67
Z-43,2026-02-13,61.06,16.43,P3:33:P2:67
Z-43,2026-02-14,64.56,16.16,P3:33:P2:67
Z-43,2026-02-15,0.0,0.0,P3:33:P2:67
Z-43,2026-02-16,64.04,15.83,P3:33:P2:67
Z-43,2026-02-17,66.4,15.18,P3:33:P2:67
Z-43,2026-02-18,60.57,15.99,P3:33:P2:67
Z-43,2026-02-19,60.17,16.4,P3:33:P2:67
Z-43,2026-02-20,62.12,16.44,P3:33:P2:67
Z-43,2026-02-21,66.32,15.96,P3:33:P2:67
Z-43,2026-02-22,0.0,0.0,P3:33:P2:67
Z-43,2026-02-23,60.06,16.65,P3:33:P2:67
Z-43,2026-02-24,64.52,15.83,P3:33:P2:67
Z-43,2026-02-25,68.41,16.05,P3:33:P2:67
Z-43,2026-02-26,63.79,16.55,P3:33:P2:67
Z-43,2026-02-27,0.0,0.0,P3:33:P2:67
Z-43,2026-02-28,66.35,15.9,P3:33:P2:67
Z-43,2026-03-01,62.01,15.92,P3:33:P2:67
Z-43,2026-03-02,61.92,16.3,P3:33:P2:67
Z-43,2026-03-03,62.45,15.72,P3:33:P2:67
Z-43,2026-03-04,61.56,15.94,P3:33:P2:67
Z-43,2026-03-05,58.02,15.63,P3:33:P2:67
Z-43,2026-03-06,59.2,16.27,P3:33:P2:67
Z-43,2026-03-07,63.08,15.79,P3:33:P2:67
Z-43,2026-03-08,60.76,16.06,P3:33:P2:67
Z-43,2026-03-09,63.11,15.62,P3:33:P2:67
Z-43,2026-03-10,67.22,16.24,P3:33:P2:67
Z-43,2026-03-11,58.72,16.35,P3:33:P2:67
Z-43,2026-03-12,61.16,16.68,P3:33:P2:67
Z-43,2026-03-13,60.16,16.26,P3:33:P2:67
Z-43,2026-03-14,63.17,16.55,P3:33:P2:67
Z-43,2026-03-15,59.92,16.37,P3:33:P2:67
Z-43,2026-03-16,61.85,15.98,P3:33:P2:67
Z-43,2026-03-17,60.68,16.03,P3:33:P2:67
Z-43,2026-03-18,64.64,15.44,P3:33:P2:67
Z-43,2026-03-19,65.64,16.11,P3:33:P2:67
Z-43,2026-03-20,63.89,16.13,P3:33:P2:67
Z-43,2026-03-21,61.94,15.78,P3:33:P2:67
Z-43,2026-03-22,67.05,16.23,P3:33:P2:67
Z-43,2026-03-23,64.09,15.52,P3:33:P2:67
Z-43,2026-03-24,58.92,16.59,P3:33:P2:67
Z-43,2026-03-25,64.1,15.96,P3:33:P2:67
Z-43,2026-03-26,59.61,16.23,P3:33:P2:67
Z-43,2026-03-27,61.73,15.89,P3:33:P2:67
Z-43,2026-03-28,61.59,16.09,P3:33:P2:67
Z-43,2026-03-29,62.21,16.22,P3:33:P2:67
Z-43,2026-03-30,64.23,16.6,P3:33:P2:67
Z-43,2026-03-31,62.18,15.91,P3:33:P2:67
Z-43,2026-04-01,61.25,16.09,P3:33:P2:67
Z-43,2026-04-02,63.39,16.0,P3:33:P2:67
Z-43,2026-04-03,67.42,15.9,P3:33:P2:67
Z-43,2026-04-04,63.85,16.35,P3:33:P2:67
Z-43,2026-04-05,64.58,15.7,P3:33:P2:67
Z-43,2026-04-06,64.85,16.44,P3:33:P2:67
Z-43,2026-04-07,59.23,16.31,P3:33:P2:67
Z-43,2026-04-08,61.28,15.82,P3:33:P2:67
Z-43,2026-04-09,66.43,16.48,P3:33:P2:67
Z-43,2026-04-10,63.0,16.71,P3:33:P2:67
Z-43,2026-04-11,63.11,16.75,P3:33:P2:67
Z-43,2026-04-12,61.14,15.93,P3:33:P2:67
Z-43,2026-04-13,60.75,16.1,P3:33:P2:67
Z-43,2026-04-14,61.84,16.23,P3:33:P2:67
Z-43,2026-04-15,59.81,16.12,P3:33:P2:67
Z-43,2026-04-16,60.59,16.24,P3:33:P2:67
Z-43,2026-04-17,64.49,15.76,P3:33:P2:67
Z-43,2026-04-18,63.28,15.64,P3:33:P2:67
Z-43,2026-04-19,60.31,16.57,P3:33:P2:67
Z-43,2026-04-20,59.9,16.2,P3:33:P2:67
Z-43,2026-04-21,65.38,16.46,P3:33:P2:67
Z-43,2026-04-22,59.37,16.52,P3:33:P2:67
Z-43,2026-04-23,63.9,16.41,P3:33:P2:67
Z-43,2026-04-24,62.96,15.72,P3:33:P2:67
Z-43,2026-04-25,64.77,16.26,P3:33:P2:67
Z-43,2026-04-26,63.82,16.28,P3:33:P2:67
Z-43,2026-04-27,57.78,15.99,P3:33:P2:67
Z-43,2026-04-28,0.0,0.0,P3:33:P2:67
Z-43,2026-04-29,59.23,16.31,P3:33:P2:67
Z-43,2026-04-30,66.6,16.32,P3:33:P2:67
Z-43,2026-05-01,61.97,16.31,P3:33:P2:67
Z-43,2026-05-02,61.5,16.45,P3:33:P2:67
Z-43,2026-05-03,59.83,16.57,P3:33:P2:67
Z-43,2026-05-04,62.73,15.8,P3:33:P2:67
Z-43,2026-05-05,62.2,15.86,P3:33:P2:67
Z-43,2026-05-06,57.97,16.45,P3:33:P2:67
Z-43,2026-05-07,65.47,15.7,P3:33:P2:67
Z-43,2026-05-08,61.38,16.31,P3:33:P2:67
Z-43,2026-05-09,64.13,16.23,P3:33:P2:67
Z-43,2026-05-10,66.86,15.97,P3:33:P2:67
Z-43,2026-05-11,65.0,16.13,P3:33:P2:67
Z-43,2026-05-12,59.99,16.09,P3:33:P2:67
Z-43,2026-05-13,63.46,15.43,P3:33:P2:67
Z-43,2026-05-14,62.5,16.63,P3:33:P2:67
Z-43,2026-05-15,64.55,15.6,P3:33:P2:67
Z-43,2026-05-16,64.01,16.26,P3:33:P2:67
Z-43,2026-05-17,62.81,16.0,P3:33:P2:67
Z-43,2026-05-18,59.65,16.12,P3:33:P2:67
Z-43,2026-05-19,66.39,16.33,P3:33:P2:67
Z-43,2026-05-20,58.91,16.2,P3:33:P2:67
Z-43,2026-05-21,64.97,16.35,P3:33:P2:67
Z-43,2026-05-22,67.28,16.5,P3:33:P2:67
Z-43,2026-05-23,65.03,16.28,P3:33:P2:67
Z-43,2026-05-24,66.25,16.47,P3:33:P2:67
Z-43,2026-05-25,67.24,16.18,P3:33:P2:67
Z-43,2026-05-26,59.47,16.53,P3:33:P2:67
Z-43,2026-05-27,61.7,15.98,P3:33:P2:67
Z-43,2026-05-28,60.38,16.08,P3:33:P2:67
Z-43,2026-05-29,62.31,15.64,P3:33:P2:67
Z-43,2026-05-30,58.9,15.7,P3:33:P2:67
Z-43,2026-05-31,61.77,16.56,P3:33:P2:67
Z-43,2026-06-01,59.58,16.13,P3:33:P2:67
Z-43,2026-06-02,63.96,16.52,P3:33:P2:67
Z-43,2026-06-03,64.78,15.97,P3:33:P2:67
Z-43,2026-06-04,68.01,16.17,P3:33:P2:67
Z-43,2026-06-05,61.94,15.88,P3:33:P2:67
Z-43,2026-06-06,63.05,15.65,P3:33:P2:67
Z-43,2026-06-07,63.33,16.29,P3:33:P2:67
Z-43,2026-06-08,65.09,15.91,P3:33:P2:67
Z-43,2026-06-09,63.13,16.13,P3:33:P2:67
Z-43,2026-06-10,66.19,15.76,P3:33:P2:67
Z-43,2026-06-11,61.92,16.34,P3:33:P2:67
Z-43,2026-06-12,63.59,16.27,P3:33:P2:67
Z-43,2026-06-13,62.46,16.19,P3:33:P2:67
Z-43,2026-06-14,62.53,15.94,P3:33:P2:67
Z-43,2026-06-15,66.19,15.83,P3:33:P2:67
Z-43,2026-06-16,62.17,15.74,P3:33:P2:67
Z-43,2026-06-17,59.78,16.19,P3:33:P2:67
Z-43,2026-06-18,62.78,15.75,P3:33:P2:67
Z-43,2026-06-19,64.19,16.27,P3:33:P2:67
Z-43,2026-06-20,61.19,15.8,P3:33:P2:67
Z-43,2026-06-21,61.03,16.43,P3:33:P2:67
Z-43,2026-06-22,63.47,15.91,P3:33:P2:67
Z-43,2026-06-23,64.46,16.38,P3:33:P2:67
Z-43,2026-06-24,58.92,16.0,P3:33:P2:67
Z-43,2026-06-25,61.45,15.88,P3:33:P2:67
Z-43,2026-06-26,57.56,15.68,P3:33:P2:67
Z-43,2026-06-27,59.05,16.26,P3:33:P2:67
Z-43,2026-06-28,59.68,16.3,P3:33:P2:67
Z-43,2026-06-29,59.37,16.13,P3:33:P2:67
Z-43,2026-06-30,60.42,16.41,P3:33:P2:67
Z-43,2026-07-01,61.84,16.48,P3:33:P2:67
Z-43,2026-07-02,64.26,16.0,P3:33:P2:67
Z-43,2026-07-03,65.96,16.03,P3:33:P2:67
Z-43,2026-07-04,62.36,15.9,P3:33:P2:67
Z-43,2026-07-05,61.88,16.22,P3:33:P2:67
Z-43,2026-07-06,65.39,16.11,P3:33:P2:67
Z-43,2026-07-07,62.17,16.51,P3:33:P2:67
Z-43,2026-07-08,60.28,16.22,P3:33:P2:67
Z-43,2026-07-09,60.32,16.23,P3:33:P2:67
Z-43,2026-07-10,59.78,16.39,P3:33:P2:67
Z-43,2026-07-11,0.0,0.0,P3:33:P2:67
Z-43,2026-07-12,60.98,15.9,P3:33:P2:67
Z-43,2026-07-13,64.26,16.18,P3:33:P2:67
Z-43,2026-07-14,59.71,15.41,P3:33:P2:67
Z-43,2026-07-15,63.09,15.69,P3:33:P2:67
Z-43,2026-07-16,60.28,16.37,P3:33:P2:67
Z-43,2026-07-17,60.3,15.91,P3:33:P2:67
Z-43,2026-07-18,65.7,16.01,P3:33:P2:67
Z-43,2026-07-19,61.05,15.79,P3:33:P2:67
Z-43,2026-07-20,63.6,16.37,P3:33:P2:67
Z-43,2026-07-21,64.65,16.42,P3:33:P2:67
Z-43,2026-07-22,62.48,16.12,P3:33:P2:67
Z-43,2026-07-23,62.61,16.25,P3:33:P2:67
Z-43,2026-07-24,62.18,16.44,P3:33:P2:67
Z-43,2026-07-25,64.73,15.96,P3:33:P2:67
Z-43,2026-07-26,60.77,16.19,P3:33:P2:67
Z-43,2026-07-27,65.52,15.8,P3:33:P2:67
Z-43,2026-07-28,57.7,16.12,P3:33:P2:67
Z-43,2026-07-29,62.6,16.71,P3:33:P2:67
Z-43,2026-07-30,61.28,16.02,P3:33:P2:67
Z-43,2026-07-31,62.93,16.82,P3:33:P2:67
Z-43,2026-08-01,64.75,15.82,P3:33:P2:67
Z-43,2026-08-02,62.71,15.74,P3:33:P2:67
Z-43,2026-08-03,61.81,16.61,P3:33:P2:67
Z-43,2026-08-04,62.63,16.3,P3:33:P2:67
Z-43,2026-08-05,58.11,15.74,P3:33:P2:67
Z-43,2026-08-06,60.76,16.17,P3:33:P2:67
Z-43,2026-08-07,61.05,16.07,P3:33:P2:67
Z-43,2026-08-08,61.41,16.24,P3:33:P2:67
Z-43,2026-08-09,64.99,16.35,P3:33:P2:67
Z-43,2026-08-10,64.89,15.84,P3:33:P2:67
Z-43,2026-08-11,59.9,16.2,P3:33:P2:67
Z-43,2026-08-12,64.22,16.28,P3:33:P2:67
Z-43,2026-08-13,60.86,16.5,P3:33:P2:67
Z-43,2026-08-14,60.04,15.91,P3:33:P2:67
Z-43,2026-08-15,60.36,16.39,P3:33:P2:67
Z-43,2026-08-16,62.56,16.43,P3:33:P2:67
Z-43,2026-08-17,63.51,16.1,P3:33:P2:67
Z-43,2026-08-18,62.83,16.73,P3:33:P2:67
Z-43,2026-08-19,60.96,16.16,P3:33:P2:67
Z-43,2026-08-20,62.23,16.07,P3:33:P2:67
Z-43,2026-08-21,60.46,16.08,P3:33:P2:67
Z-43,2026-08-22,62.05,15.31,P3:33:P2:67
Z-43,2026-08-23,57.23,15.56,P3:33:P2:67
Z-43,2026-08-24,63.84,16.08,P3:33:P2:67
Z-43,2026-08-25,62.8,16.47,P3:33:P2:67
Z-43,2026-08-26,65.76,16.43,P3:33:P2:67
Z-43,2026-08-27,60.86,16.37,P3:33:P2:67
Z-43,2026-08-28,59.97,16.29,P3:33:P2:67
Z-43,2026-08-29,62.36,15.9,P3:33:P2:67
Z-43,2026-08-30,60.42,15.94,P3:33:P2:67
Z-43,2026-08-31,61.68,16.27,P3:33:P2:67
X-31,2025-09-01,146.61,9.44,P1:56:P3:44
X-31,2025-09-02,153.59,8.69,P1:56:P3:44
X-31,2025-09-03,145.68,9.39,P1:56:P3:44
X-31,2025-09-04,139.82,9.08,P1:56:P3:44
X-31,2025-09-05,150.79,9.29,P1:56:P3:44
X-31,2025-09-06,146.83,9.64,P1:56:P3:44
X-31,2025-09-07,146.49,9.21,P1:56:P3:44
X-31,2025-09-08,135.5,9.11,P1:56:P3:44
X-31,2025-09-09,150.98,9.43,P1:56:P3:44
X-31,2025-09-10,143.94,9.7,P1:56:P3:44
X-31,2025-09-11,152.02,9.62,P1:56:P3:44
X-31,2025-09-12,139.23,9.65,P1:56:P3:44
X-31,2025-09-13,153.86,8.61,P1:56:P3:44
X-31,2025-09-14,143.86,8.53,P1:56:P3:44
X-31,2025-09-15,146.78,9.18,P1:56:P3:44
X-31,2025-09-16,138.55,9.34,P1:56:P3:44
X-31,2025-09-17,137.85,9.1,P1:56:P3:44
X-31,2025-09-18,145.44,9.73,P1:56:P3:44
X-31,2025-09-19,150.18,9.04,P1:56:P3:44
X-31,2025-09-20,141.89,8.65,P1:56:P3:44
X-31,2025-09-21,137.56,9.26,P1:56:P3:44
X-31,2025-09-22,141.98,9.12,P1:56:P3:44
X-31,2025-09-23,135.97,9.16,P1:56:P3:44
X-31,2025-09-24,136.88,8.65,P1:56:P3:44
X-31,2025-09-25,146.95,9.1,P1:56:P3:44
X-31,2025-09-26,142.83,9.5,P1:56:P3:44
X-31,2025-09-27,0.0,0.0,P1:56:P3:44
X-31,2025-09-28,158.41,8.75,P1:56:P3:44
X-31,2025-09-29,142.93,9.0,P1:56:P3:44
X-31,2025-09-30,154.16,9.15,P1:56:P3:44
X-31,2025-10-01,146.22,9.2,P1:56:P3:44
X-31,2025-10-02,132.21,8.94,P1:56:P3:44
X-31,2025-10-03,149.28,8.75,P1:56:P3:44
X-31,2025-10-04,158.66,8.49,P1:56:P3:44
X-31,2025-10-05,143.66,8.73,P1:56:P3:44
X-31,2025-10-06,151.11,8.67,P1:56:P3:44
X-31,2025-10-07,150.4,8.66,P1:56:P3:44
X-31,2025-10-08,150.12,8.86,P1:56:P3:44
X-31,2025-10-09,140.96,9.23,P1:56:P3:44
X-31,2025-10-10,136.39,9.17,P1:56:P3:44
X-31,2025-10-11,144.8,9.13,P1:56:P3:44
X-31,2025-10-12,147.65,9.5,P1:56:P3:44
X-31,2025-10-13,150.16,8.95,P1:56:P3:44
X-31,2025-10-14,150.61,8.22,P1:56:P3:44
X-31,2025-10-15,148.42,9.01,P1:56:P3:44
X-31,2025-10-16,140.46,9.45,P1:56:P3:44
X-31,2025-10-17,153.94,9.44,P1:56:P3:44
X-31,2025-10-18,133.09,9.25,P1:56:P3:44
X-31,2025-10-19,0.0,0.0,P1:56:P3:44
X-31,2025-10-20,161.15,9.12,P1:56:P3:44
X-31,2025-10-21,153.08,9.02,P1:56:P3:44
X-31,2025-10-22,147.95,9.13,P1:56:P3:44
X-31,2025-10-23,150.3,8.97,P1:56:P3:44
X-31,2025-10-24,142.64,8.94,P1:56:P3:44
X-31,2025-10-25,144.26,9.21,P1:56:P3:44
X-31,2025-10-26,153.23,9.59,P1:56:P3:44
X-31,2025-10-27,148.75,9.18,P1:56:P3:44
X-31,2025-10-28,140.55,9.47,P1:56:P3:44
X-31,2025-10-29,146.93,8.95,P1:56:P3:44
X-31,2025-10-30,151.98,8.84,P1:56:P3:44
X-31,2025-10-31,140.47,8.72,P1:56:P3:44
X-31,2025-11-01,135.91,9.24,P1:56:P3:44
X-31,2025-11-02,149.08,8.77,P1:56:P3:44
X-31,2025-11-03,0.0,0.0,P1:56:P3:44
X-31,2025-11-04,139.73,9.51,P1:56:P3:44
X-31,2025-11-05,142.94,9.13,P1:56:P3:44
X-31,2025-11-06,137.13,9.44,P1:56:P3:44
X-31,2025-11-07,164.46,8.54,P1:56:P3:44
X-31,2025-11-08,144.0,9.25,P1:56:P3:44
X-31,2025-11-09,161.16,9.03,P1:56:P3:44
X-31,2025-11-10,152.25,8.98,P1:56:P3:44
X-31,2025-11-11,150.07,8.78,P1:56:P3:44
X-31,2025-11-12,148.98,8.44,P1:56:P3:44
X-31,2025-11-13,137.17,8.94,P1:56:P3:44
X-31,2025-11-14,145.33,9.22,P1:56:P3:44
X-31,2025-11-15,144.72,9.08,P1:56:P3:44
X-31,2025-11-16,143.43,8.9,P1:56:P3:44
X-31,2025-11-17,141.7,8.87,P1:56:P3:44
X-31,2025-11-18,142.74,9.29,P1:56:P3:44
X-31,2025-11-19,140.57,9.47,P1:56:P3:44
X-31,2025-11-20,143.78,9.37,P1:56:P3:44
X-31,2025-11-21,140.6,9.06,P1:56:P3:44
X-31,2025-11-22,0.0,0.0,P1:56:P3:44
X-31,2025-11-23,146.43,8.66,P1:56:P3:44
X-31,2025-11-24,138.83,9.53,P1:56:P3:44
X-31,2025-11-25,139.9,8.88,P1:56:P3:44
X-31,2025-11-26,154.06,9.06,P1:56:P3:44
X-31,2025-11-27,138.52,9.46,P1:56:P3:44
X-31,2025-11-28,134.54,9.42,P1:56:P3:44
X-31,2025-11-29,154.74,9.16,P1:56:P3:44
X-31,2025-11-30,129.35,8.66,P1:56:P3:44
X-31,2025-12-01,150.1,8.78,P1:56:P3:44
X-31,2025-12-02,153.32,9.11,P1:56:P3:44
X-31,2025-12-03,139.66,8.84,P1:56:P3:44
X-31,2025-12-04,137.07,8.75,P1:56:P3:44
X-31,2025-12-05,138.59,9.11,P1:56:P3:44
X-31,2025-12-06,149.02,9.38,P1:56:P3:44
X-31,2025-12-07,144.53,9.25,P1:56:P3:44
X-31,2025-12-08,139.86,8.56,P1:56:P3:44
X-31,2025-12-09,153.4,9.09,P1:56:P3:44
X-31,2025-12-10,139.67,8.58,P1:56:P3:44
X-31,2025-12-11,150.63,8.96,P1:56:P3:44
X-31,2025-12-12,155.77,9.27,P1:56:P3:44
X-31,2025-12-13,145.84,9.1,P1:56:P3:44
X-31,2025-12-14,150.2,8.79,P1:56:P3:44
X-31,2025-12-15,139.01,8.97,P1:56:P3:44
X-31,2025-12-16,146.28,9.43,P1:56:P3:44
X-31,2025-12-17,152.68,9.34,P1:56:P3:44
X-31,2025-12-18,148.16,8.15,P1:56:P3:44
X-31,2025-12-19,146.31,9.35,P1:56:P3:44
X-31,2025-12-20,140.76,8.89,P1:56:P3:44
X-31,2025-12-21,156.88,9.23,P1:56:P3:44
X-31,2025-12-22,146.98,8.81,P1:56:P3:44
X-31,2025-12-23,149.73,9.1,P1:56:P3:44
X-31,2025-12-24,136.11,9.61,P1:56:P3:44
X-31,2025-12-25,142.86,8.73,P1:56:P3:44
X-31,2025-12-26,149.49,8.92,P1:56:P3:44
X-31,2025-12-27,150.52,9.31,P1:56:P3:44
X-31,2025-12-28,147.1,9.47,P1:56:P3:44
X-31,2025-12-29,145.89,8.97,P1:56:P3:44
X-31,2025-12-30,151.33,9.01,P1:56:P3:44
X-31,2025-12-31,152.23,9.31,P1:56:P3:44
X-31,2026-01-01,139.32,8.95,P1:56:P3:44
X-31,2026-01-02,150.43,9.43,P1:56:P3:44
X-31,2026-01-03,146.9,9.18,P1:56:P3:44
X-31,2026-01-04,132.73,9.38,P1:56:P3:44
X-31,2026-01-05,148.66,9.5,P1:56:P3:44
X-31,2026-01-06,148.1,8.64,P1:56:P3:44
X-31,2026-01-07,150.21,9.43,P1:56:P3:44
X-31,2026-01-08,0.0,0.0,P1:56:P3:44
X-31,2026-01-09,138.68,8.98,P1:56:P3:44
X-31,2026-01-10,153.93,9.3,P1:56:P3:44
X-31,2026-01-11,152.68,9.0,P1:56:P3:44
X-31,2026-01-12,144.55,8.81,P1:56:P3:44
X-31,2026-01-13,148.57,9.23,P1:56:P3:44
X-31,2026-01-14,136.24,9.3,P1:56:P3:44
X-31,2026-01-15,149.53,9.21,P1:56:P3:44
X-31,2026-01-16,143.0,9.5,P1:56:P3:44
X-31,2026-01-17,153.13,9.54,P1:56:P3:44
X-31,2026-01-18,137.33,9.47,P1:56:P3:44
X-31,2026-01-19,143.56,9.26,P1:56:P3:44
X-31,2026-01-20,138.03,8.54,P1:56:P3:44
X-31,2026-01-21,150.06,9.38,P1:56:P3:44
X-31,2026-01-22,141.76,8.82,P1:56:P3:44
X-31,2026-01-23,144.32,8.99,P1:56:P3:44
X-31,2026-01-24,153.38,9.28,P1:56:P3:44
X-31,2026-01-25,151.47,8.77,P1:56:P3:44
X-31,2026-01-26,139.36,9.33,P1:56:P3:44
X-31,2026-01-27,145.0,8.9,P1:56:P3:44
X-31,2026-01-28,140.87,9.38,P1:56:P3:44
X-31,2026-01-29,147.84,9.25,P1:56:P3:44
X-31,2026-01-30,152.14,9.31,P1:56:P3:44
X-31,2026-01-31,141.45,9.14,P1:56:P3:44
X-31,2026-02-01,156.28,9.21,P1:56:P3:44
X-31,2026-02-02,144.24,9.09,P1:56:P3:44
X-31,2026-02-03,148.83,9.79,P1:56:P3:44
X-31,2026-02-04,137.68,9.15,P1:56:P3:44
X-31,2026-02-05,145.47,8.84,P1:56:P3:44
X-31,2026-02-06,140.2,9.07,P1:56:P3:44
X-31,2026-02-07,147.59,9.08,P1:56:P3:44
X-31,2026-02-08,143.47,8.8,P1:56:P3:44
X-31,2026-02-09,153.61,9.32,P1:56:P3:44
X-31,2026-02-10,144.12,9.13,P1:56:P3:44
X-31,2026-02-11,149.11,9.83,P1:56:P3:44
X-31,2026-02-12,145.0,8.97,P1:56:P3:44
X-31,2026-02-13,151.15,8.53,P1:56:P3:44
X-31,2026-02-14,123.87,9.38,P1:56:P3:44
X-31,2026-02-15,144.3,9.02,P1:56:P3:44
X-31,2026-02-16,157.85,8.98,P1:56:P3:44
X-31,2026-02-17,150.42,8.72,P1:56:P3:44
X-31,2026-02-18,149.28,9.43,P1:56:P3:44
X-31,2026-02-19,137.11,9.08,P1:56:P3:44
X-31,2026-02-20,144.33,9.23,P1:56:P3:44
X-31,2026-02-21,150.55,9.47,P1:56:P3:44
X-31,2026-02-22,145.94,9.1,P1:56:P3:44
X-31,2026-02-23,151.47,9.11,P1:56:P3:44
X-31,2026-02-24,143.74,9.11,P1:56:P3:44
X-31,2026-02-25,152.49,9.58,P1:56:P3:44
X-31,2026-02-26,151.61,10.01,P1:56:P3:44
X-31,2026-02-27,158.33,8.49,P1:56:P3:44
X-31,2026-02-28,146.82,9.22,P1:56:P3:44
X-31,2026-03-01,140.14,8.91,P1:56:P3:44
X-31,2026-03-02,149.82,8.84,P1:56:P3:44
X-31,2026-03-03,140.8,8.92,P1:56:P3:44
X-31,2026-03-04,161.0,9.06,P1:56:P3:44
X-31,2026-03-05,142.72,8.96,P1:56:P3:44
X-31,2026-03-06,145.04,9.06,P1:56:P3:44
X-31,2026-03-07,148.09,9.09,P1:56:P3:44
X-31,2026-03-08,160.14,9.09,P1:56:P3:44
X-31,2026-03-09,131.04,9.08,P1:56:P3:44
X-31,2026-03-10,146.94,9.77,P1:56:P3:44
X-31,2026-03-11,144.96,8.79,P1:56:P3:44
X-31,2026-03-12,148.31,9.0,P1:56:P3:44
X-31,2026-03-13,143.5,8.89,P1:56:P3:44
X-31,2026-03-14,142.7,9.22,P1:56:P3:44
X-31,2026-03-15,141.17,8.85,P1:56:P3:44
X-31,2026-03-16,142.87,9.69,P1:56:P3:44
X-31,2026-03-17,138.42,9.37,P1:56:P3:44
X-31,2026-03-18,150.13,9.08,P1:56:P3:44
X-31,2026-03-19,137.5,8.62,P1:56:P3:44
X-31,2026-03-20,158.32,9.31,P1:56:P3:44
X-31,2026-03-21,143.12,9.44,P1:56:P3:44
X-31,2026-03-22,155.14,8.97,P1:56:P3:44
X-31,2026-03-23,0.0,0.0,P1:56:P3:44
X-31,2026-03-24,135.91,9.05,P1:56:P3:44
X-31,2026-03-25,134.48,8.78,P1:56:P3:44
X-31,2026-03-26,148.27,9.64,P1:56:P3:44
X-31,2026-03-27,149.54,9.09,P1:56:P3:44
X-31,2026-03-28,147.64,9.84,P1:56:P3:44
X-31,2026-03-29,153.01,8.74,P1:56:P3:44
X-31,2026-03-30,134.55,8.59,P1:56:P3:44
X-31,2026-03-31,157.79,8.44,P1:56:P3:44
X-31,2026-04-01,149.77,8.73,P1:56:P3:44
X-31,2026-04-02,150.8,8.9,P1:56:P3:44
X-31,2026-04-03,145.8,8.87,P1:56:P3:44
X-31,2026-04-04,144.4,9.09,P1:56:P3:44
X-31,2026-04-05,139.82,9.23,P1:56:P3:44
X-31,2026-04-06,0.0,0.0,P1:56:P3:44
X-31,2026-04-07,147.26,8.75,P1:56:P3:44
X-31,2026-04-08,140.35,9.16,P1:56:P3:44
X-31,2026-04-09,0.0,0.0,P1:56:P3:44
X-31,2026-04-10,155.23,9.39,P1:56:P3:44
X-31,2026-04-11,151.79,8.64,P1:56:P3:44
X-31,2026-04-12,146.2,9.06,P1:56:P3:44
X-31,2026-04-13,147.92,9.48,P1:56:P3:44
X-31,2026-04-14,146.46,9.35,P1:56:P3:44
X-31,2026-04-15,152.93,8.59,P1:56:P3:44
X-31,2026-04-16,158.94,9.0,P1:56:P3:44
X-31,2026-04-17,146.12,9.14,P1:56:P3:44
X-31,2026-04-18,143.19,8.8,P1:56:P3:44
X-31,2026-04-19,145.55,9.11,P1:56:P3:44
X-31,2026-04-20,139.81,9.31,P1:56:P3:44
X-31,2026-04-21,144.79,9.05,P1:56:P3:44
X-31,2026-04-22,146.26,8.86,P1:56:P3:44
X-31,2026-04-23,145.64,9.13,P1:56:P3:44
X-31,2026-04-24,153.33,8.61,P1:56:P3:44
X-31,2026-04-25,141.67,9.17,P1:56:P3:44
X-31,2026-04-26,148.72,9.22,P1:56:P3:44
X-31,2026-04-27,151.8,8.69,P1:56:P3:44
X-31,2026-04-28,154.95,8.67,P1:56:P3:44
X-31,2026-04-29,142.18,8.71,P1:56:P3:44
X-31,2026-04-30,146.29,8.87,P1:56:P3:44
X-31,2026-05-01,148.63,9.19,P1:56:P3:44
X-31,2026-05-02,140.45,9.23,P1:56:P3:44
X-31,2026-05-03,146.74,8.94,P1:56:P3:44
X-31,2026-05-04,147.72,9.04,P1:56:P3:44
X-31,2026-05-05,146.99,9.17,P1:56:P3:44
X-31,2026-05-06,144.89,8.22,P1:56:P3:44
X-31,2026-05-07,142.63,9.11,P1:56:P3:44
X-31,2026-05-08,148.68,9.33,P1:56:P3:44
X-31,2026-05-09,147.16,9.54,P1:56:P3:44
X-31,2026-05-10,141.01,8.73,P1:56:P3:44
X-31,2026-05-11,144.82,9.08,P1:56:P3:44
X-31,2026-05-12,140.3,9.2,P1:56:P3:44
X-31,2026-05-13,148.74,9.38,P1:56:P3:44
X-31,2026-05-14,143.8,9.3,P1:56:P3:44
X-31,2026-05-15,150.37,9.25,P1:56:P3:44
X-31,2026-05-16,147.64,8.89,P1:56:P3:44
X-31,2026-05-17,145.56,8.82,P1:56:P3:44
X-31,2026-05-18,134.96,8.88,P1:56:P3:44
X-31,2026-05-19,142.89,8.78,P1:56:P3:44
X-31,2026-05-20,141.66,8.58,P1:56:P3:44
X-31,2026-05-21,137.39,9.49,P1:56:P3:44
X-31,2026-05-22,147.38,9.11,P1:56:P3:44
X-31,2026-05-23,149.54,9.52,P1:56:P3:44
X-31,2026-05-24,143.9,9.19,P1:56:P3:44
X-31,2026-05-25,142.95,9.07,P1:56:P3:44
X-31,2026-05-26,146.72,8.59,P1:56:P3:44
X-31,2026-05-27,144.56,9.03,P1:56:P3:44
X-31,2026-05-28,148.8,9.18,P1:56:P3:44
X-31,2026-05-29,151.45,9.34,P1:56:P3:44
X-31,2026-05-30,149.82,8.56,P1:56:P3:44
X-31,2026-05-31,138.02,9.23,P1:56:P3:44
X-31,2026-06-01,145.65,8.97,P1:56:P3:44
X-31,2026-06-02,139.21,8.76,P1:56:P3:44
X-31,2026-06-03,150.8,9.39,P1:56:P3:44
X-31,2026-06-04,150.44,9.35,P1:56:P3:44
X-31,2026-06-05,152.04,8.46,P1:56:P3:44
X-31,2026-06-06,153.17,8.65,P1:56:P3:44
X-31,2026-06-07,153.22,9.11,P1:56:P3:44
X-31,2026-06-08,147.91,9.18,P1:56:P3:44
X-31,2026-06-09,146.2,9.2,P1:56:P3:44
X-31,2026-06-10,143.03,8.58,P1:56:P3:44
X-31,2026-06-11,142.06,9.08,P1:56:P3:44
X-31,2026-06-12,145.18,9.27,P1:56:P3:44
X-31,2026-06-13,140.74,9.05,P1:56:P3:44
X-31,2026-06-14,142.05,8.75,P1:56:P3:44
X-31,2026-06-15,136.95,8.83,P1:56:P3:44
X-31,2026-06-16,151.97,9.42,P1:56:P3:44
X-31,2026-06-17,140.97,9.28,P1:56:P3:44
X-31,2026-06-18,149.54,9.53,P1:56:P3:44
X-31,2026-06-19,148.06,9.41,P1:56:P3:44
X-31,2026-06-20,141.3,8.9,P1:56:P3:44
X-31,2026-06-21,141.64,9.57,P1:56:P3:44
X-31,2026-06-22,146.21,9.51,P1:56:P3:44
X-31,2026-06-23,143.49,9.24,P1:56:P3:44
X-31,2026-06-24,145.15,9.15,P1:56:P3:44
X-31,2026-06-25,142.75,9.08,P1:56:P3:44
X-31,2026-06-26,146.33,9.02,P1:56:P3:44
X-31,2026-06-27,148.11,9.04,P1:56:P3:44
X-31,2026-06-28,143.37,8.9,P1:56:P3:44
X-31,2026-06-29,143.58,9.21,P1:56:P3:44
X-31,2026-06-30,152.31,9.26,P1:56:P3:44
X-31,2026-07-01,144.46,9.19,P1:56:P3:44
X-31,2026-07-02,135.9,9.47,P1:56:P3:44
X-31,2026-07-03,140.54,8.81,P1:56:P3:44
X-31,2026-07-04,147.97,9.13,P1:56:P3:44
X-31,2026-07-05,150.57,9.06,P1:56:P3:44
X-31,2026-07-06,154.83,9.18,P1:56:P3:44
X-31,2026-07-07,131.96,9.15,P1:56:P3:44
X-31,2026-07-08,155.09,9.36,P1:56:P3:44
X-31,2026-07-09,144.23,9.37,P1:56:P3:44
X-31,2026-07-10,145.78,9.25,P1:56:P3:44
X-31,2026-07-11,136.35,9.07,P1:56:P3:44
X-31,2026-07-12,150.19,9.28,P1:56:P3:44
X-31,2026-07-13,149.1,9.69,P1:56:P3:44
X-31,2026-07-14,156.15,9.22,P1:56:P3:44
X-31,2026-07-15,147.33,9.28,P1:56:P3:44
X-31,2026-07-16,146.13,9.17,P1:56:P3:44
X-31,2026-07-17,151.7,9.28,P1:56:P3:44
X-31,2026-07-18,137.56,9.0,P1:56:P3:44
X-31,2026-07-19,148.09,9.65,P1:56:P3:44
X-31,2026-07-20,145.71,9.34,P1:56:P3:44
X-31,2026-07-21,148.12,9.34,P1:56:P3:44
X-31,2026-07-22,147.33,9.16,P1:56:P3:44
X-31,2026-07-23,151.56,9.03,P1:56:P3:44
X-31,2026-07-24,143.4,9.11,P1:56:P3:44
X-31,2026-07-25,0.0,0.0,P1:56:P3:44
X-31,2026-07-26,134.38,8.84,P1:56:P3:44
X-31,2026-07-27,145.12,9.28,P1:56:P3:44
X-31,2026-07-28,144.75,8.79,P1:56:P3:44
X-31,2026-07-29,145.01,9.12,P1:56:P3:44
X-31,2026-07-30,139.4,9.06,P1:56:P3:44
X-31,2026-07-31,149.28,9.35,P1:56:P3:44
X-31,2026-08-01,0.0,0.0,P1:56:P3:44
X-31,2026-08-02,136.8,8.68,P1:56:P3:44
X-31,2026-08-03,145.96,9.29,P1:56:P3:44
X-31,2026-08-04,143.74,8.76,P1:56:P3:44
X-31,2026-08-05,144.98,8.83,P1:56:P3:44
X-31,2026-08-06,142.12,8.9,P1:56:P3:44
X-31,2026-08-07,134.96,9.15,P1:56:P3:44
X-31,2026-08-08,148.55,9.18,P1:56:P3:44
X-31,2026-08-09,139.17,8.87,P1:56:P3:44
X-31,2026-08-10,143.85,9.32,P1:56:P3:44
X-31,2026-08-11,150.12,9.51,P1:56:P3:44
X-31,2026-08-12,153.73,8.6,P1:56:P3:44
X-31,2026-08-13,151.38,8.99,P1:56:P3:44
X-31,2026-08-14,142.38,8.65,P1:56:P3:44
X-31,2026-08-15,143.65,8.77,P1:56:P3:44
X-31,2026-08-16,147.91,8.96,P1:56:P3:44
X-31,2026-08-17,151.55,9.24,P1:56:P3:44
X-31,2026-08-18,150.61,9.11,P1:56:P3:44
X-31,2026-08-19,146.62,9.26,P1:56:P3:44
X-31,2026-08-20,147.77,9.38,P1:56:P3:44
X-31,2026-08-21,149.05,9.24,P1:56:P3:44
X-31,2026-08-22,148.99,9.52,P1:56:P3:44
X-31,2026-08-23,137.02,9.1,P1:56:P3:44
X-31,2026-08-24,137.49,9.07,P1:56:P3:44
X-31,2026-08-25,146.83,8.65,P1:56:P3:44
X-31,2026-08-26,140.2,9.09,P1:56:P3:44
X-31,2026-08-27,138.33,9.12,P1:56:P3:44
X-31,2026-08-28,144.19,9.02,P1:56:P3:44
X-31,2026-08-29,142.94,8.79,P1:56:P3:44
X-31,2026-08-30,140.81,9.4,P1:56:P3:44
X-31,2026-08-31,148.53,9.59,P1:56:P3:44
N-40,2025-09-01,61.0,10.82,P2:38:P3:31:P1:31
N-40,2025-09-02,64.07,10.74,P2:38:P3:31:P1:31
N-40,2025-09-03,69.97,10.81,P2:38:P3:31:P1:31
N-40,2025-09-04,63.8,11.02,P2:38:P3:31:P1:31
N-40,2025-09-05,59.37,10.99,P2:38:P3:31:P1:31
N-40,2025-09-06,62.31,10.59,P2:38:P3:31:P1:31
N-40,2025-09-07,62.43,11.1,P2:38:P3:31:P1:31
N-40,2025-09-08,68.15,10.52,P2:38:P3:31:P1:31
N-40,2025-09-09,63.75,10.51,P2:38:P3:31:P1:31
N-40,2025-09-10,58.64,11.02,P2:38:P3:31:P1:31
N-40,2025-09-11,62.79,10.72,P2:38:P3:31:P1:31
N-40,2025-09-12,62.87,10.59,P2:38:P3:31:P1:31
N-40,2025-09-13,63.56,10.68,P2:38:P3:31:P1:31
N-40,2025-09-14,60.56,10.45,P2:38:P3:31:P1:31
N-40,2025-09-15,64.61,10.29,P2:38:P3:31:P1:31
N-40,2025-09-16,62.12,10.99,P2:38:P3:31:P1:31
N-40,2025-09-17,62.64,10.36,P2:38:P3:31:P1:31
N-40,2025-09-18,59.79,10.52,P2:38:P3:31:P1:31
N-40,2025-09-19,61.36,10.76,P2:38:P3:31:P1:31
N-40,2025-09-20,62.42,10.43,P2:38:P3:31:P1:31
N-40,2025-09-21,63.77,10.82,P2:38:P3:31:P1:31
N-40,2025-09-22,62.54,10.5,P2:38:P3:31:P1:31
N-40,2025-09-23,65.55,10.39,P2:38:P3:31:P1:31
N-40,2025-09-24,68.37,10.91,P2:38:P3:31:P1:31
N-40,2025-09-25,66.41,10.43,P2:38:P3:31:P1:31
N-40,2025-09-26,57.98,11.06,P2:38:P3:31:P1:31
N-40,2025-09-27,65.99,10.51,P2:38:P3:31:P1:31
N-40,2025-09-28,61.91,10.57,P2:38:P3:31:P1:31
N-40,2025-09-29,63.85,10.58,P2:38:P3:31:P1:31
N-40,2025-09-30,66.06,10.51,P2:38:P3:31:P1:31
N-40,2025-10-01,57.85,10.79,P2:38:P3:31:P1:31
N-40,2025-10-02,63.59,10.38,P2:38:P3:31:P1:31
N-40,2025-10-03,62.26,9.97,P2:38:P3:31:P1:31
N-40,2025-10-04,63.1,10.6,P2:38:P3:31:P1:31
N-40,2025-10-05,64.18,10.55,P2:38:P3:31:P1:31
N-40,2025-10-06,63.05,10.49,P2:38:P3:31:P1:31
N-40,2025-10-07,61.51,10.17,P2:38:P3:31:P1:31
N-40,2025-10-08,66.07,10.18,P2:38:P3:31:P1:31
N-40,2025-10-09,68.64,10.46,P2:38:P3:31:P1:31
N-40,2025-10-10,61.79,10.21,P2:38:P3:31:P1:31
N-40,2025-10-11,61.54,10.39,P2:38:P3:31:P1:31
N-40,2025-10-12,66.32,10.21,P2:38:P3:31:P1:31
N-40,2025-10-13,60.2,10.85,P2:38:P3:31:P1:31
N-40,2025-10-14,59.16,10.61,P2:38:P3:31:P1:31
N-40,2025-10-15,58.47,10.27,P2:38:P3:31:P1:31
N-40,2025-10-16,60.25,10.88,P2:38:P3:31:P1:31
N-40,2025-10-17,0.0,0.0,P2:38:P3:31:P1:31
N-40,2025-10-18,61.27,10.38,P2:38:P3:31:P1:31
N-40,2025-10-19,59.92,10.28,P2:38:P3:31:P1:31
N-40,2025-10-20,62.73,10.66,P2:38:P3:31:P1:31
N-40,2025-10-21,60.19,10.58,P2:38:P3:31:P1:31
N-40,2025-10-22,60.8,9.95,P2:38:P3:31:P1:31
N-40,2025-10-23,61.44,10.3,P2:38:P3:31:P1:31
N-40,2025-10-24,61.29,10.5,P2:38:P3:31:P1:31
N-40,2025-10-25,60.79,11.18,P2:38:P3:31:P1:31
N-40,2025-10-26,62.23,10.51,P2:38:P3:31:P1:31
N-40,2025-10-27,61.73,10.25,P2:38:P3:31:P1:31
N-40,2025-10-28,63.33,10.92,P2:38:P3:31:P1:31
N-40,2025-10-29,64.14,10.25,P2:38:P3:31:P1:31
N-40,2025-10-30,65.15,10.37,P2:38:P3:31:P1:31
N-40,2025-10-31,63.7,10.83,P2:38:P3:31:P1:31
N-40,2025-11-01,58.32,10.05,P2:38:P3:31:P1:31
N-40,2025-11-02,63.66,10.66,P2:38:P3:31:P1:31
N-40,2025-11-03,59.53,11.2,P2:38:P3:31:P1:31
N-40,2025-11-04,61.23,10.96,P2:38:P3:31:P1:31
N-40,2025-11-05,60.27,10.34,P2:38:P3:31:P1:31
N-40,2025-11-06,64.44,10.99,P2:38:P3:31:P1:31
N-40,2025-11-07,60.13,10.98,P2:38:P3:31:P1:31
N-40,2025-11-08,56.25,10.85,P2:38:P3:31:P1:31
N-40,2025-11-09,63.63,10.43,P2:38:P3:31:P1:31
N-40,2025-11-10,63.3,10.21,P2:38:P3:31:P1:31
N-40,2025-11-11,63.84,10.63,P2:38:P3:31:P1:31
N-40,2025-11-12,62.58,10.77,P2:38:P3:31:P1:31
N-40,2025-11-13,59.04,9.93,P2:38:P3:31:P1:31
N-40,2025-11-14,60.89,10.23,P2:38:P3:31:P1:31
N-40,2025-11-15,59.95,10.68,P2:38:P3:31:P1:31
N-40,2025-11-16,62.87,10.29,P2:38:P3:31:P1:31
N-40,2025-11-17,62.08,10.81,P2:38:P3:31:P1:31
N-40,2025-11-18,56.97,10.3,P2:38:P3:31:P1:31
N-40,2025-11-19,63.01,10.56,P2:38:P3:31:P1:31
N-40,2025-11-20,61.54,11.06,P2:38:P3:31:P1:31
N-40,2025-11-21,61.55,10.4,P2:38:P3:31:P1:31
N-40,2025-11-22,61.89,10.56,P2:38:P3:31:P1:31
N-40,2025-11-23,62.98,10.64,P2:38:P3:31:P1:31
N-40,2025-11-24,69.32,9.98,P2:38:P3:31:P1:31
N-40,2025-11-25,61.65,11.01,P2:38:P3:31:P1:31
N-40,2025-11-26,63.18,10.49,P2:38:P3:31:P1:31
N-40,2025-11-27,65.41,10.39,P2:38:P3:31:P1:31
N-40,2025-11-28,59.74,10.73,P2:38:P3:31:P1:31
N-40,2025-11-29,64.47,10.96,P2:38:P3:31:P1:31
N-40,2025-11-30,60.39,10.49,P2:38:P3:31:P1:31
N-40,2025-12-01,60.87,11.13,P2:38:P3:31:P1:31
N-40,2025-12-02,57.2,10.44,P2:38:P3:31:P1:31
N-40,2025-12-03,65.77,10.98,P2:38:P3:31:P1:31
N-40,2025-12-04,59.17,10.84,P2:38:P3:31:P1:31
N-40,2025-12-05,58.37,10.83,P2:38:P3:31:P1:31
N-40,2025-12-06,62.47,10.18,P2:38:P3:31:P1:31
N-40,2025-12-07,62.38,10.99,P2:38:P3:31:P1:31
N-40,2025-12-08,60.59,10.66,P2:38:P3:31:P1:31
N-40,2025-12-09,58.92,10.53,P2:38:P3:31:P1:31
N-40,2025-12-10,66.0,11.23,P2:38:P3:31:P1:31
N-40,2025-12-11,62.76,10.33,P2:38:P3:31:P1:31
N-40,2025-12-12,58.79,10.16,P2:38:P3:31:P1:31
N-40,2025-12-13,59.79,10.72,P2:38:P3:31:P1:31
N-40,2025-12-14,61.86,10.51,P2:38:P3:31:P1:31
N-40,2025-12-15,63.4,10.53,P2:38:P3:31:P1:31
N-40,2025-12-16,60.01,11.25,P2:38:P3:31:P1:31
N-40,2025-12-17,63.25,10.67,P2:38:P3:31:P1:31
N-40,2025-12-18,60.77,11.07,P2:38:P3:31:P1:31
N-40,2025-12-19,64.26,10.44,P2:38:P3:31:P1:31
N-40,2025-12-20,64.65,10.34,P2:38:P3:31:P1:31
N-40,2025-12-21,62.04,10.23,P2:38:P3:31:P1:31
N-40,2025-12-22,65.63,10.23,P2:38:P3:31:P1:31
N-40,2025-12-23,60.77,10.89,P2:38:P3:31:P1:31
N-40,2025-12-24,63.47,11.02,P2:38:P3:31:P1:31
N-40,2025-12-25,64.53,10.87,P2:38:P3:31:P1:31
N-40,2025-12-26,57.09,10.48,P2:38:P3:31:P1:31
N-40,2025-12-27,66.84,11.37,P2:38:P3:31:P1:31
N-40,2025-12-28,63.06,10.54,P2:38:P3:31:P1:31
N-40,2025-12-29,64.98,10.31,P2:38:P3:31:P1:31
N-40,2025-12-30,60.06,10.98,P2:38:P3:31:P1:31
N-40,2025-12-31,65.09,10.5,P2:38:P3:31:P1:31
N-40,2026-01-01,65.23,10.32,P2:38:P3:31:P1:31
N-40,2026-01-02,53.72,10.04,P2:38:P3:31:P1:31
N-40,2026-01-03,64.43,10.64,P2:38:P3:31:P1:31
N-40,2026-01-04,61.63,10.38,P2:38:P3:31:P1:31
N-40,2026-01-05,67.54,10.45,P2:38:P3:31:P1:31
N-40,2026-01-06,61.64,10.86,P2:38:P3:31:P1:31
N-40,2026-01-07,64.27,10.75,P2:38:P3:31:P1:31
N-40,2026-01-08,65.02,10.61,P2:38:P3:31:P1:31
N-40,2026-01-09,60.65,10.52,P2:38:P3:31:P1:31
N-40,2026-01-10,69.74,10.35,P2:38:P3:31:P1:31
N-40,2026-01-11,0.0,0.0,P2:38:P3:31:P1:31
N-40,2026-01-12,64.32,10.27,P2:38:P3:31:P1:31
N-40,2026-01-13,0.0,0.0,P2:38:P3:31:P1:31
N-40,2026-01-14,62.4,10.66,P2:38:P3:31:P1:31
N-40,2026-01-15,61.14,10.83,P2:38:P3:31:P1:31
N-40,2026-01-16,63.79,10.27,P2:38:P3:31:P1:31
N-40,2026-01-17,59.24,10.66,P2:38:P3:31:P1:31
N-40,2026-01-18,61.94,10.74,P2:38:P3:31:P1:31
N-40,2026-01-19,62.83,10.63,P2:38:P3:31:P1:31
N-40,2026-01-20,63.46,10.6,P2:38:P3:31:P1:31
N-40,2026-01-21,67.46,10.72,P2:38:P3:31:P1:31
N-40,2026-01-22,63.28,10.17,P2:38:P3:31:P1:31
N-40,2026-01-23,62.47,10.84,P2:38:P3:31:P1:31
N-40,2026-01-24,63.88,10.53,P2:38:P3:31:P1:31
N-40,2026-01-25,61.33,10.41,P2:38:P3:31:P1:31
N-40,2026-01-26,64.63,11.23,P2:38:P3:31:P1:31
N-40,2026-01-27,68.39,10.81,P2:38:P3:31:P1:31
N-40,2026-01-28,59.56,10.85,P2:38:P3:31:P1:31
N-40,2026-01-29,66.15,10.08,P2:38:P3:31:P1:31
N-40,2026-01-30,63.44,10.64,P2:38:P3:31:P1:31
N-40,2026-01-31,63.74,10.79,P2:38:P3:31:P1:31
N-40,2026-02-01,63.13,10.48,P2:38:P3:31:P1:31
N-40,2026-02-02,63.91,10.57,P2:38:P3:31:P1:31
N-40,2026-02-03,61.19,10.4,P2:38:P3:31:P1:31
N-40,2026-02-04,60.09,10.6,P2:38:P3:31:P1:31
N-40,2026-02-05,63.08,10.19,P2:38:P3:31:P1:31
N-40,2026-02-06,64.58,10.93,P2:38:P3:31:P1:31
N-40,2026-02-07,59.76,11.09,P2:38:P3:31:P1:31
N-40,2026-02-08,64.22,10.34,P2:38:P3:31:P1:31
N-40,2026-02-09,62.3,10.99,P2:38:P3:31:P1:31
N-40,2026-02-10,59.65,10.98,P2:38:P3:31:P1:31
N-40,2026-02-11,0.0,0.0,P2:38:P3:31:P1:31
N-40,2026-02-12,64.21,10.49,P2:38:P3:31:P1:31
N-40,2026-02-13,62.33,10.97,P2:38:P3:31:P1:31
N-40,2026-02-14,66.41,11.1,P2:38:P3:31:P1:31
N-40,2026-02-15,67.43,10.45,P2:38:P3:31:P1:31
N-40,2026-02-16,58.85,10.87,P2:38:P3:31:P1:31
N-40,2026-02-17,64.97,10.1,P2:38:P3:31:P1:31
N-40,2026-02-18,62.89,9.8,P2:38:P3:31:P1:31
N-40,2026-02-19,66.83,10.25,P2:38:P3:31:P1:31
N-40,2026-02-20,66.78,10.66,P2:38:P3:31:P1:31
N-40,2026-02-21,60.14,10.83,P2:38:P3:31:P1:31
N-40,2026-02-22,61.47,10.82,P2:38:P3:31:P1:31
N-40,2026-02-23,62.72,10.65,P2:38:P3:31:P1:31
N-40,2026-02-24,60.32,10.85,P2:38:P3:31:P1:31
N-40,2026-02-25,58.79,10.99,P2:38:P3:31:P1:31
N-40,2026-02-26,64.09,11.02,P2:38:P3:31:P1:31
N-40,2026-02-27,66.57,10.29,P2:38:P3:31:P1:31
N-40,2026-02-28,63.59,10.67,P2:38:P3:31:P1:31
N-40,2026-03-01,67.53,11.17,P2:38:P3:31:P1:31
N-40,2026-03-02,60.8,11.09,P2:38:P3:31:P1:31
N-40,2026-03-03,64.85,10.67,P2:38:P3:31:P1:31
N-40,2026-03-04,63.36,10.88,P2:38:P3:31:P1:31
N-40,2026-03-05,62.23,10.47,P2:38:P3:31:P1:31
N-40,2026-03-06,64.15,10.39,P2:38:P3:31:P1:31
N-40,2026-03-07,63.44,10.77,P2:38:P3:31:P1:31
N-40,2026-03-08,62.46,10.64,P2:38:P3:31:P1:31
N-40,2026-03-09,65.05,10.76,P2:38:P3:31:P1:31
N-40,2026-03-10,62.13,10.8,P2:38:P3:31:P1:31
N-40,2026-03-11,63.19,10.33,P2:38:P3:31:P1:31
N-40,2026-03-12,60.53,10.68,P2:38:P3:31:P1:31
N-40,2026-03-13,66.05,10.69,P2:38:P3:31:P1:31
N-40,2026-03-14,62.58,11.0,P2:38:P3:31:P1:31
N-40,2026-03-15,63.61,10.95,P2:38:P3:31:P1:31
N-40,2026-03-16,66.21,11.31,P2:38:P3:31:P1:31
N-40,2026-03-17,61.99,10.54,P2:38:P3:31:P1:31
N-40,2026-03-18,63.16,10.58,P2:38:P3:31:P1:31
N-40,2026-03-19,60.37,10.51,P2:38:P3:31:P1:31
N-40,2026-03-20,64.23,10.31,P2:38:P3:31:P1:31
N-40,2026-03-21,61.34,9.93,P2:38:P3:31:P1:31
N-40,2026-03-22,64.37,10.43,P2:38:P3:31:P1:31
N-40,2026-03-23,63.56,10.74,P2:38:P3:31:P1:31
N-40,2026-03-24,58.17,10.48,P2:38:P3:31:P1:31
N-40,2026-03-25,65.11,10.74,P2:38:P3:31:P1:31
N-40,2026-03-26,63.49,10.54,P2:38:P3:31:P1:31
N-40,2026-03-27,59.56,10.19,P2:38:P3:31:P1:31
N-40,2026-03-28,69.1,10.28,P2:38:P3:31:P1:31
N-40,2026-03-29,61.37,10.65,P2:38:P3:31:P1:31
N-40,2026-03-30,61.5,10.81,P2:38:P3:31:P1:31
N-40,2026-03-31,60.75,10.46,P2:38:P3:31:P1:31
N-40,2026-04-01,58.66,10.78,P2:38:P3:31:P1:31
N-40,2026-04-02,61.79,10.19,P2:38:P3:31:P1:31
N-40,2026-04-03,66.4,10.46,P2:38:P3:31:P1:31
N-40,2026-04-04,61.07,10.83,P2:38:P3:31:P1:31
N-40,2026-04-05,64.25,10.35,P2:38:P3:31:P1:31
N-40,2026-04-06,58.65,11.19,P2:38:P3:31:P1:31
N-40,2026-04-07,61.89,10.56,P2:38:P3:31:P1:31
N-40,2026-04-08,59.98,10.79,P2:38:P3:31:P1:31
N-40,2026-04-09,62.21,10.92,P2:38:P3:31:P1:31
N-40,2026-04-10,60.85,10.8,P2:38:P3:31:P1:31
N-40,2026-04-11,70.28,10.24,P2:38:P3:31:P1:31
N-40,2026-04-12,63.05,10.81,P2:38:P3:31:P1:31
N-40,2026-04-13,63.7,10.54,P2:38:P3:31:P1:31
N-40,2026-04-14,62.71,10.3,P2:38:P3:31:P1:31
N-40,2026-04-15,67.07,10.37,P2:38:P3:31:P1:31
N-40,2026-04-16,63.75,10.27,P2:38:P3:31:P1:31
N-40,2026-04-17,61.0,10.81,P2:38:P3:31:P1:31
N-40,2026-04-18,63.46,10.34,P2:38:P3:31:P1:31
N-40,2026-04-19,59.38,10.93,P2:38:P3:31:P1:31
N-40,2026-04-20,63.79,10.63,P2:38:P3:31:P1:31
N-40,2026-04-21,63.9,10.57,P2:38:P3:31:P1:31
N-40,2026-04-22,59.4,10.39,P2:38:P3:31:P1:31
N-40,2026-04-23,61.96,10.65,P2:38:P3:31:P1:31
N-40,2026-04-24,61.8,10.58,P2:38:P3:31:P1:31
N-40,2026-04-25,60.51,10.53,P2:38:P3:31:P1:31
N-40,2026-04-26,67.87,11.06,P2:38:P3:31:P1:31
N-40,2026-04-27,64.05,10.62,P2:38:P3:31:P1:31
N-40,2026-04-28,61.26,10.3,P2:38:P3:31:P1:31
N-40,2026-04-29,62.52,10.6,P2:38:P3:31:P1:31
N-40,2026-04-30,60.55,10.38,P2:38:P3:31:P1:31
N-40,2026-05-01,65.18,10.14,P2:38:P3:31:P1:31
N-40,2026-05-02,62.21,11.36,P2:38:P3:31:P1:31
N-40,2026-05-03,66.05,10.44,P2:38:P3:31:P1:31
N-40,2026-05-04,64.21,10.67,P2:38:P3:31:P1:31
N-40,2026-05-05,65.75,10.47,P2:38:P3:31:P1:31
N-40,2026-05-06,63.66,10.86,P2:38:P3:31:P1:31
N-40,2026-05-07,61.43,10.78,P2:38:P3:31:P1:31
N-40,2026-05-08,68.26,10.73,P2:38:P3:31:P1:31
N-40,2026-05-09,62.84,10.63,P2:38:P3:31:P1:31
N-40,2026-05-10,60.22,10.96,P2:38:P3:31:P1:31
N-40,2026-05-11,61.29,10.81,P2:38:P3:31:P1:31
N-40,2026-05-12,60.68,10.57,P2:38:P3:31:P1:31
N-40,2026-05-13,62.36,10.25,P2:38:P3:31:P1:31
N-40,2026-05-14,64.99,11.03,P2:38:P3:31:P1:31
N-40,2026-05-15,63.25,10.69,P2:38:P3:31:P1:31
N-40,2026-05-16,66.2,10.4,P2:38:P3:31:P1:31
N-40,2026-05-17,67.52,9.88,P2:38:P3:31:P1:31
N-40,2026-05-18,64.48,10.52,P2:38:P3:31:P1:31
N-40,2026-05-19,64.8,10.37,P2:38:P3:31:P1:31
N-40,2026-05-20,66.67,11.11,P2:38:P3:31:P1:31
N-40,2026-05-21,64.26,10.16,P2:38:P3:31:P1:31
N-40,2026-05-22,64.83,10.63,P2:38:P3:31:P1:31
N-40,2026-05-23,61.85,10.8,P2:38:P3:31:P1:31
N-40,2026-05-24,63.42,10.74,P2:38:P3:31:P1:31
N-40,2026-05-25,66.31,10.59,P2:38:P3:31:P1:31
N-40,2026-05-26,63.66,10.82,P2:38:P3:31:P1:31
N-40,2026-05-27,66.07,10.4,P2:38:P3:31:P1:31
N-40,2026-05-28,67.67,10.98,P2:38:P3:31:P1:31
N-40,2026-05-29,62.33,10.73,P2:38:P3:31:P1:31
N-40,2026-05-30,62.13,10.47,P2:38:P3:31:P1:31
N-40,2026-05-31,60.81,10.56,P2:38:P3:31:P1:31
N-40,2026-06-01,65.6,10.61,P2:38:P3:31:P1:31
N-40,2026-06-02,58.27,10.29,P2:38:P3:31:P1:31
N-40,2026-06-03,62.76,10.44,P2:38:P3:31:P1:31
N-40,2026-06-04,63.03,11.03,P2:38:P3:31:P1:31
N-40,2026-06-05,67.0,10.49,P2:38:P3:31:P1:31
N-40,2026-06-06,59.93,11.22,P2:38:P3:31:P1:31
N-40,2026-06-07,63.84,11.09,P2:38:P3:31:P1:31
N-40,2026-06-08,68.32,10.47,P2:38:P3:31:P1:31
N-40,2026-06-09,67.82,10.29,P2:38:P3:31:P1:31
N-40,2026-06-10,65.12,10.26,P2:38:P3:31:P1:31
N-40,2026-06-11,59.78,10.75,P2:38:P3:31:P1:31
N-40,2026-06-12,64.18,10.96,P2:38:P3:31:P1:31
N-40,2026-06-13,62.99,10.77,P2:38:P3:31:P1:31
N-40,2026-06-14,60.45,10.52,P2:38:P3:31:P1:31
N-40,2026-06-15,0.0,0.0,P2:38:P3:31:P1:31
N-40,2026-06-16,63.58,10.32,P2:38:P3:31:P1:31
N-40,2026-06-17,64.43,10.94,P2:38:P3:31:P1:31
N-40,2026-06-18,62.95,10.51,P2:38:P3:31:P1:31
N-40,2026-06-19,64.99,10.86,P2:38:P3:31:P1:31
N-40,2026-06-20,64.3,11.09,P2:38:P3:31:P1:31
N-40,2026-06-21,61.58,10.67,P2:38:P3:31:P1:31
N-40,2026-06-22,57.5,11.0,P2:38:P3:31:P1:31
N-40,2026-06-23,63.45,10.88,P2:38:P3:31:P1:31
N-40,2026-06-24,56.08,10.21,P2:38:P3:31:P1:31
N-40,2026-06-25,62.93,10.56,P2:38:P3:31:P1:31
N-40,2026-06-26,64.15,10.64,P2:38:P3:31:P1:31
N-40,2026-06-27,67.81,10.66,P2:38:P3:31:P1:31
N-40,2026-06-28,56.49,10.84,P2:38:P3:31:P1:31
N-40,2026-06-29,65.79,10.68,P2:38:P3:31:P1:31
N-40,2026-06-30,63.37,10.32,P2:38:P3:31:P1:31
N-40,2026-07-01,62.0,11.14,P2:38:P3:31:P1:31
N-40,2026-07-02,64.38,10.96,P2:38:P3:31:P1:31
N-40,2026-07-03,61.98,10.39,P2:38:P3:31:P1:31
N-40,2026-07-04,62.02,10.72,P2:38:P3:31:P1:31
N-40,2026-07-05,64.23,10.7,P2:38:P3:31:P1:31
N-40,2026-07-06,62.19,10.87,P2:38:P3:31:P1:31
N-40,2026-07-07,62.33,11.21,P2:38:P3:31:P1:31
N-40,2026-07-08,58.45,10.78,P2:38:P3:31:P1:31
N-40,2026-07-09,61.83,11.4,P2:38:P3:31:P1:31
N-40,2026-07-10,61.87,10.22,P2:38:P3:31:P1:31
N-40,2026-07-11,64.55,10.34,P2:38:P3:31:P1:31
N-40,2026-07-12,62.53,10.4,P2:38:P3:31:P1:31
N-40,2026-07-13,0.0,0.0,P2:38:P3:31:P1:31
N-40,2026-07-14,62.98,10.62,P2:38:P3:31:P1:31
N-40,2026-07-15,57.33,10.46,P2:38:P3:31:P1:31
N-40,2026-07-16,64.03,10.41,P2:38:P3:31:P1:31
N-40,2026-07-17,61.3,11.21,P2:38:P3:31:P1:31
N-40,2026-07-18,65.76,10.13,P2:38:P3:31:P1:31
N-40,2026-07-19,60.53,10.74,P2:38:P3:31:P1:31
N-40,2026-07-20,63.72,10.63,P2:38:P3:31:P1:31
N-40,2026-07-21,65.22,10.69,P2:38:P3:31:P1:31
N-40,2026-07-22,63.56,10.9,P2:38:P3:31:P1:31
N-40,2026-07-23,60.75,10.3,P2:38:P3:31:P1:31
N-40,2026-07-24,64.15,10.79,P2:38:P3:31:P1:31
N-40,2026-07-25,64.94,10.12,P2:38:P3:31:P1:31
N-40,2026-07-26,65.31,9.98,P2:38:P3:31:P1:31
N-40,2026-07-27,61.12,10.42,P2:38:P3:31:P1:31
N-40,2026-07-28,61.32,10.76,P2:38:P3:31:P1:31
N-40,2026-07-29,62.76,10.76,P2:38:P3:31:P1:31
N-40,2026-07-30,62.04,10.35,P2:38:P3:31:P1:31
N-40,2026-07-31,63.18,10.67,P2:38:P3:31:P1:31
N-40,2026-08-01,60.07,11.03,P2:38:P3:31:P1:31
N-40,2026-08-02,63.14,10.75,P2:38:P3:31:P1:31
N-40,2026-08-03,61.57,10.91,P2:38:P3:31:P1:31
N-40,2026-08-04,64.91,10.26,P2:38:P3:31:P1:31
N-40,2026-08-05,61.78,10.92,P2:38:P3:31:P1:31
N-40,2026-08-06,61.66,10.43,P2:38:P3:31:P1:31
N-40,2026-08-07,65.05,10.48,P2:38:P3:31:P1:31
N-40,2026-08-08,63.41,10.76,P2:38:P3:31:P1:31
N-40,2026-08-09,61.79,11.09,P2:38:P3:31:P1:31
N-40,2026-08-10,60.36,10.24,P2:38:P3:31:P1:31
N-40,2026-08-11,64.17,11.14,P2:38:P3:31:P1:31
N-40,2026-08-12,65.54,10.84,P2:38:P3:31:P1:31
N-40,2026-08-13,63.1,10.71,P2:38:P3:31:P1:31
N-40,2026-08-14,62.33,10.61,P2:38:P3:31:P1:31
N-40,2026-08-15,60.51,11.15,P2:38:P3:31:P1:31
N-40,2026-08-16,63.13,10.35,P2:38:P3:31:P1:31
N-40,2026-08-17,62.09,10.49,P2:38:P3:31:P1:31
N-40,2026-08-18,58.85,10.63,P2:38:P3:31:P1:31
N-40,2026-08-19,62.62,10.74,P2:38:P3:31:P1:31
N-40,2026-08-20,63.42,10.73,P2:38:P3:31:P1:31
N-40,2026-08-21,58.57,10.7,P2:38:P3:31:P1:31
N-40,2026-08-22,63.47,10.99,P2:38:P3:31:P1:31
N-40,2026-08-23,63.67,10.41,P2:38:P3:31:P1:31
N-40,2026-08-24,61.73,10.2,P2:38:P3:31:P1:31
N-40,2026-08-25,66.5,10.87,P2:38:P3:31:P1:31
N-40,2026-08-26,60.61,10.77,P2:38:P3:31:P1:31
N-40,2026-08-27,61.22,10.12,P2:38:P3:31:P1:31
N-40,2026-08-28,61.63,10.23,P2:38:P3:31:P1:31
N-40,2026-08-29,64.13,10.44,P2:38:P3:31:P1:31
N-40,2026-08-30,66.97,10.85,P2:38:P3:31:P1:31
N-40,2026-08-31,62.08,11.05,P2:38:P3:31:P1:31
N-41,2025-09-01,153.01,14.03,P2:74:P1:26
N-41,2025-09-02,152.14,13.93,P2:74:P1:26
N-41,2025-09-03,162.21,13.92,P2:74:P1:26
N-41,2025-09-04,158.57,13.66,P2:74:P1:26
N-41,2025-09-05,145.78,13.84,P2:74:P1:26
N-41,2025-09-06,156.3,13.95,P2:74:P1:26
N-41,2025-09-07,158.57,14.36,P2:74:P1:26
N-41,2025-09-08,155.72,14.5,P2:74:P1:26
N-41,2025-09-09,145.2,14.1,P2:74:P1:26
N-41,2025-09-10,162.05,14.04,P2:74:P1:26
N-41,2025-09-11,149.91,13.75,P2:74:P1:26
N-41,2025-09-12,149.06,14.24,P2:74:P1:26
N-41,2025-09-13,151.68,14.58,P2:74:P1:26
N-41,2025-09-14,152.63,14.33,P2:74:P1:26
N-41,2025-09-15,157.96,14.32,P2:74:P1:26
N-41,2025-09-16,156.53,14.35,P2:74:P1:26
N-41,2025-09-17,145.87,13.77,P2:74:P1:26
N-41,2025-09-18,154.67,14.57,P2:74:P1:26
N-41,2025-09-19,150.65,15.27,P2:74:P1:26
N-41,2025-09-20,152.15,14.46,P2:74:P1:26
N-41,2025-09-21,157.62,14.1,P2:74:P1:26
N-41,2025-09-22,160.82,14.41,P2:74:P1:26
N-41,2025-09-23,154.52,13.96,P2:74:P1:26
N-41,2025-09-24,151.01,14.35,P2:74:P1:26
N-41,2025-09-25,166.99,14.42,P2:74:P1:26
N-41,2025-09-26,154.58,13.93,P2:74:P1:26
N-41,2025-09-27,157.51,13.84,P2:74:P1:26
N-41,2025-09-28,151.41,14.69,P2:74:P1:26
N-41,2025-09-29,152.38,14.33,P2:74:P1:26
N-41,2025-09-30,153.28,13.79,P2:74:P1:26
N-41,2025-10-01,152.64,14.24,P2:74:P1:26
N-41,2025-10-02,146.6,14.1,P2:74:P1:26
N-41,2025-10-03,0.0,0.0,P2:74:P1:26
N-41,2025-10-04,147.74,14.0,P2:74:P1:26
N-41,2025-10-05,159.13,13.7,P2:74:P1:26
N-41,2025-10-06,151.58,13.76,P2:74:P1:26
N-41,2025-10-07,144.44,13.75,P2:74:P1:26
N-41,2025-10-08,156.87,14.55,P2:74:P1:26
N-41,2025-10-09,160.61,14.52,P2:74:P1:26
N-41,2025-10-10,147.94,14.63,P2:74:P1:26
N-41,2025-10-11,152.2,14.71,P2:74:P1:26
N-41,2025-10-12,158.43,13.65,P2:74:P1:26
N-41,2025-10-13,155.34,14.22,P2:74:P1:26
N-41,2025-10-14,154.66,13.94,P2:74:P1:26
N-41,2025-10-15,167.46,14.3,P2:74:P1:26
N-41,2025-10-16,150.34,13.73,P2:74:P1:26
N-41,2025-10-17,164.18,13.96,P2:74:P1:26
N-41,2025-10-18,144.04,14.22,P2:74:P1:26
N-41,2025-10-19,154.25,14.39,P2:74:P1:26
N-41,2025-10-20,149.65,13.77,P2:74:P1:26
N-41,2025-10-21,163.84,14.56,P2:74:P1:26
N-41,2025-10-22,149.02,14.25,P2:74:P1:26
N-41,2025-10-23,157.15,14.17,P2:74:P1:26
N-41,2025-10-24,156.74,13.26,P2:74:P1:26
N-41,2025-10-25,148.99,13.94,P2:74:P1:26
N-41,2025-10-26,162.71,14.24,P2:74:P1:26
N-41,2025-10-27,162.22,13.93,P2:74:P1:26
N-41,2025-10-28,156.47,14.45,P2:74:P1:26
N-41,2025-10-29,163.09,14.43,P2:74:P1:26
N-41,2025-10-30,159.51,13.87,P2:74:P1:26
N-41,2025-10-31,150.1,13.86,P2:74:P1:26
N-41,2025-11-01,156.53,14.07,P2:74:P1:26
N-41,2025-11-02,151.04,14.38,P2:74:P1:26
N-41,2025-11-03,155.31,14.04,P2:74:P1:26
N-41,2025-11-04,168.52,13.93,P2:74:P1:26
N-41,2025-11-05,154.42,14.27,P2:74:P1:26
N-41,2025-11-06,164.42,13.91,P2:74:P1:26
N-41,2025-11-07,146.65,14.24,P2:74:P1:26
N-41,2025-11-08,0.0,0.0,P2:74:P1:26
N-41,2025-11-09,154.68,14.63,P2:74:P1:26
N-41,2025-11-10,161.51,13.7,P2:74:P1:26
N-41,2025-11-11,151.4,13.63,P2:74:P1:26
N-41,2025-11-12,154.96,13.79,P2:74:P1:26
N-41,2025-11-13,154.85,14.13,P2:74:P1:26
N-41,2025-11-14,148.4,13.66,P2:74:P1:26
N-41,2025-11-15,152.38,14.16,P2:74:P1:26
N-41,2025-11-16,153.89,14.23,P2:74:P1:26
N-41,2025-11-17,158.38,14.13,P2:74:P1:26
N-41,2025-11-18,149.76,13.91,P2:74:P1:26
N-41,2025-11-19,152.26,14.14,P2:74:P1:26
N-41,2025-11-20,153.66,14.14,P2:74:P1:26
N-41,2025-11-21,157.64,14.82,P2:74:P1:26
N-41,2025-11-22,149.11,14.07,P2:74:P1:26
N-41,2025-11-23,158.52,13.85,P2:74:P1:26
N-41,2025-11-24,149.07,14.41,P2:74:P1:26
N-41,2025-11-25,156.82,14.23,P2:74:P1:26
N-41,2025-11-26,156.99,14.42,P2:74:P1:26
N-41,2025-11-27,154.74,14.07,P2:74:P1:26
N-41,2025-11-28,157.95,14.39,P2:74:P1:26
N-41,2025-11-29,147.88,14.16,P2:74:P1:26
N-41,2025-11-30,154.76,14.18,P2:74:P1:26
N-41,2025-12-01,148.51,14.27,P2:74:P1:26
N-41,2025-12-02,156.22,14.5,P2:74:P1:26
N-41,2025-12-03,138.38,13.84,P2:74:P1:26
N-41,2025-12-04,159.12,14.34,P2:74:P1:26
N-41,2025-12-05,154.06,14.18,P2:74:P1:26
N-41,2025-12-06,140.07,13.92,P2:74:P1:26
N-41,2025-12-07,152.5,14.2,P2:74:P1:26
N-41,2025-12-08,146.12,14.47,P2:74:P1:26
N-41,2025-12-09,159.37,13.97,P2:74:P1:26
N-41,2025-12-10,143.84,14.44,P2:74:P1:26
N-41,2025-12-11,159.19,14.47,P2:74:P1:26
N-41,2025-12-12,162.33,14.96,P2:74:P1:26
N-41,2025-12-13,157.48,14.24,P2:74:P1:26
N-41,2025-12-14,154.89,14.09,P2:74:P1:26
N-41,2025-12-15,149.09,14.38,P2:74:P1:26
N-41,2025-12-16,154.46,14.37,P2:74:P1:26
N-41,2025-12-17,163.54,13.72,P2:74:P1:26
N-41,2025-12-18,164.36,13.91,P2:74:P1:26
N-41,2025-12-19,148.08,14.24,P2:74:P1:26
N-41,2025-12-20,156.46,14.56,P2:74:P1:26
N-41,2025-12-21,160.23,14.31,P2:74:P1:26
N-41,2025-12-22,145.57,14.24,P2:74:P1:26
N-41,2025-12-23,155.49,13.88,P2:74:P1:26
N-41,2025-12-24,154.33,14.28,P2:74:P1:26
N-41,2025-12-25,155.12,14.36,P2:74:P1:26
N-41,2025-12-26,0.0,0.0,P2:74:P1:26
N-41,2025-12-27,167.35,14.17,P2:74:P1:26
N-41,2025-12-28,162.95,13.89,P2:74:P1:26
N-41,2025-12-29,156.15,14.55,P2:74:P1:26
N-41,2025-12-30,149.42,14.12,P2:74:P1:26
N-41,2025-12-31,161.61,14.26,P2:74:P1:26
N-41,2026-01-01,169.67,14.12,P2:74:P1:26
N-41,2026-01-02,161.17,14.11,P2:74:P1:26
N-41,2026-01-03,165.13,14.49,P2:74:P1:26
N-41,2026-01-04,157.91,14.64,P2:74:P1:26
N-41,2026-01-05,156.68,14.16,P2:74:P1:26
N-41,2026-01-06,153.98,14.54,P2:74:P1:26
N-41,2026-01-07,145.27,14.51,P2:74:P1:26
N-41,2026-01-08,144.33,14.28,P2:74:P1:26
N-41,2026-01-09,159.69,14.39,P2:74:P1:26
N-41,2026-01-10,159.92,14.36,P2:74:P1:26
N-41,2026-01-11,166.47,14.73,P2:74:P1:26
N-41,2026-01-12,164.18,13.98,P2:74:P1:26
N-41,2026-01-13,141.12,14.25,P2:74:P1:26
N-41,2026-01-14,154.88,14.27,P2:74:P1:26
N-41,2026-01-15,155.16,14.47,P2:74:P1:26
N-41,2026-01-16,157.35,13.77,P2:74:P1:26
N-41,2026-01-17,152.54,13.98,P2:74:P1:26
N-41,2026-01-18,148.73,14.02,P2:74:P1:26
N-41,2026-01-19,150.22,14.22,P2:74:P1:26
N-41,2026-01-20,156.34,14.62,P2:74:P1:26
N-41,2026-01-21,154.56,14.09,P2:74:P1:26
N-41,2026-01-22,156.64,14.06,P2:74:P1:26
N-41,2026-01-23,149.32,13.91,P2:74:P1:26
N-41,2026-01-24,151.11,14.3,P2:74:P1:26
N-41,2026-01-25,156.2,14.22,P2:74:P1:26
N-41,2026-01-26,152.58,14.19,P2:74:P1:26
N-41,2026-01-27,155.26,13.99,P2:74:P1:26
N-41,2026-01-28,152.47,14.07,P2:74:P1:26
N-41,2026-01-29,149.31,14.17,P2:74:P1:26
N-41,2026-01-30,151.09,14.16,P2:74:P1:26
N-41,2026-01-31,150.82,14.31,P2:74:P1:26
N-41,2026-02-01,157.05,14.24,P2:74:P1:26
N-41,2026-02-02,155.17,14.41,P2:74:P1:26
N-41,2026-02-03,157.25,14.42,P2:74:P1:26
N-41,2026-02-04,156.72,13.84,P2:74:P1:26
N-41,2026-02-05,152.58,14.53,P2:74:P1:26
N-41,2026-02-06,166.99,13.9,P2:74:P1:26
N-41,2026-02-07,156.88,14.11,P2:74:P1:26
N-41,2026-02-08,158.6,13.92,P2:74:P1:26
N-41,2026-02-09,155.16,14.05,P2:74:P1:26
N-41,2026-02-10,160.83,14.4,P2:74:P1:26
N-41,2026-02-11,153.64,14.45,P2:74:P1:26
N-41,2026-02-12,152.22,13.88,P2:74:P1:26
N-41,2026-02-13,146.59,13.73,P2:74:P1:26
N-41,2026-02-14,156.49,13.84,P2:74:P1:26
N-41,2026-02-15,156.71,13.74,P2:74:P1:26
N-41,2026-02-16,153.55,14.07,P2:74:P1:26
N-41,2026-02-17,153.2,13.79,P2:74:P1:26
N-41,2026-02-18,152.86,14.26,P2:74:P1:26
N-41,2026-02-19,144.71,13.93,P2:74:P1:26
N-41,2026-02-20,147.32,14.13,P2:74:P1:26
N-41,2026-02-21,146.6,13.96,P2:74:P1:26
N-41,2026-02-22,152.24,13.99,P2:74:P1:26
N-41,2026-02-23,158.8,13.89,P2:74:P1:26
N-41,2026-02-24,154.74,14.23,P2:74:P1:26
N-41,2026-02-25,154.32,14.06,P2:74:P1:26
N-41,2026-02-26,147.5,13.81,P2:74:P1:26
N-41,2026-02-27,154.29,14.22,P2:74:P1:26
N-41,2026-02-28,147.4,14.41,P2:74:P1:26
N-41,2026-03-01,150.9,14.6,P2:74:P1:26
N-41,2026-03-02,148.0,14.42,P2:74:P1:26
N-41,2026-03-03,153.92,14.51,P2:74:P1:26
N-41,2026-03-04,153.41,14.62,P2:74:P1:26
N-41,2026-03-05,142.75,14.72,P2:74:P1:26
N-41,2026-03-06,158.17,14.42,P2:74:P1:26
N-41,2026-03-07,167.39,14.13,P2:74:P1:26
N-41,2026-03-08,149.07,14.58,P2:74:P1:26
N-41,2026-03-09,140.58,14.2,P2:74:P1:26
N-41,2026-03-10,162.35,14.33,P2:74:P1:26
N-41,2026-03-11,155.93,14.07,P2:74:P1:26
N-41,2026-03-12,159.54,14.65,P2:74:P1:26
N-41,2026-03-13,147.25,14.18,P2:74:P1:26
N-41,2026-03-14,161.96,14.02,P2:74:P1:26
N-41,2026-03-15,161.33,14.58,P2:74:P1:26
N-41,2026-03-16,154.41,14.45,P2:74:P1:26
N-41,2026-03-17,152.03,13.78,P2:74:P1:26
N-41,2026-03-18,168.1,14.19,P2:74:P1:26
N-41,2026-03-19,157.86,13.87,P2:74:P1:26
N-41,2026-03-20,164.84,13.96,P2:74:P1:26
N-41,2026-03-21,145.01,13.91,P2:74:P1:26
N-41,2026-03-22,153.08,14.9,P2:74:P1:26
N-41,2026-03-23,159.63,13.99,P2:74:P1:26
N-41,2026-03-24,149.97,13.92,P2:74:P1:26
N-41,2026-03-25,155.91,13.8,P2:74:P1:26
N-41,2026-03-26,156.49,14.35,P2:74:P1:26
N-41,2026-03-27,162.6,14.07,P2:74:P1:26
N-41,2026-03-28,144.52,14.19,P2:74:P1:26
N-41,2026-03-29,151.05,14.5,P2:74:P1:26
N-41,2026-03-30,164.29,13.93,P2:74:P1:26
N-41,2026-03-31,148.74,13.59,P2:74:P1:26
N-41,2026-04-01,164.78,14.44,P2:74:P1:26
N-41,2026-04-02,153.36,13.96,P2:74:P1:26
N-41,2026-04-03,160.26,13.98,P2:74:P1:26
N-41,2026-04-04,159.38,13.99,P2:74:P1:26
N-41,2026-04-05,163.84,14.29,P2:74:P1:26
N-41,2026-04-06,156.45,14.85,P2:74:P1:26
N-41,2026-04-07,163.62,14.08,P2:74:P1:26
N-41,2026-04-08,158.91,14.32,P2:74:P1:26
N-41,2026-04-09,162.45,14.29,P2:74:P1:26
N-41,2026-04-10,154.2,14.12,P2:74:P1:26
N-41,2026-04-11,160.09,14.4,P2:74:P1:26
N-41,2026-04-12,163.89,13.96,P2:74:P1:26
N-41,2026-04-13,165.03,14.46,P2:74:P1:26
N-41,2026-04-14,148.08,13.73,P2:74:P1:26
N-41,2026-04-15,154.3,14.21,P2:74:P1:26
N-41,2026-04-16,0.0,0.0,P2:74:P1:26
N-41,2026-04-17,154.74,14.43,P2:74:P1:26
N-41,2026-04-18,159.97,14.16,P2:74:P1:26
N-41,2026-04-19,153.67,14.42,P2:74:P1:26
N-41,2026-04-20,149.23,14.15,P2:74:P1:26
N-41,2026-04-21,150.65,14.8,P2:74:P1:26
N-41,2026-04-22,147.26,14.85,P2:74:P1:26
N-41,2026-04-23,153.34,14.28,P2:74:P1:26
N-41,2026-04-24,161.96,14.22,P2:74:P1:26
N-41,2026-04-25,152.58,14.07,P2:74:P1:26
N-41,2026-04-26,151.49,14.11,P2:74:P1:26
N-41,2026-04-27,158.45,14.4,P2:74:P1:26
N-41,2026-04-28,148.63,14.48,P2:74:P1:26
N-41,2026-04-29,149.65,13.88,P2:74:P1:26
N-41,2026-04-30,154.38,14.57,P2:74:P1:26
N-41,2026-05-01,150.67,14.3,P2:74:P1:26
N-41,2026-05-02,160.66,14.04,P2:74:P1:26
N-41,2026-05-03,151.73,13.65,P2:74:P1:26
N-41,2026-05-04,154.7,14.0,P2:74:P1:26
N-41,2026-05-05,150.45,14.11,P2:74:P1:26
N-41,2026-05-06,143.48,14.49,P2:74:P1:26
N-41,2026-05-07,157.61,13.73,P2:74:P1:26
N-41,2026-05-08,160.81,14.13,P2:74:P1:26
N-41,2026-05-09,166.2,13.86,P2:74:P1:26
N-41,2026-05-10,155.29,14.02,P2:74:P1:26
N-41,2026-05-11,157.05,13.92,P2:74:P1:26
N-41,2026-05-12,143.58,14.76,P2:74:P1:26
N-41,2026-05-13,156.25,13.88,P2:74:P1:26
N-41,2026-05-14,158.04,14.23,P2:74:P1:26
N-41,2026-05-15,161.44,13.97,P2:74:P1:26
N-41,2026-05-16,157.01,14.19,P2:74:P1:26
N-41,2026-05-17,160.89,14.01,P2:74:P1:26
N-41,2026-05-18,149.56,14.56,P2:74:P1:26
N-41,2026-05-19,156.15,14.0,P2:74:P1:26
N-41,2026-05-20,154.57,14.18,P2:74:P1:26
N-41,2026-05-21,158.65,14.09,P2:74:P1:26
N-41,2026-05-22,149.43,14.17,P2:74:P1:26
N-41,2026-05-23,166.04,13.69,P2:74:P1:26
N-41,2026-05-24,139.43,14.28,P2:74:P1:26
N-41,2026-05-25,152.56,13.49,P2:74:P1:26
N-41,2026-05-26,157.3,14.36,P2:74:P1:26
N-41,2026-05-27,160.29,13.61,P2:74:P1:26
N-41,2026-05-28,154.79,13.94,P2:74:P1:26
N-41,2026-05-29,161.23,13.63,P2:74:P1:26
N-41,2026-05-30,153.2,14.3,P2:74:P1:26
N-41,2026-05-31,153.03,13.93,P2:74:P1:26
N-41,2026-06-01,147.18,14.14,P2:74:P1:26
N-41,2026-06-02,151.07,13.98,P2:74:P1:26
N-41,2026-06-03,149.87,13.96,P2:74:P1:26
N-41,2026-06-04,138.53,14.54,P2:74:P1:26
N-41,2026-06-05,149.59,13.8,P2:74:P1:26
N-41,2026-06-06,157.52,14.0,P2:74:P1:26
N-41,2026-06-07,153.78,14.68,P2:74:P1:26
N-41,2026-06-08,154.07,14.24,P2:74:P1:26
N-41,2026-06-09,150.26,14.38,P2:74:P1:26
N-41,2026-06-10,164.53,13.98,P2:74:P1:26
N-41,2026-06-11,157.55,14.11,P2:74:P1:26
N-41,2026-06-12,157.1,14.32,P2:74:P1:26
N-41,2026-06-13,161.67,13.76,P2:74:P1:26
N-41,2026-06-14,146.96,14.3,P2:74:P1:26
N-41,2026-06-15,161.19,14.16,P2:74:P1:26
N-41,2026-06-16,163.1,13.74,P2:74:P1:26
N-41,2026-06-17,149.66,14.1,P2:74:P1:26
N-41,2026-06-18,148.59,14.16,P2:74:P1:26
N-41,2026-06-19,175.24,13.81,P2:74:P1:26
N-41,2026-06-20,160.13,14.34,P2:74:P1:26
N-41,2026-06-21,144.62,13.84,P2:74:P1:26
N-41,2026-06-22,152.91,14.59,P2:74:P1:26
N-41,2026-06-23,153.66,13.82,P2:74:P1:26
N-41,2026-06-24,150.85,13.92,P2:74:P1:26
N-41,2026-06-25,150.44,14.18,P2:74:P1:26
N-41,2026-06-26,147.7,14.22,P2:74:P1:26
N-41,2026-06-27,159.31,14.78,P2:74:P1:26
N-41,2026-06-28,159.38,13.96,P2:74:P1:26
N-41,2026-06-29,150.94,14.04,P2:74:P1:26
N-41,2026-06-30,148.27,14.33,P2:74:P1:26
N-41,2026-07-01,147.33,14.11,P2:74:P1:26
N-41,2026-07-02,150.12,13.97,P2:74:P1:26
N-41,2026-07-03,158.01,14.47,P2:74:P1:26
N-41,2026-07-04,154.81,13.81,P2:74:P1:26
N-41,2026-07-05,160.29,14.01,P2:74:P1:26
N-41,2026-07-06,163.37,14.1,P2:74:P1:26
N-41,2026-07-07,149.06,14.14,P2:74:P1:26
N-41,2026-07-08,142.55,14.69,P2:74:P1:26
N-41,2026-07-09,153.27,14.23,P2:74:P1:26
N-41,2026-07-10,156.78,14.37,P2:74:P1:26
N-41,2026-07-11,154.9,14.54,P2:74:P1:26
N-41,2026-07-12,150.09,13.8,P2:74:P1:26
N-41,2026-07-13,146.57,14.13,P2:74:P1:26
N-41,2026-07-14,143.16,13.86,P2:74:P1:26
N-41,2026-07-15,149.69,14.25,P2:74:P1:26
N-41,2026-07-16,160.6,13.9,P2:74:P1:26
N-41,2026-07-17,151.96,14.22,P2:74:P1:26
N-41,2026-07-18,148.43,13.91,P2:74:P1:26
N-41,2026-07-19,160.97,14.89,P2:74:P1:26
N-41,2026-07-20,0.0,0.0,P2:74:P1:26
N-41,2026-07-21,153.18,13.77,P2:74:P1:26
N-41,2026-07-22,157.07,14.76,P2:74:P1:26
N-41,2026-07-23,143.19,14.73,P2:74:P1:26
N-41,2026-07-24,152.31,14.22,P2:74:P1:26
N-41,2026-07-25,158.96,14.09,P2:74:P1:26
N-41,2026-07-26,157.38,14.13,P2:74:P1:26
N-41,2026-07-27,147.47,14.33,P2:74:P1:26
N-41,2026-07-28,155.78,13.99,P2:74:P1:26
N-41,2026-07-29,153.61,13.87,P2:74:P1:26
N-41,2026-07-30,158.86,13.95,P2:74:P1:26
N-41,2026-07-31,158.4,14.09,P2:74:P1:26
N-41,2026-08-01,163.64,14.36,P2:74:P1:26
N-41,2026-08-02,153.35,14.22,P2:74:P1:26
N-41,2026-08-03,153.65,13.85,P2:74:P1:26
N-41,2026-08-04,149.44,14.05,P2:74:P1:26
N-41,2026-08-05,151.22,14.85,P2:74:P1:26
N-41,2026-08-06,158.48,14.02,P2:74:P1:26
N-41,2026-08-07,152.21,14.0,P2:74:P1:26
N-41,2026-08-08,150.97,13.99,P2:74:P1:26
N-41,2026-08-09,0.0,0.0,P2:74:P1:26
N-41,2026-08-10,160.03,14.19,P2:74:P1:26
N-41,2026-08-11,151.74,14.32,P2:74:P1:26
N-41,2026-08-12,160.18,14.38,P2:74:P1:26
N-41,2026-08-13,153.25,14.26,P2:74:P1:26
N-41,2026-08-14,161.54,14.06,P2:74:P1:26
N-41,2026-08-15,162.02,14.44,P2:74:P1:26
N-41,2026-08-16,140.18,14.39,P2:74:P1:26
N-41,2026-08-17,161.94,13.98,P2:74:P1:26
N-41,2026-08-18,157.12,14.05,P2:74:P1:26
N-41,2026-08-19,159.39,13.89,P2:74:P1:26
N-41,2026-08-20,149.43,14.03,P2:74:P1:26
N-41,2026-08-21,147.38,14.48,P2:74:P1:26
N-41,2026-08-22,151.27,14.18,P2:74:P1:26
N-41,2026-08-23,155.03,14.1,P2:74:P1:26
N-41,2026-08-24,160.4,14.21,P2:74:P1:26
N-41,2026-08-25,159.32,14.08,P2:74:P1:26
N-41,2026-08-26,155.68,14.28,P2:74:P1:26
N-41,2026-08-27,160.53,14.15,P2:74:P1:26
N-41,2026-08-28,148.07,14.4,P2:74:P1:26
N-41,2026-08-29,163.33,14.61,P2:74:P1:26
N-41,2026-08-30,159.79,14.4,P2:74:P1:26
N-41,2026-08-31,161.4,14.17,P2:74:P1:26
N-42,2025-09-01,76.23,16.18,P2:40:P3:33:P1:27
N-42,2025-09-02,71.3,16.01,P2:40:P3:33:P1:27
N-42,2025-09-03,70.11,16.03,P2:40:P3:33:P1:27
N-42,2025-09-04,73.29,16.2,P2:40:P3:33:P1:27
N-42,2025-09-05,68.12,15.79,P2:40:P3:33:P1:27
N-42,2025-09-06,71.88,15.77,P2:40:P3:33:P1:27
N-42,2025-09-07,70.86,15.96,P2:40:P3:33:P1:27
N-42,2025-09-08,71.14,16.71,P2:40:P3:33:P1:27
N-42,2025-09-09,74.56,15.95,P2:40:P3:33:P1:27
N-42,2025-09-10,70.13,15.75,P2:40:P3:33:P1:27
N-42,2025-09-11,70.43,16.61,P2:40:P3:33:P1:27
N-42,2025-09-12,68.32,15.82,P2:40:P3:33:P1:27
N-42,2025-09-13,67.95,15.74,P2:40:P3:33:P1:27
N-42,2025-09-14,76.36,16.25,P2:40:P3:33:P1:27
N-42,2025-09-15,70.97,15.9,P2:40:P3:33:P1:27
N-42,2025-09-16,69.65,16.5,P2:40:P3:33:P1:27
N-42,2025-09-17,73.19,16.0,P2:40:P3:33:P1:27
N-42,2025-09-18,71.86,15.39,P2:40:P3:33:P1:27
N-42,2025-09-19,75.46,16.38,P2:40:P3:33:P1:27
N-42,2025-09-20,73.19,16.29,P2:40:P3:33:P1:27
N-42,2025-09-21,63.95,15.68,P2:40:P3:33:P1:27
N-42,2025-09-22,66.89,16.22,P2:40:P3:33:P1:27
N-42,2025-09-23,73.59,16.26,P2:40:P3:33:P1:27
N-42,2025-09-24,72.18,16.21,P2:40:P3:33:P1:27
N-42,2025-09-25,74.74,16.04,P2:40:P3:33:P1:27
N-42,2025-09-26,74.51,16.64,P2:40:P3:33:P1:27
N-42,2025-09-27,69.9,16.62,P2:40:P3:33:P1:27
N-42,2025-09-28,71.71,16.41,P2:40:P3:33:P1:27
N-42,2025-09-29,68.25,16.18,P2:40:P3:33:P1:27
N-42,2025-09-30,66.37,16.3,P2:40:P3:33:P1:27
N-42,2025-10-01,69.85,15.8,P2:40:P3:33:P1:27
N-42,2025-10-02,68.48,16.18,P2:40:P3:33:P1:27
N-42,2025-10-03,0.0,0.0,P2:40:P3:33:P1:27
N-42,2025-10-04,76.83,16.32,P2:40:P3:33:P1:27
N-42,2025-10-05,74.49,15.6,P2:40:P3:33:P1:27
N-42,2025-10-06,68.34,15.91,P2:40:P3:33:P1:27
N-42,2025-10-07,0.0,0.0,P2:40:P3:33:P1:27
N-42,2025-10-08,68.23,15.96,P2:40:P3:33:P1:27
N-42,2025-10-09,74.92,16.3,P2:40:P3:33:P1:27
N-42,2025-10-10,69.64,16.46,P2:40:P3:33:P1:27
N-42,2025-10-11,72.18,15.87,P2:40:P3:33:P1:27
N-42,2025-10-12,71.03,16.07,P2:40:P3:33:P1:27
N-42,2025-10-13,72.91,16.6,P2:40:P3:33:P1:27
N-42,2025-10-14,72.85,15.7,P2:40:P3:33:P1:27
N-42,2025-10-15,72.5,15.63,P2:40:P3:33:P1:27
N-42,2025-10-16,75.16,15.98,P2:40:P3:33:P1:27
N-42,2025-10-17,65.24,16.22,P2:40:P3:33:P1:27
N-42,2025-10-18,70.25,15.84,P2:40:P3:33:P1:27
N-42,2025-10-19,70.09,16.57,P2:40:P3:33:P1:27
N-42,2025-10-20,68.95,16.07,P2:40:P3:33:P1:27
N-42,2025-10-21,67.11,16.77,P2:40:P3:33:P1:27
N-42,2025-10-22,70.68,15.92,P2:40:P3:33:P1:27
N-42,2025-10-23,68.41,16.49,P2:40:P3:33:P1:27
N-42,2025-10-24,71.85,15.77,P2:40:P3:33:P1:27
N-42,2025-10-25,73.39,16.38,P2:40:P3:33:P1:27
N-42,2025-10-26,75.37,16.01,P2:40:P3:33:P1:27
N-42,2025-10-27,72.37,16.61,P2:40:P3:33:P1:27
N-42,2025-10-28,72.02,16.06,P2:40:P3:33:P1:27
N-42,2025-10-29,70.03,16.41,P2:40:P3:33:P1:27
N-42,2025-10-30,69.89,16.72,P2:40:P3:33:P1:27
N-42,2025-10-31,74.13,16.11,P2:40:P3:33:P1:27
N-42,2025-11-01,75.42,16.48,P2:40:P3:33:P1:27
N-42,2025-11-02,70.48,15.78,P2:40:P3:33:P1:27
N-42,2025-11-03,71.88,16.16,P2:40:P3:33:P1:27
N-42,2025-11-04,68.84,16.02,P2:40:P3:33:P1:27
N-42,2025-11-05,71.32,16.23,P2:40:P3:33:P1:27
N-42,2025-11-06,71.23,15.65,P2:40:P3:33:P1:27
N-42,2025-11-07,71.01,15.82,P2:40:P3:33:P1:27
N-42,2025-11-08,71.26,15.82,P2:40:P3:33:P1:27
N-42,2025-11-09,71.26,15.74,P2:40:P3:33:P1:27
N-42,2025-11-10,72.08,16.22,P2:40:P3:33:P1:27
N-42,2025-11-11,71.58,16.0,P2:40:P3:33:P1:27
N-42,2025-11-12,71.8,15.94,P2:40:P3:33:P1:27
N-42,2025-11-13,74.73,15.71,P2:40:P3:33:P1:27
N-42,2025-11-14,0.0,0.0,P2:40:P3:33:P1:27
N-42,2025-11-15,73.94,16.48,P2:40:P3:33:P1:27
N-42,2025-11-16,68.5,15.98,P2:40:P3:33:P1:27
N-42,2025-11-17,73.31,16.21,P2:40:P3:33:P1:27
N-42,2025-11-18,73.28,15.85,P2:40:P3:33:P1:27
N-42,2025-11-19,73.35,16.51,P2:40:P3:33:P1:27
N-42,2025-11-20,72.65,16.28,P2:40:P3:33:P1:27
N-42,2025-11-21,71.25,16.0,P2:40:P3:33:P1:27
N-42,2025-11-22,72.27,16.06,P2:40:P3:33:P1:27
N-42,2025-11-23,70.23,16.25,P2:40:P3:33:P1:27
N-42,2025-11-24,71.11,16.66,P2:40:P3:33:P1:27
N-42,2025-11-25,73.62,16.75,P2:40:P3:33:P1:27
N-42,2025-11-26,68.09,16.1,P2:40:P3:33:P1:27
N-42,2025-11-27,77.39,16.2,P2:40:P3:33:P1:27
N-42,2025-11-28,73.35,16.21,P2:40:P3:33:P1:27
N-42,2025-11-29,68.78,15.88,P2:40:P3:33:P1:27
N-42,2025-11-30,72.33,16.03,P2:40:P3:33:P1:27
N-42,2025-12-01,73.99,16.04,P2:40:P3:33:P1:27
N-42,2025-12-02,74.9,16.24,P2:40:P3:33:P1:27
N-42,2025-12-03,71.51,16.15,P2:40:P3:33:P1:27
N-42,2025-12-04,70.78,15.97,P2:40:P3:33:P1:27
N-42,2025-12-05,70.63,16.2,P2:40:P3:33:P1:27
N-42,2025-12-06,71.61,16.29,P2:40:P3:33:P1:27
N-42,2025-12-07,74.04,16.35,P2:40:P3:33:P1:27
N-42,2025-12-08,71.33,16.33,P2:40:P3:33:P1:27
N-42,2025-12-09,67.82,16.15,P2:40:P3:33:P1:27
N-42,2025-12-10,79.03,16.03,P2:40:P3:33:P1:27
N-42,2025-12-11,72.52,16.16,P2:40:P3:33:P1:27
N-42,2025-12-12,73.45,15.61,P2:40:P3:33:P1:27
N-42,2025-12-13,70.19,16.95,P2:40:P3:33:P1:27
N-42,2025-12-14,70.87,15.79,P2:40:P3:33:P1:27
N-42,2025-12-15,71.68,16.05,P2:40:P3:33:P1:27
N-42,2025-12-16,74.28,16.23,P2:40:P3:33:P1:27
N-42,2025-12-17,66.11,15.21,P2:40:P3:33:P1:27
N-42,2025-12-18,71.39,16.08,P2:40:P3:33:P1:27
N-42,2025-12-19,70.81,16.01,P2:40:P3:33:P1:27
N-42,2025-12-20,73.91,15.82,P2:40:P3:33:P1:27
N-42,2025-12-21,72.67,16.31,P2:40:P3:33:P1:27
N-42,2025-12-22,70.89,16.52,P2:40:P3:33:P1:27
N-42,2025-12-23,72.24,16.5,P2:40:P3:33:P1:27
N-42,2025-12-24,70.62,15.74,P2:40:P3:33:P1:27
N-42,2025-12-25,73.59,16.37,P2:40:P3:33:P1:27
N-42,2025-12-26,72.02,16.31,P2:40:P3:33:P1:27
N-42,2025-12-27,71.55,16.55,P2:40:P3:33:P1:27
N-42,2025-12-28,74.57,16.42,P2:40:P3:33:P1:27
N-42,2025-12-29,72.42,16.57,P2:40:P3:33:P1:27
N-42,2025-12-30,68.13,16.06,P2:40:P3:33:P1:27
N-42,2025-12-31,71.33,15.83,P2:40:P3:33:P1:27
N-42,2026-01-01,72.3,15.7,P2:40:P3:33:P1:27
N-42,2026-01-02,71.24,16.12,P2:40:P3:33:P1:27
N-42,2026-01-03,69.62,16.32,P2:40:P3:33:P1:27
N-42,2026-01-04,70.62,16.36,P2:40:P3:33:P1:27
N-42,2026-01-05,70.8,16.05,P2:40:P3:33:P1:27
N-42,2026-01-06,71.66,16.03,P2:40:P3:33:P1:27
N-42,2026-01-07,70.84,16.26,P2:40:P3:33:P1:27
N-42,2026-01-08,71.72,16.27,P2:40:P3:33:P1:27
N-42,2026-01-09,69.62,16.01,P2:40:P3:33:P1:27
N-42,2026-01-10,67.0,16.59,P2:40:P3:33:P1:27
N-42,2026-01-11,68.48,16.34,P2:40:P3:33:P1:27
N-42,2026-01-12,70.83,16.38,P2:40:P3:33:P1:27
N-42,2026-01-13,71.75,15.84,P2:40:P3:33:P1:27
N-42,2026-01-14,76.86,16.44,P2:40:P3:33:P1:27
N-42,2026-01-15,69.13,16.49,P2:40:P3:33:P1:27
N-42,2026-01-16,66.09,16.42,P2:40:P3:33:P1:27
N-42,2026-01-17,70.86,16.47,P2:40:P3:33:P1:27
N-42,2026-01-18,69.42,15.74,P2:40:P3:33:P1:27
N-42,2026-01-19,73.52,16.52,P2:40:P3:33:P1:27
N-42,2026-01-20,71.16,15.82,P2:40:P3:33:P1:27
N-42,2026-01-21,73.04,16.33,P2:40:P3:33:P1:27
N-42,2026-01-22,69.96,15.92,P2:40:P3:33:P1:27
N-42,2026-01-23,73.92,16.19,P2:40:P3:33:P1:27
N-42,2026-01-24,71.48,16.29,P2:40:P3:33:P1:27
N-42,2026-01-25,73.55,16.44,P2:40:P3:33:P1:27
N-42,2026-01-26,73.83,16.63,P2:40:P3:33:P1:27
N-42,2026-01-27,69.32,15.95,P2:40:P3:33:P1:27
N-42,2026-01-28,68.12,16.74,P2:40:P3:33:P1:27
N-42,2026-01-29,70.88,16.58,P2:40:P3:33:P1:27
N-42,2026-01-30,71.87,15.94,P2:40:P3:33:P1:27
N-42,2026-01-31,72.45,15.7,P2:40:P3:33:P1:27
N-42,2026-02-01,68.07,15.9,P2:40:P3:33:P1:27
N-42,2026-02-02,77.54,15.34,P2:40:P3:33:P1:27
N-42,2026-02-03,70.96,15.93,P2:40:P3:33:P1:27
N-42,2026-02-04,71.53,15.72,P2:40:P3:33:P1:27
N-42,2026-02-05,68.88,15.59,P2:40:P3:33:P1:27
N-42,2026-02-06,71.16,16.27,P2:40:P3:33:P1:27
N-42,2026-02-07,70.07,16.44,P2:40:P3:33:P1:27
N-42,2026-02-08,72.65,16.03,P2:40:P3:33:P1:27
N-42,2026-02-09,70.49,16.32,P2:40:P3:33:P1:27
N-42,2026-02-10,65.64,16.32,P2:40:P3:33:P1:27
N-42,2026-02-11,71.24,16.49,P2:40:P3:33:P1:27
N-42,2026-02-12,68.42,15.81,P2:40:P3:33:P1:27
N-42,2026-02-13,70.68,16.47,P2:40:P3:33:P1:27
N-42,2026-02-14,73.05,16.03,P2:40:P3:33:P1:27
N-42,2026-02-15,68.51,15.71,P2:40:P3:33:P1:27
N-42,2026-02-16,72.35,15.79,P2:40:P3:33:P1:27
N-42,2026-02-17,0.0,0.0,P2:40:P3:33:P1:27
N-42,2026-02-18,71.76,16.34,P2:40:P3:33:P1:27
N-42,2026-02-19,68.98,15.93,P2:40:P3:33:P1:27
N-42,2026-02-20,70.25,16.1,P2:40:P3:33:P1:27
N-42,2026-02-21,69.42,16.27,P2:40:P3:33:P1:27
N-42,2026-02-22,74.18,16.51,P2:40:P3:33:P1:27
N-42,2026-02-23,74.03,16.2,P2:40:P3:33:P1:27
N-42,2026-02-24,72.67,15.8,P2:40:P3:33:P1:27
N-42,2026-02-25,71.87,16.51,P2:40:P3:33:P1:27
N-42,2026-02-26,73.31,16.79,P2:40:P3:33:P1:27
N-42,2026-02-27,0.0,0.0,P2:40:P3:33:P1:27
N-42,2026-02-28,72.44,15.76,P2:40:P3:33:P1:27
N-42,2026-03-01,77.14,15.99,P2:40:P3:33:P1:27
N-42,2026-03-02,71.5,16.59,P2:40:P3:33:P1:27
N-42,2026-03-03,68.98,16.25,P2:40:P3:33:P1:27
N-42,2026-03-04,70.96,16.29,P2:40:P3:33:P1:27
N-42,2026-03-05,73.94,15.92,P2:40:P3:33:P1:27
N-42,2026-03-06,73.47,16.18,P2:40:P3:33:P1:27
N-42,2026-03-07,69.11,15.99,P2:40:P3:33:P1:27
N-42,2026-03-08,78.4,16.19,P2:40:P3:33:P1:27
N-42,2026-03-09,70.32,16.23,P2:40:P3:33:P1:27
N-42,2026-03-10,71.68,16.15,P2:40:P3:33:P1:27
N-42,2026-03-11,68.26,16.48,P2:40:P3:33:P1:27
N-42,2026-03-12,77.51,15.96,P2:40:P3:33:P1:27
N-42,2026-03-13,70.25,15.8,P2:40:P3:33:P1:27
N-42,2026-03-14,75.22,16.25,P2:40:P3:33:P1:27
N-42,2026-03-15,72.53,15.53,P2:40:P3:33:P1:27
N-42,2026-03-16,75.23,16.4,P2:40:P3:33:P1:27
N-42,2026-03-17,66.76,15.91,P2:40:P3:33:P1:27
N-42,2026-03-18,0.0,0.0,P2:40:P3:33:P1:27
N-42,2026-03-19,72.79,15.91,P2:40:P3:33:P1:27
N-42,2026-03-20,70.13,16.03,P2:40:P3:33:P1:27
N-42,2026-03-21,74.8,15.82,P2:40:P3:33:P1:27
N-42,2026-03-22,72.09,16.41,P2:40:P3:33:P1:27
N-42,2026-03-23,71.51,16.57,P2:40:P3:33:P1:27
N-42,2026-03-24,73.06,15.72,P2:40:P3:33:P1:27
N-42,2026-03-25,66.77,16.22,P2:40:P3:33:P1:27
N-42,2026-03-26,70.05,16.52,P2:40:P3:33:P1:27
N-42,2026-03-27,72.48,16.49,P2:40:P3:33:P1:27
N-42,2026-03-28,67.12,16.13,P2:40:P3:33:P1:27
N-42,2026-03-29,70.41,16.14,P2:40:P3:33:P1:27
N-42,2026-03-30,72.06,16.59,P2:40:P3:33:P1:27
N-42,2026-03-31,68.72,16.15,P2:40:P3:33:P1:27
N-42,2026-04-01,73.14,16.22,P2:40:P3:33:P1:27
N-42,2026-04-02,70.96,15.98,P2:40:P3:33:P1:27
N-42,2026-04-03,68.25,16.25,P2:40:P3:33:P1:27
N-42,2026-04-04,73.32,16.0,P2:40:P3:33:P1:27
N-42,2026-04-05,72.57,15.12,P2:40:P3:33:P1:27
N-42,2026-04-06,69.59,15.74,P2:40:P3:33:P1:27
N-42,2026-04-07,74.0,16.13,P2:40:P3:33:P1:27
N-42,2026-04-08,69.39,15.84,P2:40:P3:33:P1:27
N-42,2026-04-09,69.65,16.36,P2:40:P3:33:P1:27
N-42,2026-04-10,68.82,15.89,P2:40:P3:33:P1:27
N-42,2026-04-11,71.53,16.41,P2:40:P3:33:P1:27
N-42,2026-04-12,68.5,15.76,P2:40:P3:33:P1:27
N-42,2026-04-13,71.31,16.44,P2:40:P3:33:P1:27
N-42,2026-04-14,73.69,16.34,P2:40:P3:33:P1:27
N-42,2026-04-15,70.1,16.5,P2:40:P3:33:P1:27
N-42,2026-04-16,73.95,15.75,P2:40:P3:33:P1:27
N-42,2026-04-17,74.18,16.24,P2:40:P3:33:P1:27
N-42,2026-04-18,71.31,16.01,P2:40:P3:33:P1:27
N-42,2026-04-19,72.91,16.52,P2:40:P3:33:P1:27
N-42,2026-04-20,63.21,15.98,P2:40:P3:33:P1:27
N-42,2026-04-21,73.05,15.95,P2:40:P3:33:P1:27
N-42,2026-04-22,75.86,15.96,P2:40:P3:33:P1:27
N-42,2026-04-23,70.29,16.52,P2:40:P3:33:P1:27
N-42,2026-04-24,70.85,15.92,P2:40:P3:33:P1:27
N-42,2026-04-25,70.96,16.74,P2:40:P3:33:P1:27
N-42,2026-04-26,74.12,16.49,P2:40:P3:33:P1:27
N-42,2026-04-27,74.21,16.1,P2:40:P3:33:P1:27
N-42,2026-04-28,76.28,15.83,P2:40:P3:33:P1:27
N-42,2026-04-29,71.74,15.91,P2:40:P3:33:P1:27
N-42,2026-04-30,72.83,16.26,P2:40:P3:33:P1:27
N-42,2026-05-01,79.85,16.78,P2:40:P3:33:P1:27
N-42,2026-05-02,75.66,16.23,P2:40:P3:33:P1:27
N-42,2026-05-03,76.25,16.05,P2:40:P3:33:P1:27
N-42,2026-05-04,70.12,15.96,P2:40:P3:33:P1:27
N-42,2026-05-05,71.46,15.96,P2:40:P3:33:P1:27
N-42,2026-05-06,69.22,16.07,P2:40:P3:33:P1:27
N-42,2026-05-07,74.35,16.28,P2:40:P3:33:P1:27
N-42,2026-05-08,78.32,16.26,P2:40:P3:33:P1:27
N-42,2026-05-09,77.36,16.72,P2:40:P3:33:P1:27
N-42,2026-05-10,71.61,15.88,P2:40:P3:33:P1:27
N-42,2026-05-11,72.62,16.14,P2:40:P3:33:P1:27
N-42,2026-05-12,69.23,16.41,P2:40:P3:33:P1:27
N-42,2026-05-13,71.24,15.89,P2:40:P3:33:P1:27
N-42,2026-05-14,74.01,16.33,P2:40:P3:33:P1:27
N-42,2026-05-15,73.16,16.29,P2:40:P3:33:P1:27
N-42,2026-05-16,66.32,16.39,P2:40:P3:33:P1:27
N-42,2026-05-17,65.81,16.24,P2:40:P3:33:P1:27
N-42,2026-05-18,0.0,0.0,P2:40:P3:33:P1:27
N-42,2026-05-19,75.19,16.11,P2:40:P3:33:P1:27
N-42,2026-05-20,65.82,16.61,P2:40:P3:33:P1:27
N-42,2026-05-21,66.91,15.69,P2:40:P3:33:P1:27
N-42,2026-05-22,68.73,16.81,P2:40:P3:33:P1:27
N-42,2026-05-23,71.86,15.93,P2:40:P3:33:P1:27
N-42,2026-05-24,68.88,16.17,P2:40:P3:33:P1:27
N-42,2026-05-25,75.28,16.39,P2:40:P3:33:P1:27
N-42,2026-05-26,66.72,15.92,P2:40:P3:33:P1:27
N-42,2026-05-27,69.19,16.44,P2:40:P3:33:P1:27
N-42,2026-05-28,68.14,16.36,P2:40:P3:33:P1:27
N-42,2026-05-29,69.97,15.92,P2:40:P3:33:P1:27
N-42,2026-05-30,68.5,16.63,P2:40:P3:33:P1:27
N-42,2026-05-31,74.98,15.64,P2:40:P3:33:P1:27
N-42,2026-06-01,70.9,15.94,P2:40:P3:33:P1:27
N-42,2026-06-02,65.6,16.51,P2:40:P3:33:P1:27
N-42,2026-06-03,73.11,16.94,P2:40:P3:33:P1:27
N-42,2026-06-04,72.5,16.06,P2:40:P3:33:P1:27
N-42,2026-06-05,69.84,16.32,P2:40:P3:33:P1:27
N-42,2026-06-06,72.15,16.14,P2:40:P3:33:P1:27
N-42,2026-06-07,68.34,15.86,P2:40:P3:33:P1:27
N-42,2026-06-08,72.14,16.16,P2:40:P3:33:P1:27
N-42,2026-06-09,68.5,16.46,P2:40:P3:33:P1:27
N-42,2026-06-10,71.28,15.84,P2:40:P3:33:P1:27
N-42,2026-06-11,73.34,15.81,P2:40:P3:33:P1:27
N-42,2026-06-12,72.2,16.36,P2:40:P3:33:P1:27
N-42,2026-06-13,68.56,17.03,P2:40:P3:33:P1:27
N-42,2026-06-14,71.02,16.3,P2:40:P3:33:P1:27
N-42,2026-06-15,73.49,16.48,P2:40:P3:33:P1:27
N-42,2026-06-16,73.76,15.88,P2:40:P3:33:P1:27
N-42,2026-06-17,71.77,16.01,P2:40:P3:33:P1:27
N-42,2026-06-18,67.91,16.14,P2:40:P3:33:P1:27
N-42,2026-06-19,70.06,16.05,P2:40:P3:33:P1:27
N-42,2026-06-20,68.27,16.1,P2:40:P3:33:P1:27
N-42,2026-06-21,70.26,15.77,P2:40:P3:33:P1:27
N-42,2026-06-22,68.84,16.09,P2:40:P3:33:P1:27
N-42,2026-06-23,72.27,15.92,P2:40:P3:33:P1:27
N-42,2026-06-24,67.24,15.63,P2:40:P3:33:P1:27
N-42,2026-06-25,71.53,16.18,P2:40:P3:33:P1:27
N-42,2026-06-26,74.32,16.72,P2:40:P3:33:P1:27
N-42,2026-06-27,66.61,16.56,P2:40:P3:33:P1:27
N-42,2026-06-28,72.83,15.94,P2:40:P3:33:P1:27
N-42,2026-06-29,75.65,15.81,P2:40:P3:33:P1:27
N-42,2026-06-30,70.7,16.19,P2:40:P3:33:P1:27
N-42,2026-07-01,73.22,16.1,P2:40:P3:33:P1:27
N-42,2026-07-02,73.68,16.24,P2:40:P3:33:P1:27
N-42,2026-07-03,71.29,15.6,P2:40:P3:33:P1:27
N-42,2026-07-04,71.92,16.38,P2:40:P3:33:P1:27
N-42,2026-07-05,72.4,16.46,P2:40:P3:33:P1:27
N-42,2026-07-06,71.59,16.49,P2:40:P3:33:P1:27
N-42,2026-07-07,68.71,15.29,P2:40:P3:33:P1:27
N-42,2026-07-08,74.02,15.93,P2:40:P3:33:P1:27
N-42,2026-07-09,73.22,16.38,P2:40:P3:33:P1:27
N-42,2026-07-10,70.93,16.37,P2:40:P3:33:P1:27
N-42,2026-07-11,72.16,16.0,P2:40:P3:33:P1:27
N-42,2026-07-12,66.8,16.01,P2:40:P3:33:P1:27
N-42,2026-07-13,62.02,16.64,P2:40:P3:33:P1:27
N-42,2026-07-14,66.2,16.01,P2:40:P3:33:P1:27
N-42,2026-07-15,69.4,16.38,P2:40:P3:33:P1:27
N-42,2026-07-16,71.25,16.24,P2:40:P3:33:P1:27
N-42,2026-07-17,71.86,16.34,P2:40:P3:33:P1:27
N-42,2026-07-18,68.21,16.19,P2:40:P3:33:P1:27
N-42,2026-07-19,71.68,15.85,P2:40:P3:33:P1:27
N-42,2026-07-20,75.91,16.14,P2:40:P3:33:P1:27
N-42,2026-07-21,72.93,16.16,P2:40:P3:33:P1:27
N-42,2026-07-22,69.26,15.88,P2:40:P3:33:P1:27
N-42,2026-07-23,65.84,16.34,P2:40:P3:33:P1:27
N-42,2026-07-24,71.11,16.85,P2:40:P3:33:P1:27
N-42,2026-07-25,77.77,16.14,P2:40:P3:33:P1:27
N-42,2026-07-26,77.69,16.57,P2:40:P3:33:P1:27
N-42,2026-07-27,71.35,16.25,P2:40:P3:33:P1:27
N-42,2026-07-28,70.92,16.09,P2:40:P3:33:P1:27
N-42,2026-07-29,70.19,16.43,P2:40:P3:33:P1:27
N-42,2026-07-30,72.05,16.53,P2:40:P3:33:P1:27
N-42,2026-07-31,73.95,16.01,P2:40:P3:33:P1:27
N-42,2026-08-01,69.53,16.2,P2:40:P3:33:P1:27
N-42,2026-08-02,66.39,16.12,P2:40:P3:33:P1:27
N-42,2026-08-03,74.4,15.95,P2:40:P3:33:P1:27
N-42,2026-08-04,65.78,16.29,P2:40:P3:33:P1:27
N-42,2026-08-05,72.67,16.39,P2:40:P3:33:P1:27
N-42,2026-08-06,70.44,15.93,P2:40:P3:33:P1:27
N-42,2026-08-07,71.92,16.01,P2:40:P3:33:P1:27
N-42,2026-08-08,75.04,16.09,P2:40:P3:33:P1:27
N-42,2026-08-09,69.41,15.93,P2:40:P3:33:P1:27
N-42,2026-08-10,75.31,15.96,P2:40:P3:33:P1:27
N-42,2026-08-11,68.35,16.22,P2:40:P3:33:P1:27
N-42,2026-08-12,70.18,16.01,P2:40:P3:33:P1:27
N-42,2026-08-13,72.48,15.81,P2:40:P3:33:P1:27
N-42,2026-08-14,69.51,16.45,P2:40:P3:33:P1:27
N-42,2026-08-15,74.9,15.92,P2:40:P3:33:P1:27
N-42,2026-08-16,70.33,16.15,P2:40:P3:33:P1:27
N-42,2026-08-17,75.59,15.55,P2:40:P3:33:P1:27
N-42,2026-08-18,72.13,15.95,P2:40:P3:33:P1:27
N-42,2026-08-19,72.95,16.03,P2:40:P3:33:P1:27
N-42,2026-08-20,70.53,16.3,P2:40:P3:33:P1:27
N-42,2026-08-21,69.96,16.41,P2:40:P3:33:P1:27
N-42,2026-08-22,77.7,16.19,P2:40:P3:33:P1:27
N-42,2026-08-23,69.56,16.19,P2:40:P3:33:P1:27
N-42,2026-08-24,69.04,16.03,P2:40:P3:33:P1:27
N-42,2026-08-25,73.84,16.56,P2:40:P3:33:P1:27
N-42,2026-08-26,66.8,16.66,P2:40:P3:33:P1:27
N-42,2026-08-27,75.73,16.48,P2:40:P3:33:P1:27
N-42,2026-08-28,80.64,16.59,P2:40:P3:33:P1:27
N-42,2026-08-29,70.39,15.9,P2:40:P3:33:P1:27
N-42,2026-08-30,72.2,15.97,P2:40:P3:33:P1:27
N-42,2026-08-31,74.89,16.24,P2:40:P3:33:P1:27
N-43,2025-09-01,164.29,10.56,P2:24:P3:42:P1:34
N-43,2025-09-02,173.63,10.28,P2:24:P3:42:P1:34
N-43,2025-09-03,162.73,10.49,P2:24:P3:42:P1:34
N-43,2025-09-04,161.0,10.84,P2:24:P3:42:P1:34
N-43,2025-09-05,165.08,10.13,P2:24:P3:42:P1:34
N-43,2025-09-06,166.43,9.5,P2:24:P3:42:P1:34
N-43,2025-09-07,161.51,10.1,P2:24:P3:42:P1:34
N-43,2025-09-08,157.23,10.38,P2:24:P3:42:P1:34
N-43,2025-09-09,160.56,9.7,P2:24:P3:42:P1:34
N-43,2025-09-10,160.26,9.94,P2:24:P3:42:P1:34
N-43,2025-09-11,162.84,10.12,P2:24:P3:42:P1:34
N-43,2025-09-12,158.53,10.52,P2:24:P3:42:P1:34
N-43,2025-09-13,161.52,9.82,P2:24:P3:42:P1:34
N-43,2025-09-14,165.68,9.85,P2:24:P3:42:P1:34
N-43,2025-09-15,164.47,10.31,P2:24:P3:42:P1:34
N-43,2025-09-16,152.91,10.19,P2:24:P3:42:P1:34
N-43,2025-09-17,158.16,9.81,P2:24:P3:42:P1:34
N-43,2025-09-18,164.87,10.06,P2:24:P3:42:P1:34
N-43,2025-09-19,158.36,9.99,P2:24:P3:42:P1:34
N-43,2025-09-20,161.99,9.86,P2:24:P3:42:P1:34
N-43,2025-09-21,156.25,10.31,P2:24:P3:42:P1:34
N-43,2025-09-22,160.18,10.31,P2:24:P3:42:P1:34
N-43,2025-09-23,162.49,10.41,P2:24:P3:42:P1:34
N-43,2025-09-24,160.64,10.17,P2:24:P3:42:P1:34
N-43,2025-09-25,172.3,10.33,P2:24:P3:42:P1:34
N-43,2025-09-26,163.15,10.63,P2:24:P3:42:P1:34
N-43,2025-09-27,152.26,9.9,P2:24:P3:42:P1:34
N-43,2025-09-28,152.77,10.29,P2:24:P3:42:P1:34
N-43,2025-09-29,161.94,10.71,P2:24:P3:42:P1:34
N-43,2025-09-30,160.76,10.13,P2:24:P3:42:P1:34
N-43,2025-10-01,153.67,10.01,P2:24:P3:42:P1:34
N-43,2025-10-02,167.18,10.51,P2:24:P3:42:P1:34
N-43,2025-10-03,0.0,0.0,P2:24:P3:42:P1:34
N-43,2025-10-04,165.32,9.99,P2:24:P3:42:P1:34
N-43,2025-10-05,163.04,9.96,P2:24:P3:42:P1:34
N-43,2025-10-06,157.0,10.15,P2:24:P3:42:P1:34
N-43,2025-10-07,162.99,10.21,P2:24:P3:42:P1:34
N-43,2025-10-08,145.48,10.01,P2:24:P3:42:P1:34
N-43,2025-10-09,154.9,10.41,P2:24:P3:42:P1:34
N-43,2025-10-10,167.08,10.59,P2:24:P3:42:P1:34
N-43,2025-10-11,156.15,9.96,P2:24:P3:42:P1:34
N-43,2025-10-12,163.85,9.44,P2:24:P3:42:P1:34
N-43,2025-10-13,168.76,10.53,P2:24:P3:42:P1:34
N-43,2025-10-14,162.42,10.24,P2:24:P3:42:P1:34
N-43,2025-10-15,166.38,10.05,P2:24:P3:42:P1:34
N-43,2025-10-16,157.88,10.38,P2:24:P3:42:P1:34
N-43,2025-10-17,172.28,10.85,P2:24:P3:42:P1:34
N-43,2025-10-18,165.39,10.52,P2:24:P3:42:P1:34
N-43,2025-10-19,154.74,10.27,P2:24:P3:42:P1:34
N-43,2025-10-20,164.23,10.09,P2:24:P3:42:P1:34
N-43,2025-10-21,166.74,10.16,P2:24:P3:42:P1:34
N-43,2025-10-22,168.35,10.18,P2:24:P3:42:P1:34
N-43,2025-10-23,154.57,9.81,P2:24:P3:42:P1:34
N-43,2025-10-24,0.0,0.0,P2:24:P3:42:P1:34
N-43,2025-10-25,163.76,10.37,P2:24:P3:42:P1:34
N-43,2025-10-26,164.08,10.38,P2:24:P3:42:P1:34
N-43,2025-10-27,160.92,10.1,P2:24:P3:42:P1:34
N-43,2025-10-28,158.16,10.07,P2:24:P3:42:P1:34
N-43,2025-10-29,160.19,10.63,P2:24:P3:42:P1:34
N-43,2025-10-30,163.65,9.97,P2:24:P3:42:P1:34
N-43,2025-10-31,163.69,9.94,P2:24:P3:42:P1:34
N-43,2025-11-01,164.83,10.06,P2:24:P3:42:P1:34
N-43,2025-11-02,166.5,10.04,P2:24:P3:42:P1:34
N-43,2025-11-03,160.89,10.34,P2:24:P3:42:P1:34
N-43,2025-11-04,160.77,10.09,P2:24:P3:42:P1:34
N-43,2025-11-05,159.53,10.55,P2:24:P3:42:P1:34
N-43,2025-11-06,140.32,10.49,P2:24:P3:42:P1:34
N-43,2025-11-07,161.87,10.21,P2:24:P3:42:P1:34
N-43,2025-11-08,146.42,9.66,P2:24:P3:42:P1:34
N-43,2025-11-09,164.34,10.44,P2:24:P3:42:P1:34
N-43,2025-11-10,156.81,10.32,P2:24:P3:42:P1:34
N-43,2025-11-11,159.33,9.82,P2:24:P3:42:P1:34
N-43,2025-11-12,166.5,10.2,P2:24:P3:42:P1:34
N-43,2025-11-13,155.21,10.13,P2:24:P3:42:P1:34
N-43,2025-11-14,164.84,10.48,P2:24:P3:42:P1:34
N-43,2025-11-15,157.87,10.04,P2:24:P3:42:P1:34
N-43,2025-11-16,158.59,10.13,P2:24:P3:42:P1:34
N-43,2025-11-17,158.54,9.92,P2:24:P3:42:P1:34
N-43,2025-11-18,158.42,9.94,P2:24:P3:42:P1:34
N-43,2025-11-19,160.94,10.24,P2:24:P3:42:P1:34
N-43,2025-11-20,159.02,10.17,P2:24:P3:42:P1:34
N-43,2025-11-21,161.12,9.68,P2:24:P3:42:P1:34
N-43,2025-11-22,146.7,10.75,P2:24:P3:42:P1:34
N-43,2025-11-23,160.37,10.49,P2:24:P3:42:P1:34
N-43,2025-11-24,171.32,10.01,P2:24:P3:42:P1:34
N-43,2025-11-25,145.3,10.02,P2:24:P3:42:P1:34
N-43,2025-11-26,159.03,9.5,P2:24:P3:42:P1:34
N-43,2025-11-27,171.01,10.23,P2:24:P3:42:P1:34
N-43,2025-11-28,151.57,10.5,P2:24:P3:42:P1:34
N-43,2025-11-29,168.81,10.56,P2:24:P3:42:P1:34
N-43,2025-11-30,172.61,10.32,P2:24:P3:42:P1:34
N-43,2025-12-01,156.49,10.14,P2:24:P3:42:P1:34
N-43,2025-12-02,173.58,10.03,P2:24:P3:42:P1:34
N-43,2025-12-03,159.74,9.51,P2:24:P3:42:P1:34
N-43,2025-12-04,151.49,10.04,P2:24:P3:42:P1:34
N-43,2025-12-05,155.93,10.05,P2:24:P3:42:P1:34
N-43,2025-12-06,164.42,9.88,P2:24:P3:42:P1:34
N-43,2025-12-07,165.82,10.57,P2:24:P3:42:P1:34
N-43,2025-12-08,162.96,10.32,P2:24:P3:42:P1:34
N-43,2025-12-09,151.16,9.94,P2:24:P3:42:P1:34
N-43,2025-12-10,152.71,9.92,P2:24:P3:42:P1:34
N-43,2025-12-11,162.32,9.72,P2:24:P3:42:P1:34
N-43,2025-12-12,168.17,10.19,P2:24:P3:42:P1:34
N-43,2025-12-13,157.6,9.78,P2:24:P3:42:P1:34
N-43,2025-12-14,166.3,10.39,P2:24:P3:42:P1:34
N-43,2025-12-15,175.61,10.53,P2:24:P3:42:P1:34
N-43,2025-12-16,169.06,9.98,P2:24:P3:42:P1:34
N-43,2025-12-17,159.68,9.32,P2:24:P3:42:P1:34
N-43,2025-12-18,146.45,10.59,P2:24:P3:42:P1:34
N-43,2025-12-19,160.25,10.26,P2:24:P3:42:P1:34
N-43,2025-12-20,164.1,10.15,P2:24:P3:42:P1:34
N-43,2025-12-21,164.0,10.22,P2:24:P3:42:P1:34
N-43,2025-12-22,161.4,10.28,P2:24:P3:42:P1:34
N-43,2025-12-23,163.25,10.11,P2:24:P3:42:P1:34
N-43,2025-12-24,166.54,9.54,P2:24:P3:42:P1:34
N-43,2025-12-25,167.08,9.77,P2:24:P3:42:P1:34
N-43,2025-12-26,159.82,10.04,P2:24:P3:42:P1:34
N-43,2025-12-27,158.46,9.88,P2:24:P3:42:P1:34
N-43,2025-12-28,167.02,10.32,P2:24:P3:42:P1:34
N-43,2025-12-29,171.79,10.37,P2:24:P3:42:P1:34
N-43,2025-12-30,157.2,10.46,P2:24:P3:42:P1:34
N-43,2025-12-31,165.44,10.22,P2:24:P3:42:P1:34
N-43,2026-01-01,171.25,9.53,P2:24:P3:42:P1:34
N-43,2026-01-02,162.79,9.98,P2:24:P3:42:P1:34
N-43,2026-01-03,175.09,10.38,P2:24:P3:42:P1:34
N-43,2026-01-04,151.01,10.06,P2:24:P3:42:P1:34
N-43,2026-01-05,151.76,10.01,P2:24:P3:42:P1:34
N-43,2026-01-06,162.22,10.0,P2:24:P3:42:P1:34
N-43,2026-01-07,154.68,10.5,P2:24:P3:42:P1:34
N-43,2026-01-08,163.86,10.79,P2:24:P3:42:P1:34
N-43,2026-01-09,154.33,9.92,P2:24:P3:42:P1:34
N-43,2026-01-10,155.83,9.88,P2:24:P3:42:P1:34
N-43,2026-01-11,172.4,10.25,P2:24:P3:42:P1:34
N-43,2026-01-12,158.44,10.14,P2:24:P3:42:P1:34
N-43,2026-01-13,155.92,10.61,P2:24:P3:42:P1:34
N-43,2026-01-14,166.37,10.06,P2:24:P3:42:P1:34
N-43,2026-01-15,169.74,10.26,P2:24:P3:42:P1:34
N-43,2026-01-16,166.51,9.91,P2:24:P3:42:P1:34
N-43,2026-01-17,163.98,9.98,P2:24:P3:42:P1:34
N-43,2026-01-18,165.53,9.97,P2:24:P3:42:P1:34
N-43,2026-01-19,156.36,10.86,P2:24:P3:42:P1:34
N-43,2026-01-20,160.69,10.38,P2:24:P3:42:P1:34
N-43,2026-01-21,162.69,9.84,P2:24:P3:42:P1:34
N-43,2026-01-22,156.14,9.78,P2:24:P3:42:P1:34
N-43,2026-01-23,165.96,9.63,P2:24:P3:42:P1:34
N-43,2026-01-24,159.6,10.49,P2:24:P3:42:P1:34
N-43,2026-01-25,164.41,9.78,P2:24:P3:42:P1:34
N-43,2026-01-26,154.47,10.73,P2:24:P3:42:P1:34
N-43,2026-01-27,156.07,10.31,P2:24:P3:42:P1:34
N-43,2026-01-28,155.32,10.19,P2:24:P3:42:P1:34
N-43,2026-01-29,167.34,10.55,P2:24:P3:42:P1:34
N-43,2026-01-30,163.65,10.87,P2:24:P3:42:P1:34
N-43,2026-01-31,158.63,10.15,P2:24:P3:42:P1:34
N-43,2026-02-01,170.88,10.08,P2:24:P3:42:P1:34
N-43,2026-02-02,157.82,9.84,P2:24:P3:42:P1:34
N-43,2026-02-03,157.28,9.98,P2:24:P3:42:P1:34
N-43,2026-02-04,159.59,10.19,P2:24:P3:42:P1:34
N-43,2026-02-05,150.33,10.6,P2:24:P3:42:P1:34
N-43,2026-02-06,165.98,10.12,P2:24:P3:42:P1:34
N-43,2026-02-07,163.99,10.26,P2:24:P3:42:P1:34
N-43,2026-02-08,158.9,10.16,P2:24:P3:42:P1:34
N-43,2026-02-09,179.88,10.42,P2:24:P3:42:P1:34
N-43,2026-02-10,160.54,9.74,P2:24:P3:42:P1:34
N-43,2026-02-11,156.44,10.32,P2:24:P3:42:P1:34
N-43,2026-02-12,167.48,10.23,P2:24:P3:42:P1:34
N-43,2026-02-13,155.32,10.22,P2:24:P3:42:P1:34
N-43,2026-02-14,164.4,9.9,P2:24:P3:42:P1:34
N-43,2026-02-15,161.12,10.29,P2:24:P3:42:P1:34
N-43,2026-02-16,162.55,10.26,P2:24:P3:42:P1:34
N-43,2026-02-17,166.56,10.23,P2:24:P3:42:P1:34
N-43,2026-02-18,170.02,10.15,P2:24:P3:42:P1:34
N-43,2026-02-19,0.0,0.0,P2:24:P3:42:P1:34
N-43,2026-02-20,157.46,10.2,P2:24:P3:42:P1:34
N-43,2026-02-21,160.28,10.37,P2:24:P3:42:P1:34
N-43,2026-02-22,156.73,10.52,P2:24:P3:42:P1:34
N-43,2026-02-23,167.77,10.04,P2:24:P3:42:P1:34
N-43,2026-02-24,163.92,9.89,P2:24:P3:42:P1:34
N-43,2026-02-25,167.22,9.61,P2:24:P3:42:P1:34
N-43,2026-02-26,160.02,10.13,P2:24:P3:42:P1:34
N-43,2026-02-27,162.65,10.19,P2:24:P3:42:P1:34
N-43,2026-02-28,157.96,10.46,P2:24:P3:42:P1:34
N-43,2026-03-01,154.22,9.65,P2:24:P3:42:P1:34
N-43,2026-03-02,164.62,10.03,P2:24:P3:42:P1:34
N-43,2026-03-03,162.85,10.24,P2:24:P3:42:P1:34
N-43,2026-03-04,158.85,9.82,P2:24:P3:42:P1:34
N-43,2026-03-05,163.1,10.08,P2:24:P3:42:P1:34
N-43,2026-03-06,154.61,10.31,P2:24:P3:42:P1:34
N-43,2026-03-07,164.31,10.84,P2:24:P3:42:P1:34
N-43,2026-03-08,164.96,9.95,P2:24:P3:42:P1:34
N-43,2026-03-09,147.8,10.23,P2:24:P3:42:P1:34
N-43,2026-03-10,163.3,10.32,P2:24:P3:42:P1:34
N-43,2026-03-11,155.53,9.44,P2:24:P3:42:P1:34
N-43,2026-03-12,153.7,10.28,P2:24:P3:42:P1:34
N-43,2026-03-13,150.31,10.08,P2:24:P3:42:P1:34
N-43,2026-03-14,167.11,9.86,P2:24:P3:42:P1:34
N-43,2026-03-15,158.16,10.01,P2:24:P3:42:P1:34
N-43,2026-03-16,158.54,9.86,P2:24:P3:42:P1:34
N-43,2026-03-17,171.34,10.38,P2:24:P3:42:P1:34
N-43,2026-03-18,165.64,10.26,P2:24:P3:42:P1:34
N-43,2026-03-19,162.7,10.12,P2:24:P3:42:P1:34
N-43,2026-03-20,151.75,10.53,P2:24:P3:42:P1:34
N-43,2026-03-21,150.76,10.02,P2:24:P3:42:P1:34
N-43,2026-03-22,149.77,10.47,P2:24:P3:42:P1:34
N-43,2026-03-23,158.55,10.65,P2:24:P3:42:P1:34
N-43,2026-03-24,163.82,10.26,P2:24:P3:42:P1:34
N-43,2026-03-25,156.92,9.76,P2:24:P3:42:P1:34
N-43,2026-03-26,154.99,9.79,P2:24:P3:42:P1:34
N-43,2026-03-27,158.02,10.03,P2:24:P3:42:P1:34
N-43,2026-03-28,165.78,10.15,P2:24:P3:42:P1:34
N-43,2026-03-29,155.39,10.1,P2:24:P3:42:P1:34
N-43,2026-03-30,153.93,9.66,P2:24:P3:42:P1:34
N-43,2026-03-31,159.45,9.81,P2:24:P3:42:P1:34
N-43,2026-04-01,172.13,10.79,P2:24:P3:42:P1:34
N-43,2026-04-02,161.09,9.41,P2:24:P3:42:P1:34
N-43,2026-04-03,161.73,10.76,P2:24:P3:42:P1:34
N-43,2026-04-04,166.03,9.81,P2:24:P3:42:P1:34
N-43,2026-04-05,163.97,10.25,P2:24:P3:42:P1:34
N-43,2026-04-06,157.03,10.61,P2:24:P3:42:P1:34
N-43,2026-04-07,170.33,9.7,P2:24:P3:42:P1:34
N-43,2026-04-08,163.73,9.89,P2:24:P3:42:P1:34
N-43,2026-04-09,149.66,10.39,P2:24:P3:42:P1:34
N-43,2026-04-10,162.57,10.64,P2:24:P3:42:P1:34
N-43,2026-04-11,169.53,9.78,P2:24:P3:42:P1:34
N-43,2026-04-12,165.39,9.93,P2:24:P3:42:P1:34
N-43,2026-04-13,0.0,0.0,P2:24:P3:42:P1:34
N-43,2026-04-14,146.43,10.09,P2:24:P3:42:P1:34
N-43,2026-04-15,166.04,10.08,P2:24:P3:42:P1:34
N-43,2026-04-16,152.31,9.95,P2:24:P3:42:P1:34
N-43,2026-04-17,159.25,10.38,P2:24:P3:42:P1:34
N-43,2026-04-18,158.62,10.18,P2:24:P3:42:P1:34
N-43,2026-04-19,155.51,10.29,P2:24:P3:42:P1:34
N-43,2026-04-20,160.63,9.79,P2:24:P3:42:P1:34
N-43,2026-04-21,153.38,9.95,P2:24:P3:42:P1:34
N-43,2026-04-22,165.48,10.12,P2:24:P3:42:P1:34
N-43,2026-04-23,166.95,10.05,P2:24:P3:42:P1:34
N-43,2026-04-24,166.29,10.07,P2:24:P3:42:P1:34
N-43,2026-04-25,153.44,10.03,P2:24:P3:42:P1:34
N-43,2026-04-26,161.62,10.74,P2:24:P3:42:P1:34
N-43,2026-04-27,157.49,10.13,P2:24:P3:42:P1:34
N-43,2026-04-28,164.16,10.53,P2:24:P3:42:P1:34
N-43,2026-04-29,159.88,9.97,P2:24:P3:42:P1:34
N-43,2026-04-30,167.06,10.46,P2:24:P3:42:P1:34
N-43,2026-05-01,160.98,10.2,P2:24:P3:42:P1:34
N-43,2026-05-02,161.48,10.62,P2:24:P3:42:P1:34
N-43,2026-05-03,159.95,10.46,P2:24:P3:42:P1:34
N-43,2026-05-04,154.49,10.25,P2:24:P3:42:P1:34
N-43,2026-05-05,174.56,10.62,P2:24:P3:42:P1:34
N-43,2026-05-06,158.68,9.82,P2:24:P3:42:P1:34
N-43,2026-05-07,152.25,10.01,P2:24:P3:42:P1:34
N-43,2026-05-08,151.53,10.9,P2:24:P3:42:P1:34
N-43,2026-05-09,167.5,9.84,P2:24:P3:42:P1:34
N-43,2026-05-10,163.17,10.17,P2:24:P3:42:P1:34
N-43,2026-05-11,154.75,9.82,P2:24:P3:42:P1:34
N-43,2026-05-12,167.39,9.81,P2:24:P3:42:P1:34
N-43,2026-05-13,165.56,10.3,P2:24:P3:42:P1:34
N-43,2026-05-14,159.93,10.17,P2:24:P3:42:P1:34
N-43,2026-05-15,157.65,10.3,P2:24:P3:42:P1:34
N-43,2026-05-16,152.79,10.37,P2:24:P3:42:P1:34
N-43,2026-05-17,166.45,10.05,P2:24:P3:42:P1:34
N-43,2026-05-18,157.86,9.93,P2:24:P3:42:P1:34
N-43,2026-05-19,148.13,10.14,P2:24:P3:42:P1:34
N-43,2026-05-20,161.22,10.16,P2:24:P3:42:P1:34
N-43,2026-05-21,159.65,10.02,P2:24:P3:42:P1:34
N-43,2026-05-22,153.61,10.61,P2:24:P3:42:P1:34
N-43,2026-05-23,151.64,10.35,P2:24:P3:42:P1:34
N-43,2026-05-24,155.09,10.2,P2:24:P3:42:P1:34
N-43,2026-05-25,152.11,10.52,P2:24:P3:42:P1:34
N-43,2026-05-26,168.51,10.09,P2:24:P3:42:P1:34
N-43,2026-05-27,160.23,10.36,P2:24:P3:42:P1:34
N-43,2026-05-28,162.96,10.0,P2:24:P3:42:P1:34
N-43,2026-05-29,163.15,10.27,P2:24:P3:42:P1:34
N-43,2026-05-30,154.39,9.79,P2:24:P3:42:P1:34
N-43,2026-05-31,175.06,10.13,P2:24:P3:42:P1:34
N-43,2026-06-01,154.07,10.02,P2:24:P3:42:P1:34
N-43,2026-06-02,161.84,9.63,P2:24:P3:42:P1:34
N-43,2026-06-03,156.36,10.31,P2:24:P3:42:P1:34
N-43,2026-06-04,179.9,9.8,P2:24:P3:42:P1:34
N-43,2026-06-05,159.73,10.27,P2:24:P3:42:P1:34
N-43,2026-06-06,156.12,10.1,P2:24:P3:42:P1:34
N-43,2026-06-07,160.07,10.32,P2:24:P3:42:P1:34
N-43,2026-06-08,153.26,10.5,P2:24:P3:42:P1:34
N-43,2026-06-09,159.94,10.22,P2:24:P3:42:P1:34
N-43,2026-06-10,159.84,10.63,P2:24:P3:42:P1:34
N-43,2026-06-11,161.97,10.22,P2:24:P3:42:P1:34
N-43,2026-06-12,162.45,10.59,P2:24:P3:42:P1:34
N-43,2026-06-13,156.75,9.62,P2:24:P3:42:P1:34
N-43,2026-06-14,149.12,9.69,P2:24:P3:42:P1:34
N-43,2026-06-15,153.3,10.28,P2:24:P3:42:P1:34
N-43,2026-06-16,158.71,9.99,P2:24:P3:42:P1:34
N-43,2026-06-17,157.16,10.08,P2:24:P3:42:P1:34
N-43,2026-06-18,158.43,9.97,P2:24:P3:42:P1:34
N-43,2026-06-19,158.89,9.75,P2:24:P3:42:P1:34
N-43,2026-06-20,167.88,9.71,P2:24:P3:42:P1:34
N-43,2026-06-21,156.8,10.02,P2:24:P3:42:P1:34
N-43,2026-06-22,162.48,10.01,P2:24:P3:42:P1:34
N-43,2026-06-23,156.93,10.28,P2:24:P3:42:P1:34
N-43,2026-06-24,149.68,10.11,P2:24:P3:42:P1:34
N-43,2026-06-25,149.26,10.15,P2:24:P3:42:P1:34
N-43,2026-06-26,152.94,10.1,P2:24:P3:42:P1:34
N-43,2026-06-27,155.36,10.29,P2:24:P3:42:P1:34
N-43,2026-06-28,160.1,10.32,P2:24:P3:42:P1:34
N-43,2026-06-29,149.21,9.95,P2:24:P3:42:P1:34
N-43,2026-06-30,172.74,10.12,P2:24:P3:42:P1:34
N-43,2026-07-01,158.24,9.82,P2:24:P3:42:P1:34
N-43,2026-07-02,158.49,10.24,P2:24:P3:42:P1:34
N-43,2026-07-03,162.05,10.22,P2:24:P3:42:P1:34
N-43,2026-07-04,161.21,10.48,P2:24:P3:42:P1:34
N-43,2026-07-05,163.84,10.21,P2:24:P3:42:P1:34
N-43,2026-07-06,155.01,10.7,P2:24:P3:42:P1:34
N-43,2026-07-07,159.15,10.19,P2:24:P3:42:P1:34
N-43,2026-07-08,160.4,10.43,P2:24:P3:42:P1:34
N-43,2026-07-09,168.4,10.21,P2:24:P3:42:P1:34
N-43,2026-07-10,161.44,9.62,P2:24:P3:42:P1:34
N-43,2026-07-11,159.62,9.93,P2:24:P3:42:P1:34
N-43,2026-07-12,159.63,10.33,P2:24:P3:42:P1:34
N-43,2026-07-13,151.14,10.05,P2:24:P3:42:P1:34
N-43,2026-07-14,164.61,10.62,P2:24:P3:42:P1:34
N-43,2026-07-15,161.34,10.81,P2:24:P3:42:P1:34
N-43,2026-07-16,156.45,10.01,P2:24:P3:42:P1:34
N-43,2026-07-17,157.84,9.94,P2:24:P3:42:P1:34
N-43,2026-07-18,155.28,10.37,P2:24:P3:42:P1:34
N-43,2026-07-19,175.41,10.07,P2:24:P3:42:P1:34
N-43,2026-07-20,147.06,10.13,P2:24:P3:42:P1:34
N-43,2026-07-21,160.89,10.06,P2:24:P3:42:P1:34
N-43,2026-07-22,155.79,10.93,P2:24:P3:42:P1:34
N-43,2026-07-23,157.61,10.97,P2:24:P3:42:P1:34
N-43,2026-07-24,156.39,10.02,P2:24:P3:42:P1:34
N-43,2026-07-25,145.68,10.12,P2:24:P3:42:P1:34
N-43,2026-07-26,154.54,10.24,P2:24:P3:42:P1:34
N-43,2026-07-27,0.0,0.0,P2:24:P3:42:P1:34
N-43,2026-07-28,163.23,9.97,P2:24:P3:42:P1:34
N-43,2026-07-29,163.98,10.57,P2:24:P3:42:P1:34
N-43,2026-07-30,155.89,9.96,P2:24:P3:42:P1:34
N-43,2026-07-31,156.67,9.85,P2:24:P3:42:P1:34
N-43,2026-08-01,167.44,10.51,P2:24:P3:42:P1:34
N-43,2026-08-02,162.56,10.29,P2:24:P3:42:P1:34
N-43,2026-08-03,156.26,10.11,P2:24:P3:42:P1:34
N-43,2026-08-04,159.63,10.06,P2:24:P3:42:P1:34
N-43,2026-08-05,171.92,10.37,P2:24:P3:42:P1:34
N-43,2026-08-06,154.88,10.36,P2:24:P3:42:P1:34
N-43,2026-08-07,163.78,10.25,P2:24:P3:42:P1:34
N-43,2026-08-08,160.93,10.13,P2:24:P3:42:P1:34
N-43,2026-08-09,149.95,10.04,P2:24:P3:42:P1:34
N-43,2026-08-10,160.75,10.38,P2:24:P3:42:P1:34
N-43,2026-08-11,158.92,10.46,P2:24:P3:42:P1:34
N-43,2026-08-12,156.59,10.79,P2:24:P3:42:P1:34
N-43,2026-08-13,159.17,10.31,P2:24:P3:42:P1:34
N-43,2026-08-14,157.6,10.49,P2:24:P3:42:P1:34
N-43,2026-08-15,0.0,0.0,P2:24:P3:42:P1:34
N-43,2026-08-16,160.62,10.91,P2:24:P3:42:P1:34
N-43,2026-08-17,159.7,10.07,P2:24:P3:42:P1:34
N-43,2026-08-18,162.63,9.96,P2:24:P3:42:P1:34
N-43,2026-08-19,160.09,10.24,P2:24:P3:42:P1:34
N-43,2026-08-20,157.51,9.91,P2:24:P3:42:P1:34
N-43,2026-08-21,156.35,10.13,P2:24:P3:42:P1:34
N-43,2026-08-22,176.18,10.32,P2:24:P3:42:P1:34
N-43,2026-08-23,150.61,9.52,P2:24:P3:42:P1:34
N-43,2026-08-24,157.44,10.15,P2:24:P3:42:P1:34
N-43,2026-08-25,169.69,10.27,P2:24:P3:42:P1:34
N-43,2026-08-26,161.19,10.08,P2:24:P3:42:P1:34
N-43,2026-08-27,167.89,10.24,P2:24:P3:42:P1:34
N-43,2026-08-28,175.11,10.12,P2:24:P3:42:P1:34
N-43,2026-08-29,167.66,10.49,P2:24:P3:42:P1:34
N-43,2026-08-30,169.04,10.07,P2:24:P3:42:P1:34
N-43,2026-08-31,168.58,10.59,P2:24:P3:42:P1:34
Z-44,2025-09-01,161.04,11.46,P2:38:P1:35:P3:27
Z-44,2025-09-02,160.16,11.09,P2:38:P1:35:P3:27
Z-44,2025-09-03,153.3,10.92,P2:38:P1:35:P3:27
Z-44,2025-09-04,157.63,11.12,P2:38:P1:35:P3:27
Z-44,2025-09-05,164.8,11.13,P2:38:P1:35:P3:27
Z-44,2025-09-06,166.58,11.54,P2:38:P1:35:P3:27
Z-44,2025-09-07,172.42,10.66,P2:38:P1:35:P3:27
Z-44,2025-09-08,167.12,11.48,P2:38:P1:35:P3:27
Z-44,2025-09-09,167.66,11.89,P2:38:P1:35:P3:27
Z-44,2025-09-10,171.31,10.9,P2:38:P1:35:P3:27
Z-44,2025-09-11,164.03,10.8,P2:38:P1:35:P3:27
Z-44,2025-09-12,164.24,11.65,P2:38:P1:35:P3:27
Z-44,2025-09-13,169.37,11.39,P2:38:P1:35:P3:27
Z-44,2025-09-14,164.58,11.16,P2:38:P1:35:P3:27
Z-44,2025-09-15,154.58,10.82,P2:38:P1:35:P3:27
Z-44,2025-09-16,175.53,10.95,P2:38:P1:35:P3:27
Z-44,2025-09-17,170.9,10.87,P2:38:P1:35:P3:27
Z-44,2025-09-18,176.07,11.28,P2:38:P1:35:P3:27
Z-44,2025-09-19,169.82,11.85,P2:38:P1:35:P3:27
Z-44,2025-09-20,172.62,10.8,P2:38:P1:35:P3:27
Z-44,2025-09-21,171.89,10.46,P2:38:P1:35:P3:27
Z-44,2025-09-22,153.62,11.3,P2:38:P1:35:P3:27
Z-44,2025-09-23,161.85,10.81,P2:38:P1:35:P3:27
Z-44,2025-09-24,169.12,10.93,P2:38:P1:35:P3:27
Z-44,2025-09-25,170.71,11.26,P2:38:P1:35:P3:27
Z-44,2025-09-26,150.88,11.16,P2:38:P1:35:P3:27
Z-44,2025-09-27,164.98,11.12,P2:38:P1:35:P3:27
Z-44,2025-09-28,167.59,11.57,P2:38:P1:35:P3:27
Z-44,2025-09-29,170.9,10.98,P2:38:P1:35:P3:27
Z-44,2025-09-30,160.6,11.15,P2:38:P1:35:P3:27
Z-44,2025-10-01,171.01,10.5,P2:38:P1:35:P3:27
Z-44,2025-10-02,160.55,11.6,P2:38:P1:35:P3:27
Z-44,2025-10-03,185.75,10.38,P2:38:P1:35:P3:27
Z-44,2025-10-04,168.88,10.3,P2:38:P1:35:P3:27
Z-44,2025-10-05,154.15,11.1,P2:38:P1:35:P3:27
Z-44,2025-10-06,176.52,11.11,P2:38:P1:35:P3:27
Z-44,2025-10-07,172.37,10.86,P2:38:P1:35:P3:27
Z-44,2025-10-08,164.68,11.27,P2:38:P1:35:P3:27
Z-44,2025-10-09,175.11,11.25,P2:38:P1:35:P3:27
Z-44,2025-10-10,163.51,11.13,P2:38:P1:35:P3:27
Z-44,2025-10-11,161.08,10.88,P2:38:P1:35:P3:27
Z-44,2025-10-12,157.81,10.55,P2:38:P1:35:P3:27
Z-44,2025-10-13,155.91,10.47,P2:38:P1:35:P3:27
Z-44,2025-10-14,177.77,11.04,P2:38:P1:35:P3:27
Z-44,2025-10-15,165.63,11.01,P2:38:P1:35:P3:27
Z-44,2025-10-16,164.47,10.89,P2:38:P1:35:P3:27
Z-44,2025-10-17,169.21,10.73,P2:38:P1:35:P3:27
Z-44,2025-10-18,168.35,10.55,P2:38:P1:35:P3:27
Z-44,2025-10-19,174.41,10.9,P2:38:P1:35:P3:27
Z-44,2025-10-20,166.99,11.32,P2:38:P1:35:P3:27
Z-44,2025-10-21,160.27,11.28,P2:38:P1:35:P3:27
Z-44,2025-10-22,166.03,10.32,P2:38:P1:35:P3:27
Z-44,2025-10-23,163.98,10.46,P2:38:P1:35:P3:27
Z-44,2025-10-24,0.0,0.0,P2:38:P1:35:P3:27
Z-44,2025-10-25,165.76,10.52,P2:38:P1:35:P3:27
Z-44,2025-10-26,162.13,11.31,P2:38:P1:35:P3:27
Z-44,2025-10-27,183.85,11.62,P2:38:P1:35:P3:27
Z-44,2025-10-28,162.07,10.63,P2:38:P1:35:P3:27
Z-44,2025-10-29,171.87,10.67,P2:38:P1:35:P3:27
Z-44,2025-10-30,172.9,10.84,P2:38:P1:35:P3:27
Z-44,2025-10-31,177.54,11.31,P2:38:P1:35:P3:27
Z-44,2025-11-01,172.11,11.03,P2:38:P1:35:P3:27
Z-44,2025-11-02,160.87,10.97,P2:38:P1:35:P3:27
Z-44,2025-11-03,166.42,10.84,P2:38:P1:35:P3:27
Z-44,2025-11-04,171.46,11.04,P2:38:P1:35:P3:27
Z-44,2025-11-05,165.17,10.55,P2:38:P1:35:P3:27
Z-44,2025-11-06,166.99,10.78,P2:38:P1:35:P3:27
Z-44,2025-11-07,152.69,10.85,P2:38:P1:35:P3:27
Z-44,2025-11-08,169.11,11.27,P2:38:P1:35:P3:27
Z-44,2025-11-09,164.56,10.77,P2:38:P1:35:P3:27
Z-44,2025-11-10,179.17,11.24,P2:38:P1:35:P3:27
Z-44,2025-11-11,173.62,11.4,P2:38:P1:35:P3:27
Z-44,2025-11-12,163.0,11.3,P2:38:P1:35:P3:27
Z-44,2025-11-13,177.7,11.38,P2:38:P1:35:P3:27
Z-44,2025-11-14,169.67,10.91,P2:38:P1:35:P3:27
Z-44,2025-11-15,167.54,10.54,P2:38:P1:35:P3:27
Z-44,2025-11-16,159.23,11.12,P2:38:P1:35:P3:27
Z-44,2025-11-17,171.9,10.93,P2:38:P1:35:P3:27
Z-44,2025-11-18,157.08,10.69,P2:38:P1:35:P3:27
Z-44,2025-11-19,171.25,10.87,P2:38:P1:35:P3:27
Z-44,2025-11-20,180.55,11.03,P2:38:P1:35:P3:27
Z-44,2025-11-21,152.47,10.94,P2:38:P1:35:P3:27
Z-44,2025-11-22,169.07,10.71,P2:38:P1:35:P3:27
Z-44,2025-11-23,174.47,11.57,P2:38:P1:35:P3:27
Z-44,2025-11-24,157.83,10.78,P2:38:P1:35:P3:27
Z-44,2025-11-25,176.71,10.87,P2:38:P1:35:P3:27
Z-44,2025-11-26,164.33,10.49,P2:38:P1:35:P3:27
Z-44,2025-11-27,169.14,11.41,P2:38:P1:35:P3:27
Z-44,2025-11-28,165.18,11.16,P2:38:P1:35:P3:27
Z-44,2025-11-29,168.15,10.89,P2:38:P1:35:P3:27
Z-44,2025-11-30,170.29,11.23,P2:38:P1:35:P3:27
Z-44,2025-12-01,163.59,10.98,P2:38:P1:35:P3:27
Z-44,2025-12-02,159.17,11.13,P2:38:P1:35:P3:27
Z-44,2025-12-03,168.81,10.77,P2:38:P1:35:P3:27
Z-44,2025-12-04,165.82,10.88,P2:38:P1:35:P3:27
Z-44,2025-12-05,164.17,10.94,P2:38:P1:35:P3:27
Z-44,2025-12-06,170.52,10.79,P2:38:P1:35:P3:27
Z-44,2025-12-07,171.47,11.12,P2:38:P1:35:P3:27
Z-44,2025-12-08,165.48,10.6,P2:38:P1:35:P3:27
Z-44,2025-12-09,179.4,10.87,P2:38:P1:35:P3:27
Z-44,2025-12-10,163.02,10.34,P2:38:P1:35:P3:27
Z-44,2025-12-11,181.35,10.72,P2:38:P1:35:P3:27
Z-44,2025-12-12,163.94,10.95,P2:38:P1:35:P3:27
Z-44,2025-12-13,163.18,11.12,P2:38:P1:35:P3:27
Z-44,2025-12-14,160.65,11.1,P2:38:P1:35:P3:27
Z-44,2025-12-15,172.94,11.58,P2:38:P1:35:P3:27
Z-44,2025-12-16,173.64,10.78,P2:38:P1:35:P3:27
Z-44,2025-12-17,152.25,11.27,P2:38:P1:35:P3:27
Z-44,2025-12-18,159.43,11.32,P2:38:P1:35:P3:27
Z-44,2025-12-19,166.02,11.2,P2:38:P1:35:P3:27
Z-44,2025-12-20,173.66,10.58,P2:38:P1:35:P3:27
Z-44,2025-12-21,174.97,10.57,P2:38:P1:35:P3:27
Z-44,2025-12-22,163.73,10.87,P2:38:P1:35:P3:27
Z-44,2025-12-23,173.45,10.5,P2:38:P1:35:P3:27
Z-44,2025-12-24,158.74,10.34,P2:38:P1:35:P3:27
Z-44,2025-12-25,163.59,10.94,P2:38:P1:35:P3:27
Z-44,2025-12-26,174.38,11.06,P2:38:P1:35:P3:27
Z-44,2025-12-27,169.3,11.22,P2:38:P1:35:P3:27
Z-44,2025-12-28,165.67,10.82,P2:38:P1:35:P3:27
Z-44,2025-12-29,152.48,11.48,P2:38:P1:35:P3:27
Z-44,2025-12-30,168.66,11.04,P2:38:P1:35:P3:27
Z-44,2025-12-31,174.47,11.22,P2:38:P1:35:P3:27
Z-44,2026-01-01,182.82,10.85,P2:38:P1:35:P3:27
Z-44,2026-01-02,172.72,11.27,P2:38:P1:35:P3:27
Z-44,2026-01-03,164.98,11.75,P2:38:P1:35:P3:27
Z-44,2026-01-04,170.2,11.58,P2:38:P1:35:P3:27
Z-44,2026-01-05,168.91,11.36,P2:38:P1:35:P3:27
Z-44,2026-01-06,173.14,11.0,P2:38:P1:35:P3:27
Z-44,2026-01-07,159.11,11.33,P2:38:P1:35:P3:27
Z-44,2026-01-08,166.07,10.81,P2:38:P1:35:P3:27
Z-44,2026-01-09,169.82,11.37,P2:38:P1:35:P3:27
Z-44,2026-01-10,168.69,11.04,P2:38:P1:35:P3:27
Z-44,2026-01-11,0.0,0.0,P2:38:P1:35:P3:27
Z-44,2026-01-12,166.51,10.18,P2:38:P1:35:P3:27
Z-44,2026-01-13,158.48,10.59,P2:38:P1:35:P3:27
Z-44,2026-01-14,175.29,11.18,P2:38:P1:35:P3:27
Z-44,2026-01-15,162.07,11.1,P2:38:P1:35:P3:27
Z-44,2026-01-16,167.27,11.0,P2:38:P1:35:P3:27
Z-44,2026-01-17,178.68,11.17,P2:38:P1:35:P3:27
Z-44,2026-01-18,173.1,10.69,P2:38:P1:35:P3:27
Z-44,2026-01-19,165.5,10.74,P2:38:P1:35:P3:27
Z-44,2026-01-20,165.8,11.41,P2:38:P1:35:P3:27
Z-44,2026-01-21,167.34,10.88,P2:38:P1:35:P3:27
Z-44,2026-01-22,156.51,10.97,P2:38:P1:35:P3:27
Z-44,2026-01-23,175.44,11.24,P2:38:P1:35:P3:27
Z-44,2026-01-24,162.41,11.19,P2:38:P1:35:P3:27
Z-44,2026-01-25,167.36,10.61,P2:38:P1:35:P3:27
Z-44,2026-01-26,153.0,11.16,P2:38:P1:35:P3:27
Z-44,2026-01-27,163.95,10.74,P2:38:P1:35:P3:27
Z-44,2026-01-28,165.25,10.74,P2:38:P1:35:P3:27
Z-44,2026-01-29,169.42,11.19,P2:38:P1:35:P3:27
Z-44,2026-01-30,165.02,11.07,P2:38:P1:35:P3:27
Z-44,2026-01-31,175.57,10.99,P2:38:P1:35:P3:27
Z-44,2026-02-01,165.56,10.95,P2:38:P1:35:P3:27
Z-44,2026-02-02,174.04,11.25,P2:38:P1:35:P3:27
Z-44,2026-02-03,164.86,10.95,P2:38:P1:35:P3:27
Z-44,2026-02-04,168.73,11.24,P2:38:P1:35:P3:27
Z-44,2026-02-05,170.21,11.04,P2:38:P1:35:P3:27
Z-44,2026-02-06,159.91,11.14,P2:38:P1:35:P3:27
Z-44,2026-02-07,166.66,10.94,P2:38:P1:35:P3:27
Z-44,2026-02-08,170.87,10.54,P2:38:P1:35:P3:27
Z-44,2026-02-09,175.32,11.02,P2:38:P1:35:P3:27
Z-44,2026-02-10,164.05,11.13,P2:38:P1:35:P3:27
Z-44,2026-02-11,174.68,11.05,P2:38:P1:35:P3:27
Z-44,2026-02-12,170.45,11.08,P2:38:P1:35:P3:27
Z-44,2026-02-13,174.16,11.24,P2:38:P1:35:P3:27
Z-44,2026-02-14,167.75,10.91,P2:38:P1:35:P3:27
Z-44,2026-02-15,164.61,11.13,P2:38:P1:35:P3:27
Z-44,2026-02-16,174.82,10.75,P2:38:P1:35:P3:27
Z-44,2026-02-17,167.1,10.38,P2:38:P1:35:P3:27
Z-44,2026-02-18,165.52,11.02,P2:38:P1:35:P3:27
Z-44,2026-02-19,168.44,11.27,P2:38:P1:35:P3:27
Z-44,2026-02-20,173.58,10.76,P2:38:P1:35:P3:27
Z-44,2026-02-21,168.48,11.38,P2:38:P1:35:P3:27
Z-44,2026-02-22,164.73,10.98,P2:38:P1:35:P3:27
Z-44,2026-02-23,174.98,11.4,P2:38:P1:35:P3:27
Z-44,2026-02-24,172.58,10.89,P2:38:P1:35:P3:27
Z-44,2026-02-25,167.31,11.43,P2:38:P1:35:P3:27
Z-44,2026-02-26,169.67,11.5,P2:38:P1:35:P3:27
Z-44,2026-02-27,170.48,10.5,P2:38:P1:35:P3:27
Z-44,2026-02-28,165.45,10.7,P2:38:P1:35:P3:27
Z-44,2026-03-01,169.81,10.68,P2:38:P1:35:P3:27
Z-44,2026-03-02,161.44,11.12,P2:38:P1:35:P3:27
Z-44,2026-03-03,159.71,10.57,P2:38:P1:35:P3:27
Z-44,2026-03-04,167.69,10.82,P2:38:P1:35:P3:27
Z-44,2026-03-05,162.0,11.12,P2:38:P1:35:P3:27
Z-44,2026-03-06,170.93,10.77,P2:38:P1:35:P3:27
Z-44,2026-03-07,165.92,11.12,P2:38:P1:35:P3:27
Z-44,2026-03-08,164.79,11.0,P2:38:P1:35:P3:27
Z-44,2026-03-09,166.78,10.76,P2:38:P1:35:P3:27
Z-44,2026-03-10,163.27,11.08,P2:38:P1:35:P3:27
Z-44,2026-03-11,169.13,11.27,P2:38:P1:35:P3:27
Z-44,2026-03-12,164.91,10.28,P2:38:P1:35:P3:27
Z-44,2026-03-13,174.33,11.75,P2:38:P1:35:P3:27
Z-44,2026-03-14,155.64,11.02,P2:38:P1:35:P3:27
Z-44,2026-03-15,177.01,11.1,P2:38:P1:35:P3:27
Z-44,2026-03-16,175.14,10.95,P2:38:P1:35:P3:27
Z-44,2026-03-17,169.05,11.39,P2:38:P1:35:P3:27
Z-44,2026-03-18,160.1,11.2,P2:38:P1:35:P3:27
Z-44,2026-03-19,171.18,10.67,P2:38:P1:35:P3:27
Z-44,2026-03-20,156.6,10.99,P2:38:P1:35:P3:27
Z-44,2026-03-21,152.16,11.14,P2:38:P1:35:P3:27
Z-44,2026-03-22,170.72,10.65,P2:38:P1:35:P3:27
Z-44,2026-03-23,156.58,10.73,P2:38:P1:35:P3:27
Z-44,2026-03-24,169.11,10.91,P2:38:P1:35:P3:27
Z-44,2026-03-25,169.46,11.22,P2:38:P1:35:P3:27
Z-44,2026-03-26,165.4,11.41,P2:38:P1:35:P3:27
Z-44,2026-03-27,171.01,10.94,P2:38:P1:35:P3:27
Z-44,2026-03-28,172.5,11.07,P2:38:P1:35:P3:27
Z-44,2026-03-29,0.0,0.0,P2:38:P1:35:P3:27
Z-44,2026-03-30,159.85,10.92,P2:38:P1:35:P3:27
Z-44,2026-03-31,162.27,10.59,P2:38:P1:35:P3:27
Z-44,2026-04-01,159.4,10.88,P2:38:P1:35:P3:27
Z-44,2026-04-02,161.09,11.45,P2:38:P1:35:P3:27
Z-44,2026-04-03,174.54,10.95,P2:38:P1:35:P3:27
Z-44,2026-04-04,161.4,11.1,P2:38:P1:35:P3:27
Z-44,2026-04-05,165.23,10.73,P2:38:P1:35:P3:27
Z-44,2026-04-06,181.9,11.09,P2:38:P1:35:P3:27
Z-44,2026-04-07,159.07,10.94,P2:38:P1:35:P3:27
Z-44,2026-04-08,171.08,11.29,P2:38:P1:35:P3:27
Z-44,2026-04-09,173.16,10.63,P2:38:P1:35:P3:27
Z-44,2026-04-10,168.12,10.3,P2:38:P1:35:P3:27
Z-44,2026-04-11,166.77,10.16,P2:38:P1:35:P3:27
Z-44,2026-04-12,175.0,10.89,P2:38:P1:35:P3:27
Z-44,2026-04-13,165.71,10.6,P2:38:P1:35:P3:27
Z-44,2026-04-14,156.91,11.23,P2:38:P1:35:P3:27
Z-44,2026-04-15,163.49,11.04,P2:38:P1:35:P3:27
Z-44,2026-04-16,155.7,10.78,P2:38:P1:35:P3:27
Z-44,2026-04-17,168.83,10.72,P2:38:P1:35:P3:27
Z-44,2026-04-18,171.6,10.67,P2:38:P1:35:P3:27
Z-44,2026-04-19,176.95,11.73,P2:38:P1:35:P3:27
Z-44,2026-04-20,169.61,10.84,P2:38:P1:35:P3:27
Z-44,2026-04-21,165.41,11.44,P2:38:P1:35:P3:27
Z-44,2026-04-22,164.9,11.05,P2:38:P1:35:P3:27
Z-44,2026-04-23,166.5,11.2,P2:38:P1:35:P3:27
Z-44,2026-04-24,171.33,10.95,P2:38:P1:35:P3:27
Z-44,2026-04-25,154.69,11.1,P2:38:P1:35:P3:27
Z-44,2026-04-26,152.2,11.41,P2:38:P1:35:P3:27
Z-44,2026-04-27,166.87,10.65,P2:38:P1:35:P3:27
Z-44,2026-04-28,178.14,10.88,P2:38:P1:35:P3:27
Z-44,2026-04-29,169.94,11.17,P2:38:P1:35:P3:27
Z-44,2026-04-30,167.28,10.99,P2:38:P1:35:P3:27
Z-44,2026-05-01,172.12,11.0,P2:38:P1:35:P3:27
Z-44,2026-05-02,0.0,0.0,P2:38:P1:35:P3:27
Z-44,2026-05-03,169.82,10.7,P2:38:P1:35:P3:27
Z-44,2026-05-04,176.71,11.25,P2:38:P1:35:P3:27
Z-44,2026-05-05,159.34,10.5,P2:38:P1:35:P3:27
Z-44,2026-05-06,158.73,11.09,P2:38:P1:35:P3:27
Z-44,2026-05-07,173.82,11.03,P2:38:P1:35:P3:27
Z-44,2026-05-08,156.11,10.92,P2:38:P1:35:P3:27
Z-44,2026-05-09,169.54,11.4,P2:38:P1:35:P3:27
Z-44,2026-05-10,157.96,10.48,P2:38:P1:35:P3:27
Z-44,2026-05-11,163.0,10.97,P2:38:P1:35:P3:27
Z-44,2026-05-12,165.6,11.2,P2:38:P1:35:P3:27
Z-44,2026-05-13,162.55,10.9,P2:38:P1:35:P3:27
Z-44,2026-05-14,171.17,10.45,P2:38:P1:35:P3:27
Z-44,2026-05-15,172.54,11.21,P2:38:P1:35:P3:27
Z-44,2026-05-16,162.69,11.44,P2:38:P1:35:P3:27
Z-44,2026-05-17,159.44,11.0,P2:38:P1:35:P3:27
Z-44,2026-05-18,164.43,10.88,P2:38:P1:35:P3:27
Z-44,2026-05-19,163.16,11.26,P2:38:P1:35:P3:27
Z-44,2026-05-20,156.49,11.24,P2:38:P1:35:P3:27
Z-44,2026-05-21,170.61,11.43,P2:38:P1:35:P3:27
Z-44,2026-05-22,174.69,10.82,P2:38:P1:35:P3:27
Z-44,2026-05-23,153.78,10.86,P2:38:P1:35:P3:27
Z-44,2026-05-24,166.01,11.24,P2:38:P1:35:P3:27
Z-44,2026-05-25,178.56,11.6,P2:38:P1:35:P3:27
Z-44,2026-05-26,167.64,11.2,P2:38:P1:35:P3:27
Z-44,2026-05-27,171.78,10.69,P2:38:P1:35:P3:27
Z-44,2026-05-28,169.82,10.9,P2:38:P1:35:P3:27
Z-44,2026-05-29,166.24,10.54,P2:38:P1:35:P3:27
Z-44,2026-05-30,172.93,10.86,P2:38:P1:35:P3:27
Z-44,2026-05-31,163.59,10.75,P2:38:P1:35:P3:27
Z-44,2026-06-01,169.33,11.16,P2:38:P1:35:P3:27
Z-44,2026-06-02,171.56,10.98,P2:38:P1:35:P3:27
Z-44,2026-06-03,171.3,10.49,P2:38:P1:35:P3:27
Z-44,2026-06-04,171.75,10.65,P2:38:P1:35:P3:27
Z-44,2026-06-05,162.82,10.73,P2:38:P1:35:P3:27
Z-44,2026-06-06,172.19,10.75,P2:38:P1:35:P3:27
Z-44,2026-06-07,160.84,11.22,P2:38:P1:35:P3:27
Z-44,2026-06-08,175.51,10.84,P2:38:P1:35:P3:27
Z-44,2026-06-09,177.27,10.5,P2:38:P1:35:P3:27
Z-44,2026-06-10,169.11,11.44,P2:38:P1:35:P3:27
Z-44,2026-06-11,160.66,10.24,P2:38:P1:35:P3:27
Z-44,2026-06-12,165.75,11.32,P2:38:P1:35:P3:27
Z-44,2026-06-13,164.46,11.09,P2:38:P1:35:P3:27
Z-44,2026-06-14,165.46,10.14,P2:38:P1:35:P3:27
Z-44,2026-06-15,166.14,11.08,P2:38:P1:35:P3:27
Z-44,2026-06-16,163.45,10.7,P2:38:P1:35:P3:27
Z-44,2026-06-17,162.41,11.36,P2:38:P1:35:P3:27
Z-44,2026-06-18,163.35,11.31,P2:38:P1:35:P3:27
Z-44,2026-06-19,170.29,10.83,P2:38:P1:35:P3:27
Z-44,2026-06-20,175.35,11.15,P2:38:P1:35:P3:27
Z-44,2026-06-21,169.7,11.47,P2:38:P1:35:P3:27
Z-44,2026-06-22,180.67,10.94,P2:38:P1:35:P3:27
Z-44,2026-06-23,175.71,11.46,P2:38:P1:35:P3:27
Z-44,2026-06-24,174.77,11.03,P2:38:P1:35:P3:27
Z-44,2026-06-25,171.45,10.84,P2:38:P1:35:P3:27
Z-44,2026-06-26,163.75,10.99,P2:38:P1:35:P3:27
Z-44,2026-06-27,157.17,11.08,P2:38:P1:35:P3:27
Z-44,2026-06-28,161.82,11.32,P2:38:P1:35:P3:27
Z-44,2026-06-29,0.0,0.0,P2:38:P1:35:P3:27
Z-44,2026-06-30,0.0,0.0,P2:38:P1:35:P3:27
Z-44,2026-07-01,172.95,11.13,P2:38:P1:35:P3:27
Z-44,2026-07-02,169.22,11.42,P2:38:P1:35:P3:27
Z-44,2026-07-03,170.16,10.99,P2:38:P1:35:P3:27
Z-44,2026-07-04,169.21,11.28,P2:38:P1:35:P3:27
Z-44,2026-07-05,164.78,10.85,P2:38:P1:35:P3:27
Z-44,2026-07-06,170.97,11.07,P2:38:P1:35:P3:27
Z-44,2026-07-07,167.52,10.7,P2:38:P1:35:P3:27
Z-44,2026-07-08,164.02,11.25,P2:38:P1:35:P3:27
Z-44,2026-07-09,169.38,10.79,P2:38:P1:35:P3:27
Z-44,2026-07-10,166.78,10.76,P2:38:P1:35:P3:27
Z-44,2026-07-11,173.35,10.56,P2:38:P1:35:P3:27
Z-44,2026-07-12,167.77,11.26,P2:38:P1:35:P3:27
Z-44,2026-07-13,165.42,10.8,P2:38:P1:35:P3:27
Z-44,2026-07-14,168.81,11.19,P2:38:P1:35:P3:27
Z-44,2026-07-15,163.36,10.77,P2:38:P1:35:P3:27
Z-44,2026-07-16,178.72,11.26,P2:38:P1:35:P3:27
Z-44,2026-07-17,163.89,11.16,P2:38:P1:35:P3:27
Z-44,2026-07-18,177.47,10.95,P2:38:P1:35:P3:27
Z-44,2026-07-19,166.26,10.94,P2:38:P1:35:P3:27
Z-44,2026-07-20,165.83,11.18,P2:38:P1:35:P3:27
Z-44,2026-07-21,168.94,11.07,P2:38:P1:35:P3:27
Z-44,2026-07-22,178.46,10.84,P2:38:P1:35:P3:27
Z-44,2026-07-23,162.06,11.03,P2:38:P1:35:P3:27
Z-44,2026-07-24,164.91,10.96,P2:38:P1:35:P3:27
Z-44,2026-07-25,164.6,10.96,P2:38:P1:35:P3:27
Z-44,2026-07-26,170.16,10.84,P2:38:P1:35:P3:27
Z-44,2026-07-27,160.35,11.2,P2:38:P1:35:P3:27
Z-44,2026-07-28,167.42,11.49,P2:38:P1:35:P3:27
Z-44,2026-07-29,168.97,10.49,P2:38:P1:35:P3:27
Z-44,2026-07-30,172.88,10.75,P2:38:P1:35:P3:27
Z-44,2026-07-31,167.0,10.97,P2:38:P1:35:P3:27
Z-44,2026-08-01,168.12,11.32,P2:38:P1:35:P3:27
Z-44,2026-08-02,173.01,11.04,P2:38:P1:35:P3:27
Z-44,2026-08-03,175.25,11.06,P2:38:P1:35:P3:27
Z-44,2026-08-04,170.23,10.84,P2:38:P1:35:P3:27
Z-44,2026-08-05,163.87,10.98,P2:38:P1:35:P3:27
Z-44,2026-08-06,175.16,10.9,P2:38:P1:35:P3:27
Z-44,2026-08-07,157.66,11.05,P2:38:P1:35:P3:27
Z-44,2026-08-08,170.06,10.85,P2:38:P1:35:P3:27
Z-44,2026-08-09,170.24,11.51,P2:38:P1:35:P3:27
Z-44,2026-08-10,165.3,10.51,P2:38:P1:35:P3:27
Z-44,2026-08-11,164.59,10.85,P2:38:P1:35:P3:27
Z-44,2026-08-12,167.1,11.43,P2:38:P1:35:P3:27
Z-44,2026-08-13,170.51,11.22,P2:38:P1:35:P3:27
Z-44,2026-08-14,173.1,11.0,P2:38:P1:35:P3:27
Z-44,2026-08-15,167.2,10.26,P2:38:P1:35:P3:27
Z-44,2026-08-16,171.36,11.04,P2:38:P1:35:P3:27
Z-44,2026-08-17,161.0,10.93,P2:38:P1:35:P3:27
Z-44,2026-08-18,164.24,10.88,P2:38:P1:35:P3:27
Z-44,2026-08-19,171.59,11.47,P2:38:P1:35:P3:27
Z-44,2026-08-20,164.77,11.11,P2:38:P1:35:P3:27
Z-44,2026-08-21,173.98,11.23,P2:38:P1:35:P3:27
Z-44,2026-08-22,173.71,11.02,P2:38:P1:35:P3:27
Z-44,2026-08-23,165.04,11.41,P2:38:P1:35:P3:27
Z-44,2026-08-24,167.9,11.07,P2:38:P1:35:P3:27
Z-44,2026-08-25,166.03,11.4,P2:38:P1:35:P3:27
Z-44,2026-08-26,171.84,10.73,P2:38:P1:35:P3:27
Z-44,2026-08-27,160.49,11.02,P2:38:P1:35:P3:27
Z-44,2026-08-28,152.26,10.89,P2:38:P1:35:P3:27
Z-44,2026-08-29,173.2,11.07,P2:38:P1:35:P3:27
Z-44,2026-08-30,162.95,10.75,P2:38:P1:35:P3:27
Z-44,2026-08-31,160.98,10.95,P2:38:P1:35:P3:27
N-44,2025-09-01,167.09,17.56,P2:19:P1:37:P3:44
N-44,2025-09-02,174.05,16.8,P2:19:P1:37:P3:44
N-44,2025-09-03,167.02,16.99,P2:19:P1:37:P3:44
N-44,2025-09-04,165.58,17.26,P2:19:P1:37:P3:44
N-44,2025-09-05,168.83,16.8,P2:19:P1:37:P3:44
N-44,2025-09-06,158.49,16.76,P2:19:P1:37:P3:44
N-44,2025-09-07,159.65,16.41,P2:19:P1:37:P3:44
N-44,2025-09-08,160.63,16.5,P2:19:P1:37:P3:44
N-44,2025-09-09,173.76,16.92,P2:19:P1:37:P3:44
N-44,2025-09-10,173.88,16.93,P2:19:P1:37:P3:44
N-44,2025-09-11,166.51,17.23,P2:19:P1:37:P3:44
N-44,2025-09-12,162.37,16.81,P2:19:P1:37:P3:44
N-44,2025-09-13,174.24,17.39,P2:19:P1:37:P3:44
N-44,2025-09-14,177.81,16.74,P2:19:P1:37:P3:44
N-44,2025-09-15,0.0,0.0,P2:19:P1:37:P3:44
N-44,2025-09-16,156.79,16.97,P2:19:P1:37:P3:44
N-44,2025-09-17,170.65,16.88,P2:19:P1:37:P3:44
N-44,2025-09-18,169.5,17.28,P2:19:P1:37:P3:44
N-44,2025-09-19,167.52,17.5,P2:19:P1:37:P3:44
N-44,2025-09-20,166.81,16.82,P2:19:P1:37:P3:44
N-44,2025-09-21,185.21,17.01,P2:19:P1:37:P3:44
N-44,2025-09-22,164.76,16.9,P2:19:P1:37:P3:44
N-44,2025-09-23,168.14,16.71,P2:19:P1:37:P3:44
N-44,2025-09-24,166.76,17.05,P2:19:P1:37:P3:44
N-44,2025-09-25,181.19,17.01,P2:19:P1:37:P3:44
N-44,2025-09-26,160.29,17.09,P2:19:P1:37:P3:44
N-44,2025-09-27,160.99,17.17,P2:19:P1:37:P3:44
N-44,2025-09-28,175.29,16.77,P2:19:P1:37:P3:44
N-44,2025-09-29,174.64,17.3,P2:19:P1:37:P3:44
N-44,2025-09-30,165.12,16.75,P2:19:P1:37:P3:44
N-44,2025-10-01,167.22,16.58,P2:19:P1:37:P3:44
N-44,2025-10-02,173.97,16.87,P2:19:P1:37:P3:44
N-44,2025-10-03,170.04,17.07,P2:19:P1:37:P3:44
N-44,2025-10-04,153.08,17.18,P2:19:P1:37:P3:44
N-44,2025-10-05,175.73,16.87,P2:19:P1:37:P3:44
N-44,2025-10-06,173.1,16.5,P2:19:P1:37:P3:44
N-44,2025-10-07,174.15,16.95,P2:19:P1:37:P3:44
N-44,2025-10-08,170.41,16.77,P2:19:P1:37:P3:44
N-44,2025-10-09,168.01,16.75,P2:19:P1:37:P3:44
N-44,2025-10-10,166.87,16.57,P2:19:P1:37:P3:44
N-44,2025-10-11,172.8,17.03,P2:19:P1:37:P3:44
N-44,2025-10-12,171.65,17.31,P2:19:P1:37:P3:44
N-44,2025-10-13,170.92,16.68,P2:19:P1:37:P3:44
N-44,2025-10-14,171.51,16.85,P2:19:P1:37:P3:44
N-44,2025-10-15,175.98,16.25,P2:19:P1:37:P3:44
N-44,2025-10-16,163.71,17.34,P2:19:P1:37:P3:44
N-44,2025-10-17,177.16,16.42,P2:19:P1:37:P3:44
N-44,2025-10-18,178.53,16.76,P2:19:P1:37:P3:44
N-44,2025-10-19,162.49,17.07,P2:19:P1:37:P3:44
N-44,2025-10-20,165.71,17.26,P2:19:P1:37:P3:44
N-44,2025-10-21,158.56,17.23,P2:19:P1:37:P3:44
N-44,2025-10-22,181.13,16.92,P2:19:P1:37:P3:44
N-44,2025-10-23,161.53,16.2,P2:19:P1:37:P3:44
N-44,2025-10-24,159.08,16.89,P2:19:P1:37:P3:44
N-44,2025-10-25,165.11,17.14,P2:19:P1:37:P3:44
N-44,2025-10-26,172.28,16.52,P2:19:P1:37:P3:44
N-44,2025-10-27,172.65,16.94,P2:19:P1:37:P3:44
N-44,2025-10-28,157.63,16.81,P2:19:P1:37:P3:44
N-44,2025-10-29,172.81,16.6,P2:19:P1:37:P3:44
N-44,2025-10-30,159.66,16.94,P2:19:P1:37:P3:44
N-44,2025-10-31,168.61,16.38,P2:19:P1:37:P3:44
N-44,2025-11-01,165.08,16.62,P2:19:P1:37:P3:44
N-44,2025-11-02,166.09,17.21,P2:19:P1:37:P3:44
N-44,2025-11-03,165.82,16.8,P2:19:P1:37:P3:44
N-44,2025-11-04,166.4,16.95,P2:19:P1:37:P3:44
N-44,2025-11-05,166.67,16.85,P2:19:P1:37:P3:44
N-44,2025-11-06,164.42,17.2,P2:19:P1:37:P3:44
N-44,2025-11-07,175.45,17.07,P2:19:P1:37:P3:44
N-44,2025-11-08,167.13,16.86,P2:19:P1:37:P3:44
N-44,2025-11-09,165.93,17.69,P2:19:P1:37:P3:44
N-44,2025-11-10,166.37,16.67,P2:19:P1:37:P3:44
N-44,2025-11-11,159.67,16.66,P2:19:P1:37:P3:44
N-44,2025-11-12,174.8,16.57,P2:19:P1:37:P3:44
N-44,2025-11-13,174.92,16.67,P2:19:P1:37:P3:44
N-44,2025-11-14,181.78,16.78,P2:19:P1:37:P3:44
N-44,2025-11-15,171.96,17.35,P2:19:P1:37:P3:44
N-44,2025-11-16,173.33,16.8,P2:19:P1:37:P3:44
N-44,2025-11-17,163.41,17.38,P2:19:P1:37:P3:44
N-44,2025-11-18,165.32,16.83,P2:19:P1:37:P3:44
N-44,2025-11-19,174.04,16.57,P2:19:P1:37:P3:44
N-44,2025-11-20,160.21,17.16,P2:19:P1:37:P3:44
N-44,2025-11-21,183.23,17.31,P2:19:P1:37:P3:44
N-44,2025-11-22,173.43,17.12,P2:19:P1:37:P3:44
N-44,2025-11-23,162.35,16.82,P2:19:P1:37:P3:44
N-44,2025-11-24,160.21,17.2,P2:19:P1:37:P3:44
N-44,2025-11-25,172.62,16.54,P2:19:P1:37:P3:44
N-44,2025-11-26,175.31,16.87,P2:19:P1:37:P3:44
N-44,2025-11-27,177.71,16.75,P2:19:P1:37:P3:44
N-44,2025-11-28,177.48,16.67,P2:19:P1:37:P3:44
N-44,2025-11-29,156.07,16.96,P2:19:P1:37:P3:44
N-44,2025-11-30,166.21,16.64,P2:19:P1:37:P3:44
N-44,2025-12-01,164.95,17.11,P2:19:P1:37:P3:44
N-44,2025-12-02,168.66,17.55,P2:19:P1:37:P3:44
N-44,2025-12-03,164.77,16.94,P2:19:P1:37:P3:44
N-44,2025-12-04,166.56,17.05,P2:19:P1:37:P3:44
N-44,2025-12-05,161.27,16.43,P2:19:P1:37:P3:44
N-44,2025-12-06,165.27,16.83,P2:19:P1:37:P3:44
N-44,2025-12-07,165.88,16.83,P2:19:P1:37:P3:44
N-44,2025-12-08,150.06,16.82,P2:19:P1:37:P3:44
N-44,2025-12-09,166.81,17.25,P2:19:P1:37:P3:44
N-44,2025-12-10,171.79,16.59,P2:19:P1:37:P3:44
N-44,2025-12-11,160.68,16.86,P2:19:P1:37:P3:44
N-44,2025-12-12,173.07,16.59,P2:19:P1:37:P3:44
N-44,2025-12-13,170.39,16.86,P2:19:P1:37:P3:44
N-44,2025-12-14,171.21,17.01,P2:19:P1:37:P3:44
N-44,2025-12-15,177.58,17.36,P2:19:P1:37:P3:44
N-44,2025-12-16,174.45,17.11,P2:19:P1:37:P3:44
N-44,2025-12-17,173.12,17.08,P2:19:P1:37:P3:44
N-44,2025-12-18,155.64,16.95,P2:19:P1:37:P3:44
N-44,2025-12-19,173.77,16.81,P2:19:P1:37:P3:44
N-44,2025-12-20,177.35,17.33,P2:19:P1:37:P3:44
N-44,2025-12-21,160.69,16.9,P2:19:P1:37:P3:44
N-44,2025-12-22,163.34,17.27,P2:19:P1:37:P3:44
N-44,2025-12-23,172.42,16.94,P2:19:P1:37:P3:44
N-44,2025-12-24,169.87,16.83,P2:19:P1:37:P3:44
N-44,2025-12-25,170.1,17.0,P2:19:P1:37:P3:44
N-44,2025-12-26,162.81,16.88,P2:19:P1:37:P3:44
N-44,2025-12-27,162.91,17.07,P2:19:P1:37:P3:44
N-44,2025-12-28,161.45,16.48,P2:19:P1:37:P3:44
N-44,2025-12-29,175.89,16.67,P2:19:P1:37:P3:44
N-44,2025-12-30,172.62,16.58,P2:19:P1:37:P3:44
N-44,2025-12-31,167.78,16.69,P2:19:P1:37:P3:44
N-44,2026-01-01,158.52,16.5,P2:19:P1:37:P3:44
N-44,2026-01-02,0.0,0.0,P2:19:P1:37:P3:44
N-44,2026-01-03,166.77,17.21,P2:19:P1:37:P3:44
N-44,2026-01-04,168.43,17.06,P2:19:P1:37:P3:44
N-44,2026-01-05,174.14,16.97,P2:19:P1:37:P3:44
N-44,2026-01-06,167.5,16.88,P2:19:P1:37:P3:44
N-44,2026-01-07,177.46,16.99,P2:19:P1:37:P3:44
N-44,2026-01-08,174.7,16.61,P2:19:P1:37:P3:44
N-44,2026-01-09,179.85,16.83,P2:19:P1:37:P3:44
N-44,2026-01-10,165.32,16.64,P2:19:P1:37:P3:44
N-44,2026-01-11,168.6,16.65,P2:19:P1:37:P3:44
N-44,2026-01-12,164.52,17.7,P2:19:P1:37:P3:44
N-44,2026-01-13,177.46,16.72,P2:19:P1:37:P3:44
N-44,2026-01-14,169.24,16.75,P2:19:P1:37:P3:44
N-44,2026-01-15,184.72,16.48,P2:19:P1:37:P3:44
N-44,2026-01-16,169.14,16.75,P2:19:P1:37:P3:44
N-44,2026-01-17,167.07,17.35,P2:19:P1:37:P3:44
N-44,2026-01-18,162.49,17.07,P2:19:P1:37:P3:44
N-44,2026-01-19,167.32,16.9,P2:19:P1:37:P3:44
N-44,2026-01-20,164.2,16.91,P2:19:P1:37:P3:44
N-44,2026-01-21,167.28,17.16,P2:19:P1:37:P3:44
N-44,2026-01-22,161.04,16.96,P2:19:P1:37:P3:44
N-44,2026-01-23,155.18,17.05,P2:19:P1:37:P3:44
N-44,2026-01-24,165.35,16.79,P2:19:P1:37:P3:44
N-44,2026-01-25,170.18,17.19,P2:19:P1:37:P3:44
N-44,2026-01-26,177.47,16.77,P2:19:P1:37:P3:44
N-44,2026-01-27,163.26,17.26,P2:19:P1:37:P3:44
N-44,2026-01-28,170.68,16.71,P2:19:P1:37:P3:44
N-44,2026-01-29,167.35,17.13,P2:19:P1:37:P3:44
N-44,2026-01-30,168.74,17.02,P2:19:P1:37:P3:44
N-44,2026-01-31,164.16,16.98,P2:19:P1:37:P3:44
N-44,2026-02-01,169.78,17.23,P2:19:P1:37:P3:44
N-44,2026-02-02,170.19,16.37,P2:19:P1:37:P3:44
N-44,2026-02-03,165.23,16.46,P2:19:P1:37:P3:44
N-44,2026-02-04,165.92,16.35,P2:19:P1:37:P3:44
N-44,2026-02-05,168.34,17.26,P2:19:P1:37:P3:44
N-44,2026-02-06,163.05,16.99,P2:19:P1:37:P3:44
N-44,2026-02-07,165.13,16.82,P2:19:P1:37:P3:44
N-44,2026-02-08,162.64,16.92,P2:19:P1:37:P3:44
N-44,2026-02-09,164.79,16.92,P2:19:P1:37:P3:44
N-44,2026-02-10,165.79,17.27,P2:19:P1:37:P3:44
N-44,2026-02-11,171.1,16.56,P2:19:P1:37:P3:44
N-44,2026-02-12,170.02,16.9,P2:19:P1:37:P3:44
N-44,2026-02-13,178.57,16.55,P2:19:P1:37:P3:44
N-44,2026-02-14,187.22,16.86,P2:19:P1:37:P3:44
N-44,2026-02-15,164.91,17.3,P2:19:P1:37:P3:44
N-44,2026-02-16,165.11,16.75,P2:19:P1:37:P3:44
N-44,2026-02-17,159.69,17.08,P2:19:P1:37:P3:44
N-44,2026-02-18,164.89,16.89,P2:19:P1:37:P3:44
N-44,2026-02-19,159.5,17.12,P2:19:P1:37:P3:44
N-44,2026-02-20,166.04,17.28,P2:19:P1:37:P3:44
N-44,2026-02-21,168.09,16.7,P2:19:P1:37:P3:44
N-44,2026-02-22,163.99,17.1,P2:19:P1:37:P3:44
N-44,2026-02-23,161.42,17.06,P2:19:P1:37:P3:44
N-44,2026-02-24,178.84,17.01,P2:19:P1:37:P3:44
N-44,2026-02-25,177.87,17.1,P2:19:P1:37:P3:44
N-44,2026-02-26,155.89,16.81,P2:19:P1:37:P3:44
N-44,2026-02-27,171.21,16.75,P2:19:P1:37:P3:44
N-44,2026-02-28,173.18,17.18,P2:19:P1:37:P3:44
N-44,2026-03-01,166.37,16.3,P2:19:P1:37:P3:44
N-44,2026-03-02,172.62,16.9,P2:19:P1:37:P3:44
N-44,2026-03-03,180.77,17.39,P2:19:P1:37:P3:44
N-44,2026-03-04,169.42,16.79,P2:19:P1:37:P3:44
N-44,2026-03-05,160.13,16.79,P2:19:P1:37:P3:44
N-44,2026-03-06,165.58,17.07,P2:19:P1:37:P3:44
N-44,2026-03-07,168.84,16.86,P2:19:P1:37:P3:44
N-44,2026-03-08,164.37,16.76,P2:19:P1:37:P3:44
N-44,2026-03-09,169.44,16.87,P2:19:P1:37:P3:44
N-44,2026-03-10,171.84,17.03,P2:19:P1:37:P3:44
N-44,2026-03-11,170.91,16.71,P2:19:P1:37:P3:44
N-44,2026-03-12,168.26,16.74,P2:19:P1:37:P3:44
N-44,2026-03-13,178.61,17.03,P2:19:P1:37:P3:44
N-44,2026-03-14,168.07,16.73,P2:19:P1:37:P3:44
N-44,2026-03-15,172.46,17.18,P2:19:P1:37:P3:44
N-44,2026-03-16,164.56,16.91,P2:19:P1:37:P3:44
N-44,2026-03-17,161.88,16.61,P2:19:P1:37:P3:44
N-44,2026-03-18,170.52,16.81,P2:19:P1:37:P3:44
N-44,2026-03-19,161.08,17.3,P2:19:P1:37:P3:44
N-44,2026-03-20,169.2,16.87,P2:19:P1:37:P3:44
N-44,2026-03-21,172.52,16.86,P2:19:P1:37:P3:44
N-44,2026-03-22,173.6,17.78,P2:19:P1:37:P3:44
N-44,2026-03-23,163.99,17.2,P2:19:P1:37:P3:44
N-44,2026-03-24,180.12,16.99,P2:19:P1:37:P3:44
N-44,2026-03-25,155.52,17.03,P2:19:P1:37:P3:44
N-44,2026-03-26,179.09,17.17,P2:19:P1:37:P3:44
N-44,2026-03-27,175.31,17.12,P2:19:P1:37:P3:44
N-44,2026-03-28,0.0,0.0,P2:19:P1:37:P3:44
N-44,2026-03-29,170.02,17.4,P2:19:P1:37:P3:44
N-44,2026-03-30,172.54,17.1,P2:19:P1:37:P3:44
N-44,2026-03-31,165.62,16.67,P2:19:P1:37:P3:44
N-44,2026-04-01,171.38,16.65,P2:19:P1:37:P3:44
N-44,2026-04-02,168.57,16.41,P2:19:P1:37:P3:44
N-44,2026-04-03,163.19,16.66,P2:19:P1:37:P3:44
N-44,2026-04-04,158.84,16.5,P2:19:P1:37:P3:44
N-44,2026-04-05,163.88,16.48,P2:19:P1:37:P3:44
N-44,2026-04-06,168.68,16.94,P2:19:P1:37:P3:44
N-44,2026-04-07,162.79,16.6,P2:19:P1:37:P3:44
N-44,2026-04-08,162.39,16.34,P2:19:P1:37:P3:44
N-44,2026-04-09,172.82,16.58,P2:19:P1:37:P3:44
N-44,2026-04-10,169.91,17.0,P2:19:P1:37:P3:44
N-44,2026-04-11,176.29,16.87,P2:19:P1:37:P3:44
N-44,2026-04-12,168.12,16.98,P2:19:P1:37:P3:44
N-44,2026-04-13,160.77,17.03,P2:19:P1:37:P3:44
N-44,2026-04-14,171.63,17.04,P2:19:P1:37:P3:44
N-44,2026-04-15,170.42,16.88,P2:19:P1:37:P3:44
N-44,2026-04-16,165.03,16.82,P2:19:P1:37:P3:44
N-44,2026-04-17,162.33,17.25,P2:19:P1:37:P3:44
N-44,2026-04-18,167.77,16.59,P2:19:P1:37:P3:44
N-44,2026-04-19,154.17,16.92,P2:19:P1:37:P3:44
N-44,2026-04-20,168.95,17.03,P2:19:P1:37:P3:44
N-44,2026-04-21,151.1,16.89,P2:19:P1:37:P3:44
N-44,2026-04-22,170.67,17.45,P2:19:P1:37:P3:44
N-44,2026-04-23,169.9,16.47,P2:19:P1:37:P3:44
N-44,2026-04-24,166.25,17.2,P2:19:P1:37:P3:44
N-44,2026-04-25,173.59,17.23,P2:19:P1:37:P3:44
N-44,2026-04-26,172.6,16.7,P2:19:P1:37:P3:44
N-44,2026-04-27,177.52,17.16,P2:19:P1:37:P3:44
N-44,2026-04-28,175.81,17.34,P2:19:P1:37:P3:44
N-44,2026-04-29,166.72,16.77,P2:19:P1:37:P3:44
N-44,2026-04-30,175.29,17.45,P2:19:P1:37:P3:44
N-44,2026-05-01,169.85,16.68,P2:19:P1:37:P3:44
N-44,2026-05-02,178.56,16.59,P2:19:P1:37:P3:44
N-44,2026-05-03,163.96,16.82,P2:19:P1:37:P3:44
N-44,2026-05-04,161.25,17.14,P2:19:P1:37:P3:44
N-44,2026-05-05,156.1,16.62,P2:19:P1:37:P3:44
N-44,2026-05-06,173.26,17.37,P2:19:P1:37:P3:44
N-44,2026-05-07,160.5,17.25,P2:19:P1:37:P3:44
N-44,2026-05-08,187.87,17.12,P2:19:P1:37:P3:44
N-44,2026-05-09,0.0,0.0,P2:19:P1:37:P3:44
N-44,2026-05-10,167.93,16.66,P2:19:P1:37:P3:44
N-44,2026-05-11,176.53,16.79,P2:19:P1:37:P3:44
N-44,2026-05-12,175.67,16.56,P2:19:P1:37:P3:44
N-44,2026-05-13,164.69,16.67,P2:19:P1:37:P3:44
N-44,2026-05-14,175.21,17.12,P2:19:P1:37:P3:44
N-44,2026-05-15,169.84,17.6,P2:19:P1:37:P3:44
N-44,2026-05-16,168.45,16.11,P2:19:P1:37:P3:44
N-44,2026-05-17,152.25,17.14,P2:19:P1:37:P3:44
N-44,2026-05-18,170.78,16.21,P2:19:P1:37:P3:44
N-44,2026-05-19,168.1,16.4,P2:19:P1:37:P3:44
N-44,2026-05-20,163.71,16.92,P2:19:P1:37:P3:44
N-44,2026-05-21,170.94,16.7,P2:19:P1:37:P3:44
N-44,2026-05-22,164.5,16.84,P2:19:P1:37:P3:44
N-44,2026-05-23,163.09,17.03,P2:19:P1:37:P3:44
N-44,2026-05-24,186.15,17.06,P2:19:P1:37:P3:44
N-44,2026-05-25,160.6,16.87,P2:19:P1:37:P3:44
N-44,2026-05-26,171.67,16.84,P2:19:P1:37:P3:44
N-44,2026-05-27,173.55,16.4,P2:19:P1:37:P3:44
N-44,2026-05-28,171.33,16.86,P2:19:P1:37:P3:44
N-44,2026-05-29,187.52,17.22,P2:19:P1:37:P3:44
N-44,2026-05-30,171.83,16.88,P2:19:P1:37:P3:44
N-44,2026-05-31,158.78,16.25,P2:19:P1:37:P3:44
N-44,2026-06-01,165.01,16.6,P2:19:P1:37:P3:44
N-44,2026-06-02,166.82,17.24,P2:19:P1:37:P3:44
N-44,2026-06-03,172.6,16.73,P2:19:P1:37:P3:44
N-44,2026-06-04,0.0,0.0,P2:19:P1:37:P3:44
N-44,2026-06-05,174.37,17.02,P2:19:P1:37:P3:44
N-44,2026-06-06,167.92,16.62,P2:19:P1:37:P3:44
N-44,2026-06-07,167.93,16.5,P2:19:P1:37:P3:44
N-44,2026-06-08,0.0,0.0,P2:19:P1:37:P3:44
N-44,2026-06-09,162.56,17.4,P2:19:P1:37:P3:44
N-44,2026-06-10,180.6,17.01,P2:19:P1:37:P3:44
N-44,2026-06-11,162.94,17.01,P2:19:P1:37:P3:44
N-44,2026-06-12,178.91,17.32,P2:19:P1:37:P3:44
N-44,2026-06-13,169.66,17.68,P2:19:P1:37:P3:44
N-44,2026-06-14,171.03,16.68,P2:19:P1:37:P3:44
N-44,2026-06-15,164.5,16.54,P2:19:P1:37:P3:44
N-44,2026-06-16,169.18,16.56,P2:19:P1:37:P3:44
N-44,2026-06-17,161.13,16.86,P2:19:P1:37:P3:44
N-44,2026-06-18,164.1,17.2,P2:19:P1:37:P3:44
N-44,2026-06-19,169.59,16.5,P2:19:P1:37:P3:44
N-44,2026-06-20,164.98,16.96,P2:19:P1:37:P3:44
N-44,2026-06-21,158.85,17.04,P2:19:P1:37:P3:44
N-44,2026-06-22,172.1,16.8,P2:19:P1:37:P3:44
N-44,2026-06-23,171.21,16.87,P2:19:P1:37:P3:44
N-44,2026-06-24,174.86,17.34,P2:19:P1:37:P3:44
N-44,2026-06-25,171.18,17.27,P2:19:P1:37:P3:44
N-44,2026-06-26,160.28,17.16,P2:19:P1:37:P3:44
N-44,2026-06-27,170.36,16.68,P2:19:P1:37:P3:44
N-44,2026-06-28,160.28,16.61,P2:19:P1:37:P3:44
N-44,2026-06-29,166.82,17.07,P2:19:P1:37:P3:44
N-44,2026-06-30,173.99,17.25,P2:19:P1:37:P3:44
N-44,2026-07-01,179.35,16.29,P2:19:P1:37:P3:44
N-44,2026-07-02,164.99,17.41,P2:19:P1:37:P3:44
N-44,2026-07-03,161.28,17.2,P2:19:P1:37:P3:44
N-44,2026-07-04,161.34,17.26,P2:19:P1:37:P3:44
N-44,2026-07-05,174.52,16.47,P2:19:P1:37:P3:44
N-44,2026-07-06,156.07,17.0,P2:19:P1:37:P3:44
N-44,2026-07-07,159.07,16.61,P2:19:P1:37:P3:44
N-44,2026-07-08,175.03,17.19,P2:19:P1:37:P3:44
N-44,2026-07-09,165.01,16.57,P2:19:P1:37:P3:44
N-44,2026-07-10,169.12,17.44,P2:19:P1:37:P3:44
N-44,2026-07-11,160.43,16.44,P2:19:P1:37:P3:44
N-44,2026-07-12,157.69,16.9,P2:19:P1:37:P3:44
N-44,2026-07-13,166.34,16.76,P2:19:P1:37:P3:44
N-44,2026-07-14,165.77,16.83,P2:19:P1:37:P3:44
N-44,2026-07-15,163.76,17.33,P2:19:P1:37:P3:44
N-44,2026-07-16,170.13,16.71,P2:19:P1:37:P3:44
N-44,2026-07-17,171.69,16.94,P2:19:P1:37:P3:44
N-44,2026-07-18,180.63,16.84,P2:19:P1:37:P3:44
N-44,2026-07-19,165.75,17.07,P2:19:P1:37:P3:44
N-44,2026-07-20,160.71,17.53,P2:19:P1:37:P3:44
N-44,2026-07-21,168.06,17.21,P2:19:P1:37:P3:44
N-44,2026-07-22,156.8,17.15,P2:19:P1:37:P3:44
N-44,2026-07-23,171.96,16.65,P2:19:P1:37:P3:44
N-44,2026-07-24,163.28,17.03,P2:19:P1:37:P3:44
N-44,2026-07-25,174.28,16.93,P2:19:P1:37:P3:44
N-44,2026-07-26,170.52,17.04,P2:19:P1:37:P3:44
N-44,2026-07-27,169.74,16.58,P2:19:P1:37:P3:44
N-44,2026-07-28,170.81,16.77,P2:19:P1:37:P3:44
N-44,2026-07-29,152.38,16.87,P2:19:P1:37:P3:44
N-44,2026-07-30,167.01,17.47,P2:19:P1:37:P3:44
N-44,2026-07-31,172.31,16.76,P2:19:P1:37:P3:44
N-44,2026-08-01,175.62,17.11,P2:19:P1:37:P3:44
N-44,2026-08-02,173.83,16.71,P2:19:P1:37:P3:44
N-44,2026-08-03,0.0,0.0,P2:19:P1:37:P3:44
N-44,2026-08-04,0.0,0.0,P2:19:P1:37:P3:44
N-44,2026-08-05,163.73,17.25,P2:19:P1:37:P3:44
N-44,2026-08-06,160.51,17.22,P2:19:P1:37:P3:44
N-44,2026-08-07,163.77,17.07,P2:19:P1:37:P3:44
N-44,2026-08-08,170.92,16.73,P2:19:P1:37:P3:44
N-44,2026-08-09,171.09,16.09,P2:19:P1:37:P3:44
N-44,2026-08-10,160.58,17.32,P2:19:P1:37:P3:44
N-44,2026-08-11,165.91,17.49,P2:19:P1:37:P3:44
N-44,2026-08-12,170.73,16.87,P2:19:P1:37:P3:44
N-44,2026-08-13,0.0,0.0,P2:19:P1:37:P3:44
N-44,2026-08-14,162.64,16.79,P2:19:P1:37:P3:44
N-44,2026-08-15,166.72,17.03,P2:19:P1:37:P3:44
N-44,2026-08-16,168.59,16.83,P2:19:P1:37:P3:44
N-44,2026-08-17,167.61,17.12,P2:19:P1:37:P3:44
N-44,2026-08-18,169.25,16.74,P2:19:P1:37:P3:44
N-44,2026-08-19,176.88,17.02,P2:19:P1:37:P3:44
N-44,2026-08-20,178.88,16.34,P2:19:P1:37:P3:44
N-44,2026-08-21,169.2,17.57,P2:19:P1:37:P3:44
N-44,2026-08-22,165.0,17.02,P2:19:P1:37:P3:44
N-44,2026-08-23,172.37,16.45,P2:19:P1:37:P3:44
N-44,2026-08-24,173.37,16.96,P2:19:P1:37:P3:44
N-44,2026-08-25,170.84,16.37,P2:19:P1:37:P3:44
N-44,2026-08-26,165.0,16.57,P2:19:P1:37:P3:44
N-44,2026-08-27,152.04,16.81,P2:19:P1:37:P3:44
N-44,2026-08-28,167.65,17.15,P2:19:P1:37:P3:44
N-44,2026-08-29,177.21,16.66,P2:19:P1:37:P3:44
N-44,2026-08-30,168.13,16.82,P2:19:P1:37:P3:44
N-44,2026-08-31,167.7,16.83,P2:19:P1:37:P3:44
Z-45,2025-09-01,161.34,17.36,P2:57:P3:43
Z-45,2025-09-02,156.64,17.1,P2:57:P3:43
Z-45,2025-09-03,158.38,17.44,P2:57:P3:43
Z-45,2025-09-04,156.99,17.5,P2:57:P3:43
Z-45,2025-09-05,153.73,17.31,P2:57:P3:43
Z-45,2025-09-06,152.24,17.78,P2:57:P3:43
Z-45,2025-09-07,149.04,17.68,P2:57:P3:43
Z-45,2025-09-08,157.59,16.99,P2:57:P3:43
Z-45,2025-09-09,156.39,17.22,P2:57:P3:43
Z-45,2025-09-10,155.45,17.02,P2:57:P3:43
Z-45,2025-09-11,0.0,0.0,P2:57:P3:43
Z-45,2025-09-12,151.3,17.58,P2:57:P3:43
Z-45,2025-09-13,158.76,17.24,P2:57:P3:43
Z-45,2025-09-14,164.21,17.1,P2:57:P3:43
Z-45,2025-09-15,153.63,16.78,P2:57:P3:43
Z-45,2025-09-16,159.66,17.47,P2:57:P3:43
Z-45,2025-09-17,153.04,17.36,P2:57:P3:43
Z-45,2025-09-18,151.19,17.35,P2:57:P3:43
Z-45,2025-09-19,158.94,17.25,P2:57:P3:43
Z-45,2025-09-20,155.48,17.75,P2:57:P3:43
Z-45,2025-09-21,160.68,17.43,P2:57:P3:43
Z-45,2025-09-22,152.9,16.71,P2:57:P3:43
Z-45,2025-09-23,154.73,17.18,P2:57:P3:43
Z-45,2025-09-24,159.35,17.59,P2:57:P3:43
Z-45,2025-09-25,160.86,17.18,P2:57:P3:43
Z-45,2025-09-26,154.84,17.32,P2:57:P3:43
Z-45,2025-09-27,153.7,17.59,P2:57:P3:43
Z-45,2025-09-28,164.56,17.11,P2:57:P3:43
Z-45,2025-09-29,143.76,17.1,P2:57:P3:43
Z-45,2025-09-30,149.83,17.88,P2:57:P3:43
Z-45,2025-10-01,150.2,17.29,P2:57:P3:43
Z-45,2025-10-02,146.98,17.43,P2:57:P3:43
Z-45,2025-10-03,156.63,17.41,P2:57:P3:43
Z-45,2025-10-04,150.76,16.89,P2:57:P3:43
Z-45,2025-10-05,151.79,17.51,P2:57:P3:43
Z-45,2025-10-06,158.03,17.37,P2:57:P3:43
Z-45,2025-10-07,153.26,17.24,P2:57:P3:43
Z-45,2025-10-08,154.47,17.44,P2:57:P3:43
Z-45,2025-10-09,157.4,17.05,P2:57:P3:43
Z-45,2025-10-10,166.26,17.68,P2:57:P3:43
Z-45,2025-10-11,161.63,17.1,P2:57:P3:43
Z-45,2025-10-12,150.54,17.49,P2:57:P3:43
Z-45,2025-10-13,157.54,17.1,P2:57:P3:43
Z-45,2025-10-14,154.6,17.75,P2:57:P3:43
Z-45,2025-10-15,157.77,16.92,P2:57:P3:43
Z-45,2025-10-16,164.17,17.47,P2:57:P3:43
Z-45,2025-10-17,154.43,17.6,P2:57:P3:43
Z-45,2025-10-18,154.8,17.45,P2:57:P3:43
Z-45,2025-10-19,160.43,17.15,P2:57:P3:43
Z-45,2025-10-20,155.03,17.32,P2:57:P3:43
Z-45,2025-10-21,154.42,16.92,P2:57:P3:43
Z-45,2025-10-22,159.84,17.8,P2:57:P3:43
Z-45,2025-10-23,151.76,17.24,P2:57:P3:43
Z-45,2025-10-24,157.97,17.29,P2:57:P3:43
Z-45,2025-10-25,163.25,17.12,P2:57:P3:43
Z-45,2025-10-26,162.55,17.14,P2:57:P3:43
Z-45,2025-10-27,159.73,17.03,P2:57:P3:43
Z-45,2025-10-28,159.38,17.25,P2:57:P3:43
Z-45,2025-10-29,159.86,17.5,P2:57:P3:43
Z-45,2025-10-30,165.58,17.22,P2:57:P3:43
Z-45,2025-10-31,149.7,17.51,P2:57:P3:43
Z-45,2025-11-01,154.0,17.35,P2:57:P3:43
Z-45,2025-11-02,0.0,0.0,P2:57:P3:43
Z-45,2025-11-03,159.98,17.69,P2:57:P3:43
Z-45,2025-11-04,157.82,17.38,P2:57:P3:43
Z-45,2025-11-05,152.38,17.55,P2:57:P3:43
Z-45,2025-11-06,159.38,17.19,P2:57:P3:43
Z-45,2025-11-07,155.76,17.68,P2:57:P3:43
Z-45,2025-11-08,167.44,17.2,P2:57:P3:43
Z-45,2025-11-09,159.97,17.27,P2:57:P3:43
Z-45,2025-11-10,168.14,17.54,P2:57:P3:43
Z-45,2025-11-11,155.55,17.6,P2:57:P3:43
Z-45,2025-11-12,151.52,17.82,P2:57:P3:43
Z-45,2025-11-13,153.03,17.37,P2:57:P3:43
Z-45,2025-11-14,174.82,17.56,P2:57:P3:43
Z-45,2025-11-15,158.83,17.42,P2:57:P3:43
Z-45,2025-11-16,160.33,17.51,P2:57:P3:43
Z-45,2025-11-17,161.62,17.37,P2:57:P3:43
Z-45,2025-11-18,152.32,17.35,P2:57:P3:43
Z-45,2025-11-19,152.11,16.96,P2:57:P3:43
Z-45,2025-11-20,165.37,17.53,P2:57:P3:43
Z-45,2025-11-21,150.07,16.76,P2:57:P3:43
Z-45,2025-11-22,163.38,17.2,P2:57:P3:43
Z-45,2025-11-23,165.08,17.42,P2:57:P3:43
Z-45,2025-11-24,157.74,17.75,P2:57:P3:43
Z-45,2025-11-25,158.72,17.42,P2:57:P3:43
Z-45,2025-11-26,161.67,17.2,P2:57:P3:43
Z-45,2025-11-27,161.66,16.8,P2:57:P3:43
Z-45,2025-11-28,155.21,17.72,P2:57:P3:43
Z-45,2025-11-29,144.72,17.57,P2:57:P3:43
Z-45,2025-11-30,164.7,17.8,P2:57:P3:43
Z-45,2025-12-01,163.16,17.04,P2:57:P3:43
Z-45,2025-12-02,150.02,17.59,P2:57:P3:43
Z-45,2025-12-03,154.32,16.96,P2:57:P3:43
Z-45,2025-12-04,163.99,16.62,P2:57:P3:43
Z-45,2025-12-05,159.2,17.15,P2:57:P3:43
Z-45,2025-12-06,155.08,17.14,P2:57:P3:43
Z-45,2025-12-07,145.51,17.63,P2:57:P3:43
Z-45,2025-12-08,161.7,17.28,P2:57:P3:43
Z-45,2025-12-09,164.26,17.56,P2:57:P3:43
Z-45,2025-12-10,151.93,17.55,P2:57:P3:43
Z-45,2025-12-11,159.08,17.75,P2:57:P3:43
Z-45,2025-12-12,149.96,17.31,P2:57:P3:43
Z-45,2025-12-13,150.17,17.42,P2:57:P3:43
Z-45,2025-12-14,137.34,17.57,P2:57:P3:43
Z-45,2025-12-15,148.99,17.55,P2:57:P3:43
Z-45,2025-12-16,159.42,17.02,P2:57:P3:43
Z-45,2025-12-17,155.72,17.44,P2:57:P3:43
Z-45,2025-12-18,170.05,17.11,P2:57:P3:43
Z-45,2025-12-19,150.9,17.48,P2:57:P3:43
Z-45,2025-12-20,154.1,17.52,P2:57:P3:43
Z-45,2025-12-21,158.69,17.51,P2:57:P3:43
Z-45,2025-12-22,158.98,17.8,P2:57:P3:43
Z-45,2025-12-23,158.53,17.38,P2:57:P3:43
Z-45,2025-12-24,159.2,17.13,P2:57:P3:43
Z-45,2025-12-25,163.93,17.36,P2:57:P3:43
Z-45,2025-12-26,156.63,16.79,P2:57:P3:43
Z-45,2025-12-27,154.14,16.92,P2:57:P3:43
Z-45,2025-12-28,149.2,17.6,P2:57:P3:43
Z-45,2025-12-29,160.57,17.34,P2:57:P3:43
Z-45,2025-12-30,146.8,17.61,P2:57:P3:43
Z-45,2025-12-31,152.75,17.06,P2:57:P3:43
Z-45,2026-01-01,0.0,0.0,P2:57:P3:43
Z-45,2026-01-02,145.5,17.38,P2:57:P3:43
Z-45,2026-01-03,161.34,17.55,P2:57:P3:43
Z-45,2026-01-04,160.14,17.78,P2:57:P3:43
Z-45,2026-01-05,174.91,16.8,P2:57:P3:43
Z-45,2026-01-06,156.38,16.81,P2:57:P3:43
Z-45,2026-01-07,150.89,17.25,P2:57:P3:43
Z-45,2026-01-08,151.11,17.24,P2:57:P3:43
Z-45,2026-01-09,153.25,17.41,P2:57:P3:43
Z-45,2026-01-10,159.14,17.45,P2:57:P3:43
Z-45,2026-01-11,173.91,17.5,P2:57:P3:43
Z-45,2026-01-12,161.95,17.43,P2:57:P3:43
Z-45,2026-01-13,151.11,17.21,P2:57:P3:43
Z-45,2026-01-14,157.0,17.1,P2:57:P3:43
Z-45,2026-01-15,161.33,17.17,P2:57:P3:43
Z-45,2026-01-16,162.17,17.19,P2:57:P3:43
Z-45,2026-01-17,155.67,17.2,P2:57:P3:43
Z-45,2026-01-18,165.56,17.3,P2:57:P3:43
Z-45,2026-01-19,156.45,17.24,P2:57:P3:43
Z-45,2026-01-20,157.63,17.3,P2:57:P3:43
Z-45,2026-01-21,160.96,16.84,P2:57:P3:43
Z-45,2026-01-22,146.22,17.6,P2:57:P3:43
Z-45,2026-01-23,164.11,17.28,P2:57:P3:43
Z-45,2026-01-24,159.83,17.46,P2:57:P3:43
Z-45,2026-01-25,160.12,17.47,P2:57:P3:43
Z-45,2026-01-26,154.41,17.43,P2:57:P3:43
Z-45,2026-01-27,155.15,17.53,P2:57:P3:43
Z-45,2026-01-28,158.04,17.35,P2:57:P3:43
Z-45,2026-01-29,160.96,16.54,P2:57:P3:43
Z-45,2026-01-30,160.98,17.55,P2:57:P3:43
Z-45,2026-01-31,155.39,17.86,P2:57:P3:43
Z-45,2026-02-01,156.21,17.34,P2:57:P3:43
Z-45,2026-02-02,156.88,17.78,P2:57:P3:43
Z-45,2026-02-03,155.52,17.03,P2:57:P3:43
Z-45,2026-02-04,155.39,17.79,P2:57:P3:43
Z-45,2026-02-05,166.53,17.42,P2:57:P3:43
Z-45,2026-02-06,154.74,16.96,P2:57:P3:43
Z-45,2026-02-07,160.23,17.31,P2:57:P3:43
Z-45,2026-02-08,152.22,17.07,P2:57:P3:43
Z-45,2026-02-09,159.15,17.14,P2:57:P3:43
Z-45,2026-02-10,165.58,17.24,P2:57:P3:43
Z-45,2026-02-11,157.3,17.75,P2:57:P3:43
Z-45,2026-02-12,148.24,16.91,P2:57:P3:43
Z-45,2026-02-13,159.24,17.66,P2:57:P3:43
Z-45,2026-02-14,153.19,17.76,P2:57:P3:43
Z-45,2026-02-15,147.29,17.99,P2:57:P3:43
Z-45,2026-02-16,154.04,17.37,P2:57:P3:43
Z-45,2026-02-17,0.0,0.0,P2:57:P3:43
Z-45,2026-02-18,147.66,16.89,P2:57:P3:43
Z-45,2026-02-19,155.63,17.45,P2:57:P3:43
Z-45,2026-02-20,159.05,17.61,P2:57:P3:43
Z-45,2026-02-21,160.43,17.08,P2:57:P3:43
Z-45,2026-02-22,152.41,17.88,P2:57:P3:43
Z-45,2026-02-23,148.08,17.47,P2:57:P3:43
Z-45,2026-02-24,144.58,17.71,P2:57:P3:43
Z-45,2026-02-25,154.93,17.34,P2:57:P3:43
Z-45,2026-02-26,158.19,17.01,P2:57:P3:43
Z-45,2026-02-27,161.73,17.54,P2:57:P3:43
Z-45,2026-02-28,155.36,17.6,P2:57:P3:43
Z-45,2026-03-01,156.78,17.06,P2:57:P3:43
Z-45,2026-03-02,154.3,17.1,P2:57:P3:43
Z-45,2026-03-03,171.32,17.61,P2:57:P3:43
Z-45,2026-03-04,164.1,16.91,P2:57:P3:43
Z-45,2026-03-05,163.62,16.91,P2:57:P3:43
Z-45,2026-03-06,160.22,17.83,P2:57:P3:43
Z-45,2026-03-07,137.42,17.42,P2:57:P3:43
Z-45,2026-03-08,153.21,16.79,P2:57:P3:43
Z-45,2026-03-09,158.52,17.35,P2:57:P3:43
Z-45,2026-03-10,162.47,17.27,P2:57:P3:43
Z-45,2026-03-11,162.67,17.11,P2:57:P3:43
Z-45,2026-03-12,146.44,17.35,P2:57:P3:43
Z-45,2026-03-13,153.88,17.54,P2:57:P3:43
Z-45,2026-03-14,159.36,17.32,P2:57:P3:43
Z-45,2026-03-15,154.5,17.27,P2:57:P3:43
Z-45,2026-03-16,168.8,17.28,P2:57:P3:43
Z-45,2026-03-17,151.88,17.26,P2:57:P3:43
Z-45,2026-03-18,156.85,16.95,P2:57:P3:43
Z-45,2026-03-19,153.29,17.06,P2:57:P3:43
Z-45,2026-03-20,156.81,17.38,P2:57:P3:43
Z-45,2026-03-21,151.81,17.12,P2:57:P3:43
Z-45,2026-03-22,160.11,17.56,P2:57:P3:43
Z-45,2026-03-23,166.51,17.58,P2:57:P3:43
Z-45,2026-03-24,141.88,17.38,P2:57:P3:43
Z-45,2026-03-25,164.52,17.42,P2:57:P3:43
Z-45,2026-03-26,161.85,17.39,P2:57:P3:43
Z-45,2026-03-27,158.4,17.46,P2:57:P3:43
Z-45,2026-03-28,150.1,17.61,P2:57:P3:43
Z-45,2026-03-29,177.03,17.06,P2:57:P3:43
Z-45,2026-03-30,157.09,17.53,P2:57:P3:43
Z-45,2026-03-31,150.77,17.09,P2:57:P3:43
Z-45,2026-04-01,145.55,17.47,P2:57:P3:43
Z-45,2026-04-02,158.47,17.65,P2:57:P3:43
Z-45,2026-04-03,145.61,17.37,P2:57:P3:43
Z-45,2026-04-04,147.73,17.87,P2:57:P3:43
Z-45,2026-04-05,157.33,17.79,P2:57:P3:43
Z-45,2026-04-06,0.0,0.0,P2:57:P3:43
Z-45,2026-04-07,152.23,16.93,P2:57:P3:43
Z-45,2026-04-08,144.3,17.75,P2:57:P3:43
Z-45,2026-04-09,141.43,17.71,P2:57:P3:43
Z-45,2026-04-10,159.42,17.14,P2:57:P3:43
Z-45,2026-04-11,153.08,17.31,P2:57:P3:43
Z-45,2026-04-12,158.49,17.82,P2:57:P3:43
Z-45,2026-04-13,159.76,17.09,P2:57:P3:43
Z-45,2026-04-14,159.66,17.35,P2:57:P3:43
Z-45,2026-04-15,164.59,17.31,P2:57:P3:43
Z-45,2026-04-16,162.61,16.86,P2:57:P3:43
Z-45,2026-04-17,157.75,17.66,P2:57:P3:43
Z-45,2026-04-18,148.19,17.7,P2:57:P3:43
Z-45,2026-04-19,155.15,17.67,P2:57:P3:43
Z-45,2026-04-20,152.07,17.57,P2:57:P3:43
Z-45,2026-04-21,166.95,17.53,P2:57:P3:43
Z-45,2026-04-22,147.96,16.87,P2:57:P3:43
Z-45,2026-04-23,154.59,17.72,P2:57:P3:43
Z-45,2026-04-24,152.32,17.4,P2:57:P3:43
Z-45,2026-04-25,152.29,17.85,P2:57:P3:43
Z-45,2026-04-26,150.77,17.41,P2:57:P3:43
Z-45,2026-04-27,170.89,17.09,P2:57:P3:43
Z-45,2026-04-28,162.39,17.27,P2:57:P3:43
Z-45,2026-04-29,164.73,16.85,P2:57:P3:43
Z-45,2026-04-30,161.42,17.3,P2:57:P3:43
Z-45,2026-05-01,151.36,17.22,P2:57:P3:43
Z-45,2026-05-02,156.19,17.64,P2:57:P3:43
Z-45,2026-05-03,160.82,17.78,P2:57:P3:43
Z-45,2026-05-04,160.41,17.4,P2:57:P3:43
Z-45,2026-05-05,163.22,17.72,P2:57:P3:43
Z-45,2026-05-06,156.64,17.67,P2:57:P3:43
Z-45,2026-05-07,150.58,17.41,P2:57:P3:43
Z-45,2026-05-08,150.22,17.43,P2:57:P3:43
Z-45,2026-05-09,155.18,17.32,P2:57:P3:43
Z-45,2026-05-10,157.13,17.9,P2:57:P3:43
Z-45,2026-05-11,161.85,17.55,P2:57:P3:43
Z-45,2026-05-12,168.94,17.43,P2:57:P3:43
Z-45,2026-05-13,158.96,17.62,P2:57:P3:43
Z-45,2026-05-14,150.08,17.1,P2:57:P3:43
Z-45,2026-05-15,165.8,17.15,P2:57:P3:43
Z-45,2026-05-16,154.4,17.51,P2:57:P3:43
Z-45,2026-05-17,159.81,16.59,P2:57:P3:43
Z-45,2026-05-18,0.0,0.0,P2:57:P3:43
Z-45,2026-05-19,153.43,17.05,P2:57:P3:43
Z-45,2026-05-20,144.97,17.33,P2:57:P3:43
Z-45,2026-05-21,157.2,16.86,P2:57:P3:43
Z-45,2026-05-22,155.12,17.28,P2:57:P3:43
Z-45,2026-05-23,148.22,17.46,P2:57:P3:43
Z-45,2026-05-24,150.73,17.18,P2:57:P3:43
Z-45,2026-05-25,150.32,17.44,P2:57:P3:43
Z-45,2026-05-26,159.31,17.83,P2:57:P3:43
Z-45,2026-05-27,160.35,17.74,P2:57:P3:43
Z-45,2026-05-28,153.47,17.72,P2:57:P3:43
Z-45,2026-05-29,146.6,16.94,P2:57:P3:43
Z-45,2026-05-30,160.4,17.37,P2:57:P3:43
Z-45,2026-05-31,152.85,17.37,P2:57:P3:43
Z-45,2026-06-01,141.17,17.59,P2:57:P3:43
Z-45,2026-06-02,162.34,17.13,P2:57:P3:43
Z-45,2026-06-03,156.38,17.19,P2:57:P3:43
Z-45,2026-06-04,157.2,17.5,P2:57:P3:43
Z-45,2026-06-05,153.82,17.76,P2:57:P3:43
Z-45,2026-06-06,155.7,16.62,P2:57:P3:43
Z-45,2026-06-07,162.32,17.33,P2:57:P3:43
Z-45,2026-06-08,163.4,17.5,P2:57:P3:43
Z-45,2026-06-09,144.89,17.73,P2:57:P3:43
Z-45,2026-06-10,147.49,17.29,P2:57:P3:43
Z-45,2026-06-11,152.22,17.7,P2:57:P3:43
Z-45,2026-06-12,154.7,17.38,P2:57:P3:43
Z-45,2026-06-13,164.24,17.0,P2:57:P3:43
Z-45,2026-06-14,161.92,16.94,P2:57:P3:43
Z-45,2026-06-15,153.21,17.59,P2:57:P3:43
Z-45,2026-06-16,154.24,17.32,P2:57:P3:43
Z-45,2026-06-17,147.03,17.05,P2:57:P3:43
Z-45,2026-06-18,153.32,17.27,P2:57:P3:43
Z-45,2026-06-19,146.71,17.59,P2:57:P3:43
Z-45,2026-06-20,153.25,17.57,P2:57:P3:43
Z-45,2026-06-21,153.23,17.08,P2:57:P3:43
Z-45,2026-06-22,157.69,17.82,P2:57:P3:43
Z-45,2026-06-23,154.35,17.24,P2:57:P3:43
Z-45,2026-06-24,148.18,16.79,P2:57:P3:43
Z-45,2026-06-25,161.09,16.91,P2:57:P3:43
Z-45,2026-06-26,154.56,17.68,P2:57:P3:43
Z-45,2026-06-27,150.77,17.04,P2:57:P3:43
Z-45,2026-06-28,161.86,17.41,P2:57:P3:43
Z-45,2026-06-29,153.57,17.83,P2:57:P3:43
Z-45,2026-06-30,151.75,17.56,P2:57:P3:43
Z-45,2026-07-01,156.9,17.69,P2:57:P3:43
Z-45,2026-07-02,151.12,17.17,P2:57:P3:43
Z-45,2026-07-03,158.73,17.57,P2:57:P3:43
Z-45,2026-07-04,151.22,17.41,P2:57:P3:43
Z-45,2026-07-05,144.61,17.4,P2:57:P3:43
Z-45,2026-07-06,160.41,17.23,P2:57:P3:43
Z-45,2026-07-07,160.72,17.27,P2:57:P3:43
Z-45,2026-07-08,162.2,16.88,P2:57:P3:43
Z-45,2026-07-09,147.38,17.47,P2:57:P3:43
Z-45,2026-07-10,0.0,0.0,P2:57:P3:43
Z-45,2026-07-11,157.14,17.31,P2:57:P3:43
Z-45,2026-07-12,157.08,17.32,P2:57:P3:43
Z-45,2026-07-13,151.61,16.61,P2:57:P3:43
Z-45,2026-07-14,161.28,17.14,P2:57:P3:43
Z-45,2026-07-15,160.31,17.45,P2:57:P3:43
Z-45,2026-07-16,153.07,17.53,P2:57:P3:43
Z-45,2026-07-17,152.11,17.27,P2:57:P3:43
Z-45,2026-07-18,165.82,17.19,P2:57:P3:43
Z-45,2026-07-19,145.73,16.9,P2:57:P3:43
Z-45,2026-07-20,168.3,17.07,P2:57:P3:43
Z-45,2026-07-21,159.68,17.25,P2:57:P3:43
Z-45,2026-07-22,153.84,17.62,P2:57:P3:43
Z-45,2026-07-23,148.29,17.39,P2:57:P3:43
Z-45,2026-07-24,158.75,17.74,P2:57:P3:43
Z-45,2026-07-25,160.75,17.37,P2:57:P3:43
Z-45,2026-07-26,152.7,17.34,P2:57:P3:43
Z-45,2026-07-27,150.41,17.74,P2:57:P3:43
Z-45,2026-07-28,157.35,17.06,P2:57:P3:43
Z-45,2026-07-29,156.83,16.97,P2:57:P3:43
Z-45,2026-07-30,152.46,18.06,P2:57:P3:43
Z-45,2026-07-31,163.12,17.23,P2:57:P3:43
Z-45,2026-08-01,149.14,17.59,P2:57:P3:43
Z-45,2026-08-02,171.5,17.48,P2:57:P3:43
Z-45,2026-08-03,147.46,17.42,P2:57:P3:43
Z-45,2026-08-04,165.19,17.24,P2:57:P3:43
Z-45,2026-08-05,156.54,17.28,P2:57:P3:43
Z-45,2026-08-06,155.24,17.37,P2:57:P3:43
Z-45,2026-08-07,0.0,0.0,P2:57:P3:43
Z-45,2026-08-08,151.27,17.09,P2:57:P3:43
Z-45,2026-08-09,159.53,17.46,P2:57:P3:43
Z-45,2026-08-10,163.43,17.7,P2:57:P3:43
Z-45,2026-08-11,157.6,17.7,P2:57:P3:43
Z-45,2026-08-12,142.82,17.36,P2:57:P3:43
Z-45,2026-08-13,154.97,17.44,P2:57:P3:43
Z-45,2026-08-14,158.85,17.15,P2:57:P3:43
Z-45,2026-08-15,153.88,16.92,P2:57:P3:43
Z-45,2026-08-16,162.03,17.07,P2:57:P3:43
Z-45,2026-08-17,165.72,17.65,P2:57:P3:43
Z-45,2026-08-18,148.46,17.4,P2:57:P3:43
Z-45,2026-08-19,150.76,17.37,P2:57:P3:43
Z-45,2026-08-20,149.72,17.55,P2:57:P3:43
Z-45,2026-08-21,149.95,17.42,P2:57:P3:43
Z-45,2026-08-22,155.37,17.49,P2:57:P3:43
Z-45,2026-08-23,158.31,17.53,P2:57:P3:43
Z-45,2026-08-24,145.95,17.55,P2:57:P3:43
Z-45,2026-08-25,159.31,16.84,P2:57:P3:43
Z-45,2026-08-26,156.81,17.08,P2:57:P3:43
Z-45,2026-08-27,157.61,17.45,P2:57:P3:43
Z-45,2026-08-28,154.4,17.75,P2:57:P3:43
Z-45,2026-08-29,152.71,17.06,P2:57:P3:43
Z-45,2026-08-30,166.1,17.84,P2:57:P3:43
Z-45,2026-08-31,157.59,16.97,P2:57:P3:43
